X,Y,Index_,ACCNUM,YEAR,DATE,TIME,Hour,STREET1,STREET2,OFFSET,ROAD_CLASS,District,LATITUDE,LONGITUDE,LOCCOORD,ACCLOC,TRAFFCTL,VISIBILITY,LIGHT,RDSFCOND,ACCLASS,IMPACTYPE,INVTYPE,INVAGE,INJURY,FATAL_NO,INITDIR,VEHTYPE,MANOEUVER,DRIVACT,DRIVCOND,PEDTYPE,PEDACT,PEDCOND,CYCLISTYPE,CYCACT,CYCCOND,PEDESTRIAN,CYCLIST,AUTOMOBILE,MOTORCYCLE,TRUCK,TRSN_CITY_,EMERG_VEH,PASSENGER,SPEEDING,AG_DRIV,REDLIGHT,ALCOHOL,DISABILITY,Division,Ward_Name,Ward_ID,Hood_ID,Hood_Name,ObjectId
-79.57379,43.697945,7833783,1362811,2013,2013-06-20T04:00:00.000Z,1316,13,MARTIN GROVE RD,409 E MARTIN GROVE RAMP, ,Expressway,Etobicoke York,43.697945,-79.57379,Intersection,At Intersection,Traffic Signal,Clear,Daylight,Dry,Non-Fatal Injury,Cyclist Collisions,Vehicle Owner,unknown, ,0, ,Other, , , , , , , , , , ,Yes,Yes, , , , , , , , , , ,23,,,1,,114
-79.57379,43.697945,7833784,1362811,2013,2013-06-20T04:00:00.000Z,1316,13,MARTIN GROVE RD,409 E MARTIN GROVE RAMP, ,Expressway,Etobicoke York,43.697945,-79.57379,Intersection,At Intersection,Traffic Signal,Clear,Daylight,Dry,Non-Fatal Injury,Cyclist Collisions,Driver,50 to 54,None,0,East,"Automobile, Station Wagon",Turning Right,Driving Properly,Normal, , , , , , , ,Yes,Yes, , , , , , , , , , ,23,,,1,,115
-79.57379,43.697945,7833785,1362811,2013,2013-06-20T04:00:00.000Z,1316,13,MARTIN GROVE RD,409 E MARTIN GROVE RAMP, ,Expressway,Etobicoke York,43.697945,-79.57379,Intersection,At Intersection,Traffic Signal,Clear,Daylight,Dry,Non-Fatal Injury,Cyclist Collisions,Cyclist,55 to 59,Major,0,North,Bicycle,Going Ahead, , , , , ,"Cyclist without ROW rides into path of motorist at inter, lnwy, dwy-Cyclist not turn.",Disobeyed Traffic Control,Normal, ,Yes,Yes, , , , , , , , , , ,23,,,1,,116
-79.395664,43.672473,6163959,1178114,2010,2010-05-18T04:00:00.000Z,1318,13,AVENUE RD,ELGIN AVE, ,Major Arterial,Toronto and East York,43.672473,-79.395664,Intersection, ,No Control,Clear,Daylight,Dry,Non-Fatal Injury,Cyclist Collisions,Driver,50 to 54,None,0,South,"Automobile, Station Wagon",Parked,Other,Inattentive, , , , , , , ,Yes,Yes, , ,Yes, , , , , , , ,53,,,95,,117
-79.395664,43.672473,6163960,1178114,2010,2010-05-18T04:00:00.000Z,1318,13,AVENUE RD,ELGIN AVE, ,Major Arterial,Toronto and East York,43.672473,-79.395664,Intersection, ,No Control,Clear,Daylight,Dry,Non-Fatal Injury,Cyclist Collisions,Vehicle Owner,unknown, ,0, ,Other, , , , , , , , , , ,Yes,Yes, , ,Yes, , , , , , , ,53,,,95,,118
-79.395664,43.672473,6163961,1178114,2010,2010-05-18T04:00:00.000Z,1318,13,AVENUE RD,ELGIN AVE, ,Major Arterial,Toronto and East York,43.672473,-79.395664,Intersection, ,No Control,Clear,Daylight,Dry,Non-Fatal Injury,Cyclist Collisions,Driver,50 to 54,None,0,South,Municipal Transit Bus (TTC),Going Ahead,Driving Properly,Normal, , , , , , , ,Yes,Yes, , ,Yes, , , , , , , ,53,,,95,,119
-79.395664,43.672473,6163962,1178114,2010,2010-05-18T04:00:00.000Z,1318,13,AVENUE RD,ELGIN AVE, ,Major Arterial,Toronto and East York,43.672473,-79.395664,Intersection, ,No Control,Clear,Daylight,Dry,Non-Fatal Injury,Cyclist Collisions,Cyclist,15 to 19,Major,0,South,Bicycle,Overtaking, , , , , ,Cyclist struck opened vehicle door,Driving Properly,Normal, ,Yes,Yes, , ,Yes, , , , , , , ,53,,,95,,120
-79.485736,43.648303,80248167,5001433281,2015,2015-08-20T04:00:00.000Z,1318,13,SOUTH KINGSWAY,BLOOR ST W, ,Major Arterial,Toronto and East York,43.648303,-79.485736,Intersection,At Intersection,Traffic Signal,Rain,Daylight,Wet,Non-Fatal Injury,Cyclist Collisions,Cyclist,20 to 24,Major,0,East,Bicycle,Going Ahead, , , , , ,"Cyclist without ROW rides into path of motorist at inter, lnwy, dwy-Cyclist not turn.",Disobeyed Traffic Control,Normal, ,Yes,Yes, , , , ,Yes, , , , , ,11,,,87,,121
-79.485736,43.648303,80248168,5001433281,2015,2015-08-20T04:00:00.000Z,1318,13,SOUTH KINGSWAY,BLOOR ST W, ,Major Arterial,Toronto and East York,43.648303,-79.485736,Intersection,At Intersection,Traffic Signal,Rain,Daylight,Wet,Non-Fatal Injury,Cyclist Collisions,Driver,65 to 69,None,0,West,"Automobile, Station Wagon",Turning Left,Driving Properly,Normal, , , , , , , ,Yes,Yes, , , , ,Yes, , , , , ,11,,,87,,122
-79.485736,43.648303,80248169,5001433281,2015,2015-08-20T04:00:00.000Z,1318,13,SOUTH KINGSWAY,BLOOR ST W, ,Major Arterial,Toronto and East York,43.648303,-79.485736,Intersection,At Intersection,Traffic Signal,Rain,Daylight,Wet,Non-Fatal Injury,Cyclist Collisions,Passenger,55 to 59,None,0, , , , , , , , , , , , ,Yes,Yes, , , , ,Yes, , , , , ,11,,,87,,123
-79.54669,43.667645,7415617,1294470,2012,2012-05-15T04:00:00.000Z,1320,13,KIPLING AVE,PRINCE GEORGE DR, ,Major Arterial,Etobicoke York,43.667645,-79.54669,Intersection, ,Stop Sign,Clear,Daylight,Dry,Non-Fatal Injury,Cyclist Collisions,Driver,60 to 64,None,0,East,"Automobile, Station Wagon",Turning Right,Failed to Yield Right of Way,Inattentive, , , , , , , ,Yes,Yes, , , , , , ,Yes, , , ,22,,,10,,124
-79.54669,43.667645,7415618,1294470,2012,2012-05-15T04:00:00.000Z,1320,13,KIPLING AVE,PRINCE GEORGE DR, ,Major Arterial,Etobicoke York,43.667645,-79.54669,Intersection, ,Stop Sign,Clear,Daylight,Dry,Non-Fatal Injury,Cyclist Collisions,Cyclist,50 to 54,Major,0,North,Bicycle,Going Ahead, , , , , ,"Motorist turns right at non-signal Inter.(stop, yield, no cont.,and dwy) and strikes cyclist.",Driving Properly,Inattentive, ,Yes,Yes, , , , , , ,Yes, , , ,22,,,10,,125
-79.42189,43.654544,7645364,1330074,2012,2012-11-05T05:00:00.000Z,1320,13,810 COLLEGE ST, , ,Major Arterial,Toronto and East York,43.654544,-79.42189,Mid-Block, ,No Control,Clear,Daylight,Dry,Non-Fatal Injury,Cyclist Collisions,Driver,55 to 59,None,0,West,"Automobile, Station Wagon",Parked,Other,Normal, , , , , , , ,Yes,Yes, , , , , , , , , , ,14,,,81,,126
-79.42189,43.654544,7645365,1330074,2012,2012-11-05T05:00:00.000Z,1320,13,810 COLLEGE ST, , ,Major Arterial,Toronto and East York,43.654544,-79.42189,Mid-Block, ,No Control,Clear,Daylight,Dry,Non-Fatal Injury,Cyclist Collisions,Cyclist,20 to 24,Major,0,West,Bicycle,Going Ahead, , , , , ,Cyclist struck opened vehicle door,Driving Properly,Normal, ,Yes,Yes, , , , , , , , , , ,14,,,81,,127
-79.411693,43.711745,7529283,1324964,2012,2012-09-28T04:00:00.000Z,1322,13,AVENUE RD,HILLHURST BLVD, ,Major Arterial,North York,43.711745,-79.411693,Mid-Block, ,No Control,Clear,Daylight,Dry,Non-Fatal Injury,Rear End,Vehicle Owner,unknown, ,0, , , , , , , , , , , , ,Yes,Yes, , , , , , ,Yes, , , ,53,,,103,,128
-79.411693,43.711745,7529284,1324964,2012,2012-09-28T04:00:00.000Z,1322,13,AVENUE RD,HILLHURST BLVD, ,Major Arterial,North York,43.711745,-79.411693,Mid-Block, ,No Control,Clear,Daylight,Dry,Non-Fatal Injury,Rear End,Driver,20 to 24,None,0,North,"Automobile, Station Wagon",Going Ahead,Improper Passing,Normal, , , , , , , ,Yes,Yes, , , , , , ,Yes, , , ,53,,,103,,129
-79.411693,43.711745,7529285,1324964,2012,2012-09-28T04:00:00.000Z,1322,13,AVENUE RD,HILLHURST BLVD, ,Major Arterial,North York,43.711745,-79.411693,Mid-Block, ,No Control,Clear,Daylight,Dry,Non-Fatal Injury,Rear End,Moped Driver,25 to 29,Major,0,North,Moped,Going Ahead, , , , , , , , , ,Yes,Yes, , , , , , ,Yes, , , ,53,,,103,,130
-79.420261,43.654898,80175681,4003007939,2014,2014-09-29T04:00:00.000Z,1325,13,COLLEGE ST,SHAW ST, ,Major Arterial,Toronto and East York,43.654898,-79.420261,Intersection,Non Intersection,Pedestrian Crossover,Clear,Daylight,Dry,Non-Fatal Injury,Cyclist Collisions,Driver,35 to 39,None,0,South,"Automobile, Station Wagon",Going Ahead,Failed to Yield Right of Way,Normal, , , , , , , ,Yes,Yes, , , , ,Yes, ,Yes, , , ,14,,,81,,131
-79.420261,43.654898,80175682,4003007939,2014,2014-09-29T04:00:00.000Z,1325,13,COLLEGE ST,SHAW ST, ,Major Arterial,Toronto and East York,43.654898,-79.420261,Intersection,Non Intersection,Pedestrian Crossover,Clear,Daylight,Dry,Non-Fatal Injury,Cyclist Collisions,Cyclist,25 to 29,Major,0,East,Bicycle,Going Ahead, , , , , ,"Motorist without ROW drives into path of cyclist at inter, lnwy, dwy-Driver not turn.",Failed to Yield Right of Way,Fatigue, ,Yes,Yes, , , , ,Yes, ,Yes, , , ,14,,,81,,132
-79.420261,43.654898,80175683,4003007939,2014,2014-09-29T04:00:00.000Z,1325,13,COLLEGE ST,SHAW ST, ,Major Arterial,Toronto and East York,43.654898,-79.420261,Intersection,Non Intersection,Pedestrian Crossover,Clear,Daylight,Dry,Non-Fatal Injury,Cyclist Collisions,Passenger,20 to 24,Minimal,0, , , , , , , , , , , , ,Yes,Yes, , , , ,Yes, ,Yes, , , ,14,,,81,,133
-79.318042,43.669894,80242504,5001063670,2015,2015-06-24T04:00:00.000Z,1325,13,COXWELL AVE,ROBBINS AVE,5 m South of,Minor Arterial,Toronto and East York,43.669894,-79.318042,Intersection,Non Intersection,No Control,Clear,Daylight,Dry,Non-Fatal Injury,Cyclist Collisions,Cyclist,25 to 29,Major,0,South,Bicycle,Going Ahead, , , , , ,Cyclist falls off bike - no contact with motorist.,Driving Properly,Normal, ,Yes, , , , , , , , , , , ,55,,,64,,134
-79.434764,43.658335,80512231,6000731601,2016,2016-04-29T04:00:00.000Z,1325,13,DUFFERIN ST,CROATIA ST, ,Major Arterial,Toronto and East York,43.658335,-79.434764,Intersection,At Intersection,Stop Sign,Clear,Daylight,Dry,Non-Fatal Injury,Cyclist Collisions,Truck Driver,20 to 24,None,0,East,"Truck - Closed (Blazer, etc)",Turning Right,Other,Inattentive, , , , , , , ,Yes, , ,Yes, , , , , , , , ,"11,14",,,83,,135
-79.434764,43.658335,80512232,6000731601,2016,2016-04-29T04:00:00.000Z,1325,13,DUFFERIN ST,CROATIA ST, ,Major Arterial,Toronto and East York,43.658335,-79.434764,Intersection,At Intersection,Stop Sign,Clear,Daylight,Dry,Non-Fatal Injury,Cyclist Collisions,Cyclist,45 to 49,Major,0,North,Bicycle,Going Ahead, , , , , ,"Motorist turns right at non-signal Inter.(stop, yield, no cont.,and dwy) and strikes cyclist.",Other,Inattentive, ,Yes, , ,Yes, , , , , , , , ,"11,14",,,83,,136
-79.40639,43.690045,7401916,1288672,2012,2012-02-07T05:00:00.000Z,1327,13,LONSDALE RD,DUNVEGAN RD, ,Collector,Toronto and East York,43.690045,-79.40639,Intersection,At Intersection,Stop Sign,Clear,Daylight,Dry,Non-Fatal Injury,Cyclist Collisions,Driver,65 to 69,Major,0,West,"Automobile, Station Wagon",Going Ahead,Failed to Yield Right of Way,Normal, , , , , , , ,Yes,Yes, , , , , , ,Yes, , , ,53,,,96,,137
-79.40639,43.690045,7401917,1288672,2012,2012-02-07T05:00:00.000Z,1327,13,LONSDALE RD,DUNVEGAN RD, ,Collector,Toronto and East York,43.690045,-79.40639,Intersection,At Intersection,Stop Sign,Clear,Daylight,Dry,Non-Fatal Injury,Cyclist Collisions,Cyclist,35 to 39,Minimal,0,North,Bicycle,Going Ahead, , , , , ,"Motorist without ROW drives into path of cyclist at inter, lnwy, dwy-Driver not turn.",Driving Properly,Normal, ,Yes,Yes, , , , , , ,Yes, , , ,53,,,96,,138
-79.40989,43.645945,5339446,1029220,2008,2008-03-19T04:00:00.000Z,1332,13,QUEEN ST W,NIAGARA ST, ,Major Arterial,Toronto and East York,43.645945,-79.40989,Intersection,At Intersection,Traffic Signal,Clear,Daylight,Dry,Non-Fatal Injury,Cyclist Collisions,Driver,50 to 54,None,0,East,"Automobile, Station Wagon",Turning Right,Improper Turn,Normal, , , , , , , ,Yes,Yes, , , , , , , , , , ,14,,,82,,139
-79.40989,43.645945,5339447,1029220,2008,2008-03-19T04:00:00.000Z,1332,13,QUEEN ST W,NIAGARA ST, ,Major Arterial,Toronto and East York,43.645945,-79.40989,Intersection,At Intersection,Traffic Signal,Clear,Daylight,Dry,Non-Fatal Injury,Cyclist Collisions,Cyclist,35 to 39,Major,0,East,Bicycle,Turning Right, , , , , ,Motorist turning right on green or amber at signalized intersection strikes cyclist.,Driving Properly,Normal, ,Yes,Yes, , , , , , , , , , ,14,,,82,,140
-79.47879,43.657145,5408154,1059535,2008,2008-08-29T04:00:00.000Z,1333,13,RUNNYMEDE RD,GLENWOOD AVE, ,Minor Arterial,Toronto and East York,43.657145,-79.47879,Mid-Block,At Intersection,No Control,Clear,Daylight,Dry,Non-Fatal Injury,Cyclist Collisions,Driver,80 to 84,None,0,North,"Automobile, Station Wagon",Going Ahead,Failed to Yield Right of Way,Normal, , , , , , , ,Yes,Yes, , , , , , ,Yes, , , ,11,,,88,,141
-79.47879,43.657145,5408155,1059535,2008,2008-08-29T04:00:00.000Z,1333,13,RUNNYMEDE RD,GLENWOOD AVE, ,Minor Arterial,Toronto and East York,43.657145,-79.47879,Mid-Block,At Intersection,No Control,Clear,Daylight,Dry,Non-Fatal Injury,Cyclist Collisions,Cyclist,60 to 64,Major,0,North,Bicycle,Going Ahead, , , , , ,Cyclist and Driver travelling in same direction. One vehicle rear-ended the other.,Driving Properly,Normal, ,Yes,Yes, , , , , , ,Yes, , , ,11,,,88,,142
-79.38799,43.656545,6151294,1172452,2010,2010-04-29T04:00:00.000Z,1333,13,ELM ST,UNIVERSITY AVE, ,Collector,Toronto and East York,43.656545,-79.38799,Mid-Block,At Intersection,No Control,Clear,Daylight,Dry,Non-Fatal Injury,Cyclist Collisions,Driver,30 to 34,None,0,West,"Automobile, Station Wagon",Overtaking,Improper Passing,Inattentive, , , , , , , ,Yes,Yes, , , , , , ,Yes, , , ,52,,,76,,143
-79.38799,43.656545,6151295,1172452,2010,2010-04-29T04:00:00.000Z,1333,13,ELM ST,UNIVERSITY AVE, ,Collector,Toronto and East York,43.656545,-79.38799,Mid-Block,At Intersection,No Control,Clear,Daylight,Dry,Non-Fatal Injury,Cyclist Collisions,Cyclist,25 to 29,Major,0,West,Bicycle,Going Ahead, , , , , ,Cyclist and Driver travelling in same direction. One vehicle rear-ended the other.,Driving Properly,Normal, ,Yes,Yes, , , , , , ,Yes, , , ,52,,,76,,144
-79.46859,43.689845,6669114,1251014,2011,2011-08-06T04:00:00.000Z,1335,13,60 LACEY AVE,CAMERON Aven, ,Local,Etobicoke York,43.689845,-79.46859,Mid-Block, ,No Control,Clear,Daylight,Dry,Non-Fatal Injury,Cyclist Collisions,Driver,unknown,None,0,North,"Automobile, Station Wagon",Going Ahead,Other,Normal, , , , , , , ,Yes,Yes, , , , , , , , , , ,12,,,110,,145
-79.46859,43.689845,6669115,1251014,2011,2011-08-06T04:00:00.000Z,1335,13,60 LACEY AVE,CAMERON Aven, ,Local,Etobicoke York,43.689845,-79.46859,Mid-Block, ,No Control,Clear,Daylight,Dry,Non-Fatal Injury,Cyclist Collisions,Cyclist,10 to 14,Major,0,South,Bicycle,Going Ahead, , , , , ,Insufficient information (to determine cyclist crash type).,Driving Properly,Normal, ,Yes,Yes, , , , , , , , , , ,12,,,110,,146
-79.30559,43.731845,7405734,1290286,2012,2012-04-22T04:00:00.000Z,1337,13,VICTORIA PARK AVE,ARNCLIFFE CRES, ,Major Arterial,Scarborough,43.731845,-79.30559,Intersection, ,Traffic Signal,Clear,Daylight,Dry,Non-Fatal Injury,Cyclist Collisions,Driver,65 to 69,None,0,North,"Automobile, Station Wagon",Stopped,Driving Properly,Normal, , , , , , , ,Yes,Yes, , , , , , , , , , ,"33,41",,,119,,147
-79.30559,43.731845,7405735,1290286,2012,2012-04-22T04:00:00.000Z,1337,13,VICTORIA PARK AVE,ARNCLIFFE CRES, ,Major Arterial,Scarborough,43.731845,-79.30559,Intersection, ,Traffic Signal,Clear,Daylight,Dry,Non-Fatal Injury,Cyclist Collisions,Vehicle Owner,unknown, ,0, ,Other, , , , , , , , , , ,Yes,Yes, , , , , , , , , , ,"33,41",,,119,,148
-79.30559,43.731845,7405736,1290286,2012,2012-04-22T04:00:00.000Z,1337,13,VICTORIA PARK AVE,ARNCLIFFE CRES, ,Major Arterial,Scarborough,43.731845,-79.30559,Intersection, ,Traffic Signal,Clear,Daylight,Dry,Non-Fatal Injury,Cyclist Collisions,Driver,35 to 39,None,0,North,"Automobile, Station Wagon",Going Ahead,Lost control,Inattentive, , , , , , , ,Yes,Yes, , , , , , , , , , ,"33,41",,,119,,149
-79.30559,43.731845,7405737,1290286,2012,2012-04-22T04:00:00.000Z,1337,13,VICTORIA PARK AVE,ARNCLIFFE CRES, ,Major Arterial,Scarborough,43.731845,-79.30559,Intersection, ,Traffic Signal,Clear,Daylight,Dry,Non-Fatal Injury,Cyclist Collisions,Cyclist,50 to 54,Major,0,West,Bicycle,Going Ahead, , , , , ,"Motorist without ROW drives into path of cyclist at inter, lnwy, dwy-Driver not turn.",Driving Properly,Normal, ,Yes,Yes, , , , , , , , , , ,"33,41",,,119,,150
-79.43349,43.655045,5379248,1047021,2008,2008-06-14T04:00:00.000Z,1340,13,DUFFERIN Stre,SYLVAN Aven, ,Major Arterial,Toronto and East York,43.655045,-79.43349,Mid-Block, ,No Control,Clear,Daylight,Dry,Non-Fatal Injury,Cyclist Collisions,Driver,40 to 44,None,0,South,"Automobile, Station Wagon",Overtaking,Improper Passing,Inattentive, , , , , , , ,Yes,Yes, , , , , , ,Yes, , , ,"11,14",,,83,,151
-79.43349,43.655045,5379249,1047021,2008,2008-06-14T04:00:00.000Z,1340,13,DUFFERIN Stre,SYLVAN Aven, ,Major Arterial,Toronto and East York,43.655045,-79.43349,Mid-Block, ,No Control,Clear,Daylight,Dry,Non-Fatal Injury,Cyclist Collisions,Cyclist,15 to 19,Major,0,South,Bicycle,Going Ahead, , , , , ,Cyclist and Driver travelling in same direction. One vehicle sideswipes the other.,Driving Properly,Normal, ,Yes,Yes, , , , , , ,Yes, , , ,"11,14",,,83,,152
-79.54519,43.697445,6183471,1186269,2010,2010-07-25T04:00:00.000Z,1340,13,MAPLEBRANCH PATH,DIXON RD, ,Major Arterial,Etobicoke York,43.697445,-79.54519,Intersection,At Intersection,Stop Sign,Clear,Daylight,Dry,Non-Fatal Injury,Cyclist Collisions,Driver,55 to 59,None,0,South,"Automobile, Station Wagon",Turning Right,Failed to Yield Right of Way,Inattentive, , , , , , , ,Yes,Yes, , , , , , ,Yes, , , ,23,,,6,,153
-79.54519,43.697445,6183472,1186269,2010,2010-07-25T04:00:00.000Z,1340,13,MAPLEBRANCH PATH,DIXON RD, ,Major Arterial,Etobicoke York,43.697445,-79.54519,Intersection,At Intersection,Stop Sign,Clear,Daylight,Dry,Non-Fatal Injury,Cyclist Collisions,Cyclist,15 to 19,Major,0,East,Bicycle,Going Ahead, , , , , ,"Motorist turns right at non-signal Inter.(stop, yield, no cont.,and dwy) and strikes cyclist.",Failed to Yield Right of Way,Inattentive, ,Yes,Yes, , , , , , ,Yes, , , ,23,,,6,,154
-79.319797,43.768347,80565973,6001300022,2016,2016-07-24T04:00:00.000Z,1349,13,VICTORIA PARK AVE,HIGHWAY 401 C  W,5 m South of,Expressway,Scarborough,43.768347,-79.319797,Mid-Block,Non Intersection,No Control,Clear,Daylight,Dry,Non-Fatal Injury,Cyclist Collisions,Cyclist,25 to 29,None,0,South,Bicycle,Merging, , , , , ,"Cyclist without ROW rides into path of motorist at inter, lnwy, dwy-Cyclist not turn.",Failed to Yield Right of Way,Unknown, ,Yes, ,Yes, , , , , , , , , ,"33,42,41",,,45,,155
-79.319797,43.768347,80565974,6001300022,2016,2016-07-24T04:00:00.000Z,1349,13,VICTORIA PARK AVE,HIGHWAY 401 C  W,5 m South of,Expressway,Scarborough,43.768347,-79.319797,Mid-Block,Non Intersection,No Control,Clear,Daylight,Dry,Non-Fatal Injury,Cyclist Collisions,Motorcycle Driver,55 to 59,Major,0,East,Motorcycle,Going Ahead,Lost control,Normal, , , , , , , ,Yes, ,Yes, , , , , , , , , ,"33,42,41",,,45,,156
-79.17909,43.770045,6677956,1254931,2011,2011-07-28T04:00:00.000Z,1354,13,4277 LAWRENCE AVE E, , ,Minor Arterial,Scarborough,43.770045,-79.17909,Mid-Block, ,No Control,Rain,Daylight,Wet,Non-Fatal Injury,Cyclist Collisions,Driver,35 to 39,None,0,North,"Automobile, Station Wagon",Slowing or Stopping,Failed to Yield Right of Way,Normal, , , , , , , ,Yes,Yes, , , , , , ,Yes, , , ,43,,,136,,157
-79.17909,43.770045,6677957,1254931,2011,2011-07-28T04:00:00.000Z,1354,13,4277 LAWRENCE AVE E, , ,Minor Arterial,Scarborough,43.770045,-79.17909,Mid-Block, ,No Control,Rain,Daylight,Wet,Non-Fatal Injury,Cyclist Collisions,Cyclist,35 to 39,Major,0,East,Bicycle,Going Ahead, , , , , ,"Motorist without ROW drives into path of cyclist at inter, lnwy, dwy-Driver not turn.",Driving Properly,Other, ,Yes,Yes, , , , , , ,Yes, , , ,43,,,136,,158
-79.41899,43.655145,5381426,1047995,2008,2008-06-13T04:00:00.000Z,1400,14,COLLEGE St,CRAWFORD St, ,Major Arterial,Toronto and East York,43.655145,-79.41899,Intersection, ,No Control,Clear,Daylight,Dry,Non-Fatal Injury,Cyclist Collisions,Vehicle Owner,unknown, ,0, ,Other, , , , , , , , , , ,Yes,Yes, , , , , , , , , , ,14,,,81,,159
-79.41899,43.655145,5381427,1047995,2008,2008-06-13T04:00:00.000Z,1400,14,COLLEGE St,CRAWFORD St, ,Major Arterial,Toronto and East York,43.655145,-79.41899,Intersection, ,No Control,Clear,Daylight,Dry,Non-Fatal Injury,Cyclist Collisions,Driver,60 to 64,None,0,West,Taxi,Changing Lanes,Improper Lane Change,Normal, , , , , , , ,Yes,Yes, , , , , , , , , , ,14,,,81,,160
-79.41899,43.655145,5381428,1047995,2008,2008-06-13T04:00:00.000Z,1400,14,COLLEGE St,CRAWFORD St, ,Major Arterial,Toronto and East York,43.655145,-79.41899,Intersection, ,No Control,Clear,Daylight,Dry,Non-Fatal Injury,Cyclist Collisions,Cyclist,50 to 54,Major,0,West,Bicycle,Going Ahead, , , , , ,Cyclist and Driver travelling in same direction. One vehicle sideswipes the other.,Driving Properly,Normal, ,Yes,Yes, , , , , , , , , , ,14,,,81,,161
-79.358226,43.663905,80718306,6001569976,2016,2016-09-04T04:00:00.000Z,1400,14,GERRARD ST E,RIVER ST,80 m East of,Minor Arterial,Toronto and East York,43.663905,-79.358226,Mid-Block,Non Intersection,No Control,Clear,Daylight,Dry,Non-Fatal Injury,Cyclist Collisions,Cyclist,65 to 69,Major,0,West,Bicycle,Changing Lanes, , , , , ,Cyclist and Driver travelling in same direction. One vehicle sideswipes the other.,Improper Lane Change,Inattentive, ,Yes,Yes, , , , ,Yes, , , , , ,51,,,72,,162
-79.358226,43.663905,80718307,6001569976,2016,2016-09-04T04:00:00.000Z,1400,14,GERRARD ST E,RIVER ST,80 m East of,Minor Arterial,Toronto and East York,43.663905,-79.358226,Mid-Block,Non Intersection,No Control,Clear,Daylight,Dry,Non-Fatal Injury,Cyclist Collisions,Driver,20 to 24,None,0,West,"Automobile, Station Wagon",Going Ahead,Driving Properly,Normal, , , , , , , ,Yes,Yes, , , , ,Yes, , , , , ,51,,,72,,163
-79.358226,43.663905,80718308,6001569976,2016,2016-09-04T04:00:00.000Z,1400,14,GERRARD ST E,RIVER ST,80 m East of,Minor Arterial,Toronto and East York,43.663905,-79.358226,Mid-Block,Non Intersection,No Control,Clear,Daylight,Dry,Non-Fatal Injury,Cyclist Collisions,Passenger,20 to 24,None,0, , , , , , , , , , , , ,Yes,Yes, , , , ,Yes, , , , , ,51,,,72,,164
-79.44739,43.677045,6728060,1282186,2011,2011-12-27T05:00:00.000Z,1404,14,ST CLAIR Ave W,EARLSCOURT Ave, ,Major Arterial,Toronto and East York,43.677045,-79.44739,Intersection, ,Traffic Signal,Rain,Daylight,Wet,Non-Fatal Injury,Cyclist Collisions,Driver,25 to 29,Major,0,West,"Automobile, Station Wagon",Changing Lanes,Improper Lane Change,Inattentive, , , , , , , ,Yes,Yes, , , , , , , , , , ,13,,,92,,165
-79.44739,43.677045,6728061,1282186,2011,2011-12-27T05:00:00.000Z,1404,14,ST CLAIR Ave W,EARLSCOURT Ave, ,Major Arterial,Toronto and East York,43.677045,-79.44739,Intersection, ,Traffic Signal,Rain,Daylight,Wet,Non-Fatal Injury,Cyclist Collisions,Cyclist,unknown,Minimal,0,West,Bicycle,Going Ahead, , , , , ,Cyclist and Driver travelling in same direction. One vehicle sideswipes the other.,Speed too Fast For Condition,Normal, ,Yes,Yes, , , , , , , , , , ,13,,,92,,166
-79.450092,43.665946,6659080,1246857,2011,2011-06-15T04:00:00.000Z,1405,14,DUPONT Stre,CAMPBELL Aven, ,Major Arterial,Toronto and East York,43.665946,-79.450092,Intersection,At Intersection,No Control,Clear,Daylight,Dry,Non-Fatal Injury,Sideswipe,Vehicle Owner,unknown, ,0, , , , , , , , , , , , ,Yes,Yes, , , , , , , , , , ,11,,,93,,167
-79.450092,43.665946,6659081,1246857,2011,2011-06-15T04:00:00.000Z,1405,14,DUPONT Stre,CAMPBELL Aven, ,Major Arterial,Toronto and East York,43.665946,-79.450092,Intersection,At Intersection,No Control,Clear,Daylight,Dry,Non-Fatal Injury,Sideswipe,Driver,75 to 79,None,0,West,"Automobile, Station Wagon",Turning Right,Improper Turn,Normal, , , , , , , ,Yes,Yes, , , , , , , , , , ,11,,,93,,168
-79.450092,43.665946,6659082,1246857,2011,2011-06-15T04:00:00.000Z,1405,14,DUPONT Stre,CAMPBELL Aven, ,Major Arterial,Toronto and East York,43.665946,-79.450092,Intersection,At Intersection,No Control,Clear,Daylight,Dry,Non-Fatal Injury,Sideswipe,Moped Driver,35 to 39,Major,0,West,Moped,Going Ahead, , , , , , , , , ,Yes,Yes, , , , , , , , , , ,11,,,93,,169