X,Y,Index_,ACCNUM,YEAR,DATE,TIME,Hour,STREET1,STREET2,OFFSET,ROAD_CLASS,District,LATITUDE,LONGITUDE,LOCCOORD,ACCLOC,TRAFFCTL,VISIBILITY,LIGHT,RDSFCOND,ACCLASS,IMPACTYPE,INVTYPE,INVAGE,INJURY,FATAL_NO,INITDIR,VEHTYPE,MANOEUVER,DRIVACT,DRIVCOND,PEDTYPE,PEDACT,PEDCOND,CYCLISTYPE,CYCACT,CYCCOND,PEDESTRIAN,CYCLIST,AUTOMOBILE,MOTORCYCLE,TRUCK,TRSN_CITY_,EMERG_VEH,PASSENGER,SPEEDING,AG_DRIV,REDLIGHT,ALCOHOL,DISABILITY,Division,Ward_Name,Ward_ID,Hood_ID,Hood_Name,ObjectId
-79.38279,43.651645,7523089,1335478,2012,2012-11-26T05:00:00.000Z,1405,14,QUEEN ST W,BAY ST, ,Major Arterial,Toronto and East York,43.651645,-79.38279,Mid-Block, ,No Control,Clear,Daylight,Dry,Non-Fatal Injury,Cyclist Collisions,Driver,40 to 44,None,0,East,"Automobile, Station Wagon",Stopped,Other,Normal, , , , , , , ,Yes,Yes, , , , , , , , , , ,52,,,76,,170
-79.38279,43.651645,7523090,1335478,2012,2012-11-26T05:00:00.000Z,1405,14,QUEEN ST W,BAY ST, ,Major Arterial,Toronto and East York,43.651645,-79.38279,Mid-Block, ,No Control,Clear,Daylight,Dry,Non-Fatal Injury,Cyclist Collisions,Cyclist,45 to 49,Major,0,East,Bicycle,Going Ahead, , , , , ,Cyclist and Driver travelling in same direction. One vehicle sideswipes the other.,Improper Passing,Inattentive, ,Yes,Yes, , , , , , , , , , ,52,,,76,,171
-79.38179,43.648345,5376332,1045778,2008,2008-05-26T04:00:00.000Z,1410,14,KING ST W,YORK ST, ,Major Arterial,Toronto and East York,43.648345,-79.38179,Mid-Block,At Intersection,No Control,Clear,Daylight,Dry,Non-Fatal Injury,Cyclist Collisions,Passenger,40 to 44,None,0, ,Other, , , , , , , , , , ,Yes,Yes, , , , ,Yes, , , , , ,52,,,76,,172
-79.38179,43.648345,5376333,1045778,2008,2008-05-26T04:00:00.000Z,1410,14,KING ST W,YORK ST, ,Major Arterial,Toronto and East York,43.648345,-79.38179,Mid-Block,At Intersection,No Control,Clear,Daylight,Dry,Non-Fatal Injury,Cyclist Collisions,Vehicle Owner,unknown, ,0, ,Other, , , , , , , , , , ,Yes,Yes, , , , ,Yes, , , , , ,52,,,76,,173
-79.38179,43.648345,5376334,1045778,2008,2008-05-26T04:00:00.000Z,1410,14,KING ST W,YORK ST, ,Major Arterial,Toronto and East York,43.648345,-79.38179,Mid-Block,At Intersection,No Control,Clear,Daylight,Dry,Non-Fatal Injury,Cyclist Collisions,Driver,50 to 54,None,0,West,"Automobile, Station Wagon",Turning Left,Other,Normal, , , , , , , ,Yes,Yes, , , , ,Yes, , , , , ,52,,,76,,174
-79.38179,43.648345,5376335,1045778,2008,2008-05-26T04:00:00.000Z,1410,14,KING ST W,YORK ST, ,Major Arterial,Toronto and East York,43.648345,-79.38179,Mid-Block,At Intersection,No Control,Clear,Daylight,Dry,Non-Fatal Injury,Cyclist Collisions,Cyclist,20 to 24,Major,0, ,Bicycle,Unknown, , , , , ,Cyclist struck opened vehicle door,Driving Properly,Normal, ,Yes,Yes, , , , ,Yes, , , , , ,52,,,76,,175
-79.425647,43.661971,80225387,4003521992,2014,2014-12-20T05:00:00.000Z,1410,14,OSSINGTON AVE,BLOOR ST W,15 m South of,Major Arterial,Toronto and East York,43.661971,-79.425647,Intersection,Non Intersection,No Control,Clear,Daylight,Dry,Non-Fatal Injury,Cyclist Collisions,Driver,55 to 59,None,0,South,"Automobile, Station Wagon",Overtaking,Improper Passing,Inattentive, , , , , , , ,Yes,Yes, , , , ,Yes, ,Yes, , , ,14,,,80,,176
-79.425647,43.661971,80225388,4003521992,2014,2014-12-20T05:00:00.000Z,1410,14,OSSINGTON AVE,BLOOR ST W,15 m South of,Major Arterial,Toronto and East York,43.661971,-79.425647,Intersection,Non Intersection,No Control,Clear,Daylight,Dry,Non-Fatal Injury,Cyclist Collisions,Cyclist,25 to 29,Major,0,South,Bicycle,Going Ahead, , , , , ,Cyclist and Driver travelling in same direction. One vehicle sideswipes the other.,Driving Properly,Normal, ,Yes,Yes, , , , ,Yes, ,Yes, , , ,14,,,80,,177
-79.425647,43.661971,80225389,4003521992,2014,2014-12-20T05:00:00.000Z,1410,14,OSSINGTON AVE,BLOOR ST W,15 m South of,Major Arterial,Toronto and East York,43.661971,-79.425647,Intersection,Non Intersection,No Control,Clear,Daylight,Dry,Non-Fatal Injury,Cyclist Collisions,Passenger,55 to 59,None,0, , , , , , , , , , , , ,Yes,Yes, , , , ,Yes, ,Yes, , , ,14,,,80,,178
-79.290637,43.735335,80485685,4003073382,2014,2014-10-09T04:00:00.000Z,1410,14,WARDEN AVE,MARBLE ARCH CRES, ,Major Arterial,Scarborough,43.735335,-79.290637,Intersection,Non Intersection,Traffic Signal,Clear,Daylight,Dry,Fatal,Cyclist Collisions,Driver,45 to 49,None,0,North,"Automobile, Station Wagon",Going Ahead,Disobeyed Traffic Control,Inattentive, , , , , , , ,Yes,Yes, , , , , , ,Yes,Yes, , ,41,,,119,,179
-79.290637,43.735335,80485686,4003073382,2014,2014-10-09T04:00:00.000Z,1410,14,WARDEN AVE,MARBLE ARCH CRES, ,Major Arterial,Scarborough,43.735335,-79.290637,Intersection,Non Intersection,Traffic Signal,Clear,Daylight,Dry,Fatal,Cyclist Collisions,Cyclist,60 to 64,Fatal,32,East,Bicycle,Going Ahead, , , , , ,"Motorist without ROW drives into path of cyclist at inter, lnwy, dwy-Driver not turn.",Driving Properly,Normal, ,Yes,Yes, , , , , , ,Yes,Yes, , ,41,,,119,,180
-79.46651,43.682048,80717410,6001551246,2016,2016-09-01T04:00:00.000Z,1413,14,ROGERS RD,KANE AVE, ,Minor Arterial,Toronto and East York,43.682048,-79.46651,Intersection,Intersection Related,No Control,Clear,Daylight,Dry,Non-Fatal Injury,Cyclist Collisions,Cyclist,60 to 64,Major,0,South,Bicycle,Going Ahead, , , , , ,Cyclist turned left across motorists path.,Failed to Yield Right of Way,Normal, ,Yes,Yes, , , , , , ,Yes, , , ,12,,,110,,181
-79.46651,43.682048,80717411,6001551246,2016,2016-09-01T04:00:00.000Z,1413,14,ROGERS RD,KANE AVE, ,Minor Arterial,Toronto and East York,43.682048,-79.46651,Intersection,Intersection Related,No Control,Clear,Daylight,Dry,Non-Fatal Injury,Cyclist Collisions,Driver,70 to 74,None,0,East,"Automobile, Station Wagon",Going Ahead,Driving Properly,Normal, , , , , , , ,Yes,Yes, , , , , , ,Yes, , , ,12,,,110,,182
-79.389987,43.669543,5331412,1025421,2008,2008-01-26T05:00:00.000Z,1415,14,79 BLOOR ST W, , ,Major Arterial,Toronto and East York,43.669543,-79.389987,Mid-Block, ,No Control,Clear,Daylight,Dry,Non-Fatal Injury,Pedestrian Collisions,Cyclist,unknown,None,0,East,Bicycle,Going Ahead, , , , , ,Cyclist strikes pedestrian.,Failed to Yield Right of Way,Inattentive,Yes,Yes, , , , , , , , , , , ,"53,52",,,76,,183
-79.389987,43.669543,5331413,1025421,2008,2008-01-26T05:00:00.000Z,1415,14,79 BLOOR ST W, , ,Major Arterial,Toronto and East York,43.669543,-79.389987,Mid-Block, ,No Control,Clear,Daylight,Dry,Non-Fatal Injury,Pedestrian Collisions,Pedestrian,75 to 79,Major,0,West, , , , ,Pedestrian hit on sidewalk or shoulder,On Sidewalk or Shoulder,Normal, , , ,Yes,Yes, , , , , , , , , , , ,"53,52",,,76,,184
-79.502986,43.601245,7548472,1344412,2012,2012-10-12T04:00:00.000Z,1415,14,FIFTH Stre,LAKE SHORE Boul W, ,Major Arterial,Etobicoke York,43.601245,-79.502986,Intersection, ,Traffic Signal,Clear,Daylight,Dry,Non-Fatal Injury,Cyclist Collisions,Driver,60 to 64,None,0,North,"Automobile, Station Wagon",Going Ahead,Other,Unknown, , , , , , , ,Yes,Yes, , , , , , , , , , ,22,,,18,,185
-79.502986,43.601245,7548473,1344412,2012,2012-10-12T04:00:00.000Z,1415,14,FIFTH Stre,LAKE SHORE Boul W, ,Major Arterial,Etobicoke York,43.601245,-79.502986,Intersection, ,Traffic Signal,Clear,Daylight,Dry,Non-Fatal Injury,Cyclist Collisions,Cyclist,30 to 34,Major,0,East,Bicycle,Going Ahead, , , , , ,Insufficient information (to determine cyclist crash type).,Other,Unknown, ,Yes,Yes, , , , , , , , , , ,22,,,18,,186
-79.35989,43.675945,7397979,1287004,2012,2012-01-26T05:00:00.000Z,1417,14,DANFORTH AVE,ROYAL DR, ,Major Arterial,Toronto and East York,43.675945,-79.35989,Mid-Block, ,No Control,Rain,Daylight,Wet,Non-Fatal Injury,Cyclist Collisions,Vehicle Owner,unknown, ,0, ,Other, , , , , , , , , , ,Yes,Yes, , , , , , , , , , ,"54,55",,,68,,187
-79.35989,43.675945,7397980,1287004,2012,2012-01-26T05:00:00.000Z,1417,14,DANFORTH AVE,ROYAL DR, ,Major Arterial,Toronto and East York,43.675945,-79.35989,Mid-Block, ,No Control,Rain,Daylight,Wet,Non-Fatal Injury,Cyclist Collisions,Driver,50 to 54,None,0,East,"Automobile, Station Wagon",Going Ahead,Driving Properly,Normal, , , , , , , ,Yes,Yes, , , , , , , , , , ,"54,55",,,68,,188
-79.35989,43.675945,7397981,1287004,2012,2012-01-26T05:00:00.000Z,1417,14,DANFORTH AVE,ROYAL DR, ,Major Arterial,Toronto and East York,43.675945,-79.35989,Mid-Block, ,No Control,Rain,Daylight,Wet,Non-Fatal Injury,Cyclist Collisions,Cyclist,20 to 24,Major,0,East,Bicycle,Changing Lanes, , , , , ,Cyclist and Driver travelling in same direction. One vehicle sideswipes the other.,Following too Close,Normal, ,Yes,Yes, , , , , , , , , , ,"54,55",,,68,,189
-79.37709,43.656445,6177151,1183681,2010,2010-07-06T04:00:00.000Z,1420,14,DUNDAS St E,CHURCH St, ,Major Arterial,Toronto and East York,43.656445,-79.37709,Intersection,At Intersection,Traffic Signal,Clear,Daylight,Dry,Non-Fatal Injury,Cyclist Collisions,Driver,50 to 54,None,0,East,"Automobile, Station Wagon",Turning Right,Improper Turn,Normal, , , , , , , ,Yes,Yes, , , , , , , , , , ,51,,,75,,190
-79.37709,43.656445,6177152,1183681,2010,2010-07-06T04:00:00.000Z,1420,14,DUNDAS St E,CHURCH St, ,Major Arterial,Toronto and East York,43.656445,-79.37709,Intersection,At Intersection,Traffic Signal,Clear,Daylight,Dry,Non-Fatal Injury,Cyclist Collisions,Cyclist,50 to 54,Major,0,East,Bicycle,Going Ahead, , , , , ,Motorist turning right on green or amber at signalized intersection strikes cyclist.,Driving Properly,Normal, ,Yes,Yes, , , , , , , , , , ,51,,,75,,191
-79.401637,43.641295,80239901,5000891503,2015,2015-05-28T04:00:00.000Z,1420,14,BATHURST ST,FRONT ST W,25 m South of,Major Arterial,Toronto and East York,43.641295,-79.401637,Mid-Block,Non Intersection,No Control,Clear,Daylight,Dry,Non-Fatal Injury,Cyclist Collisions,Cyclist,45 to 49,Major,0,North,Bicycle,Going Ahead, , , , , ,Insufficient information (to determine cyclist crash type).,Other,Had Been Drinking, ,Yes,Yes, , , , , , , , , , ,14,,,77,,192
-79.401637,43.641295,80239902,5000891503,2015,2015-05-28T04:00:00.000Z,1420,14,BATHURST ST,FRONT ST W,25 m South of,Major Arterial,Toronto and East York,43.641295,-79.401637,Mid-Block,Non Intersection,No Control,Clear,Daylight,Dry,Non-Fatal Injury,Cyclist Collisions,Driver,50 to 54,None,0,South,"Automobile, Station Wagon",Going Ahead,Driving Properly,Normal, , , , , , , ,Yes,Yes, , , , , , , , , , ,14,,,77,,193
-79.384326,43.786685,80632023,5000992370,2015,2015-06-13T04:00:00.000Z,1423,14,FINCH AVE E,PAGE AVE, ,Major Arterial,North York,43.786685,-79.384326,Intersection,At Intersection,Stop Sign,Clear,Daylight,Dry,Non-Fatal Injury,Cyclist Collisions,Driver,85 to 89,None,0,North,"Automobile, Station Wagon",Turning Right,Failed to Yield Right of Way,Inattentive, , , , , , , ,Yes,Yes, , , , ,Yes, ,Yes, , , ,33,,,52,,194
-79.384326,43.786685,80632024,5000992370,2015,2015-06-13T04:00:00.000Z,1423,14,FINCH AVE E,PAGE AVE, ,Major Arterial,North York,43.786685,-79.384326,Intersection,At Intersection,Stop Sign,Clear,Daylight,Dry,Non-Fatal Injury,Cyclist Collisions,Cyclist,45 to 49,Major,0,East,Bicycle,Going Ahead, , , , , ,"Motorist turns right at non-signal Inter.(stop, yield, no cont.,and dwy) and strikes cyclist.",Driving Properly,Normal, ,Yes,Yes, , , , ,Yes, ,Yes, , , ,33,,,52,,195
-79.384326,43.786685,80632025,5000992370,2015,2015-06-13T04:00:00.000Z,1423,14,FINCH AVE E,PAGE AVE, ,Major Arterial,North York,43.786685,-79.384326,Intersection,At Intersection,Stop Sign,Clear,Daylight,Dry,Non-Fatal Injury,Cyclist Collisions,Passenger,80 to 84,None,0, , , , , , , , , , , , ,Yes,Yes, , , , ,Yes, ,Yes, , , ,33,,,52,,196
-79.35819,43.701845,5410999,1060815,2008,2008-08-23T04:00:00.000Z,1425,14,MILLWOOD Rd,REDWAY Rd, ,Major Arterial,North York,43.701845,-79.35819,Intersection,At Intersection,Traffic Signal,Clear,Daylight,Dry,Non-Fatal Injury,Cyclist Collisions,Driver,25 to 29,None,0,North,"Automobile, Station Wagon",Turning Left,Improper Turn,Normal, , , , , , , ,Yes,Yes, , , , , , , , , , ,53,,,56,,197
-79.35819,43.701845,5411000,1060815,2008,2008-08-23T04:00:00.000Z,1425,14,MILLWOOD Rd,REDWAY Rd, ,Major Arterial,North York,43.701845,-79.35819,Intersection,At Intersection,Traffic Signal,Clear,Daylight,Dry,Non-Fatal Injury,Cyclist Collisions,Cyclist,45 to 49,Major,0,South,Bicycle,Going Ahead, , , , , ,Motorist turned left across cyclists path.,Disobeyed Traffic Control,Normal, ,Yes,Yes, , , , , , , , , , ,53,,,56,,198
-79.27169,43.785245,7830521,1361387,2013,2013-05-05T04:00:00.000Z,1425,14,8 GARDEN PARK AVE, , ,Local,Scarborough,43.785245,-79.27169,Mid-Block, ,No Control,Clear,Daylight,Dry,Non-Fatal Injury,Cyclist Collisions,Driver,65 to 69,None,0,South,"Automobile, Station Wagon",Going Ahead,Driving Properly,Normal, , , , , , , ,Yes,Yes, , , , , , , , , , ,42,,,128,,199
-79.27169,43.785245,7830522,1361387,2013,2013-05-05T04:00:00.000Z,1425,14,8 GARDEN PARK AVE, , ,Local,Scarborough,43.785245,-79.27169,Mid-Block, ,No Control,Clear,Daylight,Dry,Non-Fatal Injury,Cyclist Collisions,Cyclist,5 to 9,Major,0,East,Bicycle,Going Ahead, , , , , ,Cyclist rode off sidewalk into road at midblock.,Failed to Yield Right of Way,Inattentive, ,Yes,Yes, , , , , , , , , , ,42,,,128,,200
-79.264446,43.724085,80784028,7001798069,2017,2017-10-04T04:00:00.000Z,830,8,KENNEDY RD,FOXRIDGE DR, ,Major Arterial,Scarborough,43.724085,-79.264446,Intersection,At Intersection,No Control,Clear,Daylight,Dry,Non-Fatal Injury,Cyclist Collisions,Cyclist,30 to 34,Major,0,South,Bicycle,Going Ahead, , , , , ,Motorist turned left across cyclists path.,Driving Properly,Normal, ,Yes,Yes, , , , , , ,Yes, , , ,41,,,124,,201
-79.38299,43.646545,5253657,1110888,2009,2009-06-11T04:00:00.000Z,835,8,WELLINGTON ST W,YORK ST, ,Minor Arterial,Toronto and East York,43.646545,-79.38299,Intersection,At Intersection,Traffic Signal,Clear,Daylight,Dry,Non-Fatal Injury,Cyclist Collisions,Driver,unknown,None,0,West,"Automobile, Station Wagon",Going Ahead,Driving Properly,Normal, , , , , , , ,Yes,Yes, , , , , , , , , , ,52,,,76,,202
-79.38299,43.646545,5253658,1110888,2009,2009-06-11T04:00:00.000Z,835,8,WELLINGTON ST W,YORK ST, ,Minor Arterial,Toronto and East York,43.646545,-79.38299,Intersection,At Intersection,Traffic Signal,Clear,Daylight,Dry,Non-Fatal Injury,Cyclist Collisions,Cyclist,40 to 44,Major,0,West,Bicycle,Slowing or Stopping, , , , , ,Cyclist and Driver travelling in same direction. One vehicle sideswipes the other.,Lost control,Normal, ,Yes,Yes, , , , , , , , , , ,52,,,76,,203
-79.58678,43.687876,80769811,7001207044,2017,2017-07-06T04:00:00.000Z,835,8,DIXON  RD,SKYWAY  AVE, ,Major Arterial,Etobicoke York,43.687876,-79.58678,Intersection,At Intersection,Traffic Signal,Clear,Daylight,Dry,Non-Fatal Injury,Cyclist Collisions,Driver,20 to 24,Major,0,North,"Automobile, Station Wagon",Turning Right,Failed to Yield Right of Way,Inattentive, , , , , , , ,Yes,Yes, , , , , , ,Yes, , , ,23,,,1,,204
-79.58678,43.687876,80769812,7001207044,2017,2017-07-06T04:00:00.000Z,835,8,DIXON  RD,SKYWAY  AVE, ,Major Arterial,Etobicoke York,43.687876,-79.58678,Intersection,At Intersection,Traffic Signal,Clear,Daylight,Dry,Non-Fatal Injury,Cyclist Collisions,Cyclist,20 to 24,None,0,West,Bicycle,Going Ahead, , , , , ,Motorist turning right on red at signalized intersection strikes cyclist.,Other,Normal, ,Yes,Yes, , , , , , ,Yes, , , ,23,,,1,,205
-79.29729,43.825945,7848165,1368851,2013,2013-06-11T04:00:00.000Z,836,8,STEELES AVE E,MIDLAND AVE, ,Major Arterial,Scarborough,43.825945,-79.29729,Intersection,At Intersection,Traffic Signal,Clear,Daylight,Dry,Non-Fatal Injury,Cyclist Collisions,Driver,35 to 39,None,0,East,"Automobile, Station Wagon",Going Ahead,Disobeyed Traffic Control,Normal, , , , , , , ,Yes,Yes, , , , , , ,Yes,Yes, , ,42,,,130,,206
-79.29729,43.825945,7848166,1368851,2013,2013-06-11T04:00:00.000Z,836,8,STEELES AVE E,MIDLAND AVE, ,Major Arterial,Scarborough,43.825945,-79.29729,Intersection,At Intersection,Traffic Signal,Clear,Daylight,Dry,Non-Fatal Injury,Cyclist Collisions,Cyclist,60 to 64,Major,0,West,Bicycle,Turning Left, , , , , ,"Motorist without ROW drives into path of cyclist at inter, lnwy, dwy-Driver not turn.",Driving Properly,Normal, ,Yes,Yes, , , , , , ,Yes,Yes, , ,42,,,130,,207
-79.382777,43.642623,80161719,4002168339,2014,2014-05-28T04:00:00.000Z,837,8,BREMNER BLVD,GRAND TRUNK CRES, ,Minor Arterial,Toronto and East York,43.642623,-79.382777,Intersection,Non Intersection,No Control,Clear,Daylight,Dry,Non-Fatal Injury,Cyclist Collisions,Driver,65 to 69,Major,0,East,"Automobile, Station Wagon",Going Ahead,Improper Passing,Normal, , , , , , , ,Yes,Yes, , , , , , ,Yes, , , ,52,,,77,,208
-79.382777,43.642623,80161720,4002168339,2014,2014-05-28T04:00:00.000Z,837,8,BREMNER BLVD,GRAND TRUNK CRES, ,Minor Arterial,Toronto and East York,43.642623,-79.382777,Intersection,Non Intersection,No Control,Clear,Daylight,Dry,Non-Fatal Injury,Cyclist Collisions,Cyclist,50 to 54,Major,0,East,Bicycle,Going Ahead, , , , , ,Cyclist and Driver travelling in same direction. One vehicle rear-ended the other.,Driving Properly,Normal, ,Yes,Yes, , , , , , ,Yes, , , ,52,,,77,,209
-79.390285,43.647845,80562726,6001000870,2016,2016-06-09T04:00:00.000Z,837,8,ADELAIDE ST W,JOHN ST, ,Major Arterial,Toronto and East York,43.647845,-79.390285,Intersection,Intersection Related,Traffic Signal,Clear,Daylight,Dry,Non-Fatal Injury,Cyclist Collisions,Driver,50 to 54,None,0,East,"Automobile, Station Wagon",Turning Right,Improper Turn,Inattentive, , , , , , , ,Yes,Yes, , , , , , , , , , ,52,,,77,,210
-79.390285,43.647845,80562727,6001000870,2016,2016-06-09T04:00:00.000Z,837,8,ADELAIDE ST W,JOHN ST, ,Major Arterial,Toronto and East York,43.647845,-79.390285,Intersection,Intersection Related,Traffic Signal,Clear,Daylight,Dry,Non-Fatal Injury,Cyclist Collisions,Cyclist,35 to 39,Major,0,East,Bicycle,Going Ahead, , , , , ,Motorist turning right on green or amber at signalized intersection strikes cyclist.,Driving Properly,Normal, ,Yes,Yes, , , , , , , , , , ,52,,,77,,211
-79.38209,43.659045,7529354,1325529,2012,2012-11-13T05:00:00.000Z,844,8,GERRARD ST E,YONGE ST, ,Major Arterial,Toronto and East York,43.659045,-79.38209,Intersection,At Intersection,Traffic Signal,Clear,Daylight,Dry,Non-Fatal Injury,Cyclist Collisions,Vehicle Owner,unknown, ,0, ,Other, , , , , , , , , , ,Yes, , ,Yes, , , , , , , , ,"51,52",,,75,,212
-79.38209,43.659045,7529355,1325529,2012,2012-11-13T05:00:00.000Z,844,8,GERRARD ST E,YONGE ST, ,Major Arterial,Toronto and East York,43.659045,-79.38209,Intersection,At Intersection,Traffic Signal,Clear,Daylight,Dry,Non-Fatal Injury,Cyclist Collisions,Truck Driver,35 to 39,None,0,West,Truck - Open,Turning Right,Improper Turn,Normal, , , , , , , ,Yes, , ,Yes, , , , , , , , ,"51,52",,,75,,213
-79.38209,43.659045,7529356,1325529,2012,2012-11-13T05:00:00.000Z,844,8,GERRARD ST E,YONGE ST, ,Major Arterial,Toronto and East York,43.659045,-79.38209,Intersection,At Intersection,Traffic Signal,Clear,Daylight,Dry,Non-Fatal Injury,Cyclist Collisions,Cyclist,35 to 39,Major,0,West,Bicycle,Going Ahead, , , , , ,Motorist turning right on green or amber at signalized intersection strikes cyclist.,Other,Unknown, ,Yes, , ,Yes, , , , , , , , ,"51,52",,,75,,214
-79.340617,43.691332,80782535,7001651562,2017,2017-09-12T04:00:00.000Z,844,8,COSBURN AVE,LESMOUNT AVE, ,Minor Arterial,Toronto and East York,43.691332,-79.340617,Intersection,At Intersection,No Control,Clear,Daylight,Dry,Non-Fatal Injury,Cyclist Collisions,Truck Driver,45 to 49,None,0,West,"Truck - Closed (Blazer, etc)",Turning Right,Improper Turn,Normal, , , , , , , ,Yes, , ,Yes, , , , , , , , ,54,,,59,,215
-79.340617,43.691332,80782536,7001651562,2017,2017-09-12T04:00:00.000Z,844,8,COSBURN AVE,LESMOUNT AVE, ,Minor Arterial,Toronto and East York,43.691332,-79.340617,Intersection,At Intersection,No Control,Clear,Daylight,Dry,Non-Fatal Injury,Cyclist Collisions,Cyclist,35 to 39,Major,0,West,Bicycle,Going Ahead, , , , , ,"Motorist turns right at non-signal Inter.(stop, yield, no cont.,and dwy) and strikes cyclist.",Driving Properly,Normal, ,Yes, , ,Yes, , , , , , , , ,54,,,59,,216
-79.26519,43.827345,6700764,1264906,2011,2011-09-16T04:00:00.000Z,845,8,MIDDLEFIELD RD,PASSMORE AVE, ,Minor Arterial,Scarborough,43.827345,-79.26519,Intersection,At Intersection,Traffic Signal,Clear,Daylight,Dry,Non-Fatal Injury,Cyclist Collisions,Driver,60 to 64,None,0,West,"Automobile, Station Wagon",Stopped,Driving Properly,Normal, , , , , , , ,Yes,Yes, , , , , , ,Yes, , , ,42,,,130,,217
-79.26519,43.827345,6700765,1264906,2011,2011-09-16T04:00:00.000Z,845,8,MIDDLEFIELD RD,PASSMORE AVE, ,Minor Arterial,Scarborough,43.827345,-79.26519,Intersection,At Intersection,Traffic Signal,Clear,Daylight,Dry,Non-Fatal Injury,Cyclist Collisions,Vehicle Owner,unknown, ,0, ,Other, , , , , , , , , , ,Yes,Yes, , , , , , ,Yes, , , ,42,,,130,,218
-79.26519,43.827345,6700766,1264906,2011,2011-09-16T04:00:00.000Z,845,8,MIDDLEFIELD RD,PASSMORE AVE, ,Minor Arterial,Scarborough,43.827345,-79.26519,Intersection,At Intersection,Traffic Signal,Clear,Daylight,Dry,Non-Fatal Injury,Cyclist Collisions,Driver,60 to 64,None,0,South,"Automobile, Station Wagon",Turning Left,Failed to Yield Right of Way,Inattentive, , , , , , , ,Yes,Yes, , , , , , ,Yes, , , ,42,,,130,,219
-79.26519,43.827345,6700767,1264906,2011,2011-09-16T04:00:00.000Z,845,8,MIDDLEFIELD RD,PASSMORE AVE, ,Minor Arterial,Scarborough,43.827345,-79.26519,Intersection,At Intersection,Traffic Signal,Clear,Daylight,Dry,Non-Fatal Injury,Cyclist Collisions,Cyclist,75 to 79,Major,0,North,Bicycle,Going Ahead, , , , , ,Motorist turned left across cyclists path.,Driving Properly,Normal, ,Yes,Yes, , , , , , ,Yes, , , ,42,,,130,,220
-79.30649,43.713545,7430633,1301011,2012,2012-05-01T04:00:00.000Z,845,8,O CONNOR Dr,BERMONDSEY RD, ,Major Arterial,Toronto and East York,43.713545,-79.30649,Mid-Block, ,No Control,Clear,Daylight,Dry,Non-Fatal Injury,Cyclist Collisions,Vehicle Owner,unknown, ,0, ,Other, , , , , , , , , , ,Yes,Yes, , , , , , , , , , ,54,,,54,,221
-79.30649,43.713545,7430634,1301011,2012,2012-05-01T04:00:00.000Z,845,8,O CONNOR Dr,BERMONDSEY RD, ,Major Arterial,Toronto and East York,43.713545,-79.30649,Mid-Block, ,No Control,Clear,Daylight,Dry,Non-Fatal Injury,Cyclist Collisions,Driver,35 to 39,None,0,South,"Automobile, Station Wagon",Turning Right,Improper Turn,Inattentive, , , , , , , ,Yes,Yes, , , , , , , , , , ,54,,,54,,222
-79.30649,43.713545,7430635,1301011,2012,2012-05-01T04:00:00.000Z,845,8,O CONNOR Dr,BERMONDSEY RD, ,Major Arterial,Toronto and East York,43.713545,-79.30649,Mid-Block, ,No Control,Clear,Daylight,Dry,Non-Fatal Injury,Cyclist Collisions,Cyclist,50 to 54,Major,0,South,Bicycle,Going Ahead, , , , , ,"Motorist turns right at non-signal Inter.(stop, yield, no cont.,and dwy) and strikes cyclist.",Driving Properly,Normal, ,Yes,Yes, , , , , , , , , , ,54,,,54,,223
-79.328082,43.671061,7882204,1383479,2013,2013-08-23T04:00:00.000Z,845,8,GREENWOOD AVE,GERRARD ST E, ,Minor Arterial,Toronto and East York,43.671061,-79.328082,Intersection, ,No Control,Clear,Daylight,Dry,Non-Fatal Injury,Turning Movement,Vehicle Owner,unknown, ,0, ,Other, , , , , , , , , , ,Yes,Yes, , , , , , ,Yes, , , ,55,,,70,,224
-79.328082,43.671061,7882205,1383479,2013,2013-08-23T04:00:00.000Z,845,8,GREENWOOD AVE,GERRARD ST E, ,Minor Arterial,Toronto and East York,43.671061,-79.328082,Intersection, ,No Control,Clear,Daylight,Dry,Non-Fatal Injury,Turning Movement,Driver,25 to 29,None,0,South,"Automobile, Station Wagon",Turning Right,Failed to Yield Right of Way,Inattentive, , , , , , , ,Yes,Yes, , , , , , ,Yes, , , ,55,,,70,,225