X,Y,Index_,ACCNUM,YEAR,DATE,TIME,Hour,STREET1,STREET2,OFFSET,ROAD_CLASS,District,LATITUDE,LONGITUDE,LOCCOORD,ACCLOC,TRAFFCTL,VISIBILITY,LIGHT,RDSFCOND,ACCLASS,IMPACTYPE,INVTYPE,INVAGE,INJURY,FATAL_NO,INITDIR,VEHTYPE,MANOEUVER,DRIVACT,DRIVCOND,PEDTYPE,PEDACT,PEDCOND,CYCLISTYPE,CYCACT,CYCCOND,PEDESTRIAN,CYCLIST,AUTOMOBILE,MOTORCYCLE,TRUCK,TRSN_CITY_,EMERG_VEH,PASSENGER,SPEEDING,AG_DRIV,REDLIGHT,ALCOHOL,DISABILITY,Division,Ward_Name,Ward_ID,Hood_ID,Hood_Name,ObjectId
-79.399661,43.648055,7783242,1340591,2013,2013-02-13T05:00:00.000Z,1626,16,QUEEN ST W,AUGUSTA AVE, ,Major Arterial,Toronto and East York,43.648055,-79.399661,Intersection, ,Traffic Signal,Clear,Daylight,Dry,Non-Fatal Injury,Cyclist Collisions,Vehicle Owner,unknown, ,0, ,Other, , , , , , , , , , ,Yes,Yes, , , , , , ,Yes,Yes, , ,14,,,77,,394
-79.399661,43.648055,7783243,1340591,2013,2013-02-13T05:00:00.000Z,1626,16,QUEEN ST W,AUGUSTA AVE, ,Major Arterial,Toronto and East York,43.648055,-79.399661,Intersection, ,Traffic Signal,Clear,Daylight,Dry,Non-Fatal Injury,Cyclist Collisions,Driver,20 to 24,Minimal,0,East,"Automobile, Station Wagon",Going Ahead,Disobeyed Traffic Control,Normal, , , , , , , ,Yes,Yes, , , , , , ,Yes,Yes, , ,14,,,77,,395
-79.399661,43.648055,7783244,1340591,2013,2013-02-13T05:00:00.000Z,1626,16,QUEEN ST W,AUGUSTA AVE, ,Major Arterial,Toronto and East York,43.648055,-79.399661,Intersection, ,Traffic Signal,Clear,Daylight,Dry,Non-Fatal Injury,Cyclist Collisions,Other Property Owner,unknown, ,0, ,Other, , , , , , , , , , ,Yes,Yes, , , , , , ,Yes,Yes, , ,14,,,77,,396
-79.399661,43.648055,7783245,1340591,2013,2013-02-13T05:00:00.000Z,1626,16,QUEEN ST W,AUGUSTA AVE, ,Major Arterial,Toronto and East York,43.648055,-79.399661,Intersection, ,Traffic Signal,Clear,Daylight,Dry,Non-Fatal Injury,Cyclist Collisions,Cyclist,20 to 24,Major,0,West,Bicycle,Stopped, , , , , ,"Motorist without ROW drives into path of cyclist at inter, lnwy, dwy-Driver not turn.",Driving Properly,Normal, ,Yes,Yes, , , , , , ,Yes,Yes, , ,14,,,77,,397
-79.33969,43.723445,6669027,1250979,2011,2011-07-15T04:00:00.000Z,1630,16,DON MILLS RD,WYNFORD DR, ,Major Arterial,North York,43.723445,-79.33969,Mid-Block, ,No Control,Clear,Daylight,Dry,Non-Fatal Injury,Cyclist Collisions,Driver,55 to 59,None,0,North,"Automobile, Station Wagon",Going Ahead,Following too Close,Inattentive, , , , , , , ,Yes,Yes, , , , , , ,Yes, , , ,33,,,42,,398
-79.33969,43.723445,6669028,1250979,2011,2011-07-15T04:00:00.000Z,1630,16,DON MILLS RD,WYNFORD DR, ,Major Arterial,North York,43.723445,-79.33969,Mid-Block, ,No Control,Clear,Daylight,Dry,Non-Fatal Injury,Cyclist Collisions,Cyclist,30 to 34,Major,0,North,Bicycle,Going Ahead, , , , , ,Cyclist and Driver travelling in same direction. One vehicle rear-ended the other.,Driving Properly,Normal, ,Yes,Yes, , , , , , ,Yes, , , ,33,,,42,,399
-79.44809,43.652145,7474373,1319338,2012,2012-08-30T04:00:00.000Z,1630,16,DUNDAS ST W,HOWARD PARK AVE, ,Minor Arterial,Toronto and East York,43.652145,-79.44809,Intersection,At Intersection,Traffic Signal,Clear,Daylight,Dry,Non-Fatal Injury,Cyclist Collisions,Driver,65 to 69,None,0,West,"Automobile, Station Wagon",Going Ahead,Driving Properly,Normal, , , , , , , ,Yes,Yes, , , , , , , , , , ,11,,,86,,400
-79.44809,43.652145,7474374,1319338,2012,2012-08-30T04:00:00.000Z,1630,16,DUNDAS ST W,HOWARD PARK AVE, ,Minor Arterial,Toronto and East York,43.652145,-79.44809,Intersection,At Intersection,Traffic Signal,Clear,Daylight,Dry,Non-Fatal Injury,Cyclist Collisions,Cyclist,15 to 19,Major,0,East,Bicycle,Turning Left, , , , , ,Cyclist turned left across motorists path.,Improper Turn,Normal, ,Yes,Yes, , , , , , , , , , ,11,,,86,,401
-79.35136,43.662455,80169132,4002596710,2014,2014-07-29T04:00:00.000Z,1630,16,DUNDAS ST E,BROADVIEW AVE, ,Major Arterial,Toronto and East York,43.662455,-79.35136,Intersection,At Intersection,Traffic Signal,Clear,Daylight,Dry,Non-Fatal Injury,Cyclist Collisions,Driver,50 to 54,None,0,East,"Automobile, Station Wagon",Going Ahead,Improper Passing,Normal, , , , , , , ,Yes,Yes, , , , , , ,Yes, , , ,55,,,70,,402
-79.35136,43.662455,80169133,4002596710,2014,2014-07-29T04:00:00.000Z,1630,16,DUNDAS ST E,BROADVIEW AVE, ,Major Arterial,Toronto and East York,43.662455,-79.35136,Intersection,At Intersection,Traffic Signal,Clear,Daylight,Dry,Non-Fatal Injury,Cyclist Collisions,Cyclist,40 to 44,Major,0,East,Bicycle,Going Ahead, , , , , ,Cyclist and Driver travelling in same direction. One vehicle sideswipes the other.,Driving Properly,Normal, ,Yes,Yes, , , , , , ,Yes, , , ,55,,,70,,403
-79.401546,43.691004,80632162,6001558550,2016,2016-09-02T04:00:00.000Z,1630,16,LONSDALE RD,ORIOLE RD, ,Major Arterial,Toronto and East York,43.691004,-79.401546,Intersection,At Intersection,No Control,Clear,Daylight,Dry,Non-Fatal Injury,Cyclist Collisions,Driver,55 to 59,None,0,West,"Automobile, Station Wagon",Turning Left,Improper Turn,Inattentive, , , , , , , ,Yes,Yes, , , , , , , , , , ,53,,,97,,404
-79.401546,43.691004,80632163,6001558550,2016,2016-09-02T04:00:00.000Z,1630,16,LONSDALE RD,ORIOLE RD, ,Major Arterial,Toronto and East York,43.691004,-79.401546,Intersection,At Intersection,No Control,Clear,Daylight,Dry,Non-Fatal Injury,Cyclist Collisions,Cyclist,20 to 24,Major,0,East,Bicycle,Going Ahead, , , , , ,Motorist turned left across cyclists path.,Driving Properly,Normal, ,Yes,Yes, , , , , , , , , , ,53,,,97,,405
-79.47626,43.651065,80973255,8001918049,2018,2018-10-12T04:00:00.000Z,1630,16,BLOOR ST W,RUNNYMEDE RD, ,Major Arterial,Toronto and East York,43.651065,-79.47626,Intersection,At Intersection,Traffic Controller,Clear,Daylight,Dry,Non-Fatal Injury,Cyclist Collisions,Driver,75 to 79,None,0,West,"Automobile, Station Wagon",Turning Left,Failed to Yield Right of Way,Normal, , , , , , , ,Yes,Yes, , , , , , ,Yes, , , ,11,,,87,,406
-79.47626,43.651065,80973256,8001918049,2018,2018-10-12T04:00:00.000Z,1630,16,BLOOR ST W,RUNNYMEDE RD, ,Major Arterial,Toronto and East York,43.651065,-79.47626,Intersection,At Intersection,Traffic Controller,Clear,Daylight,Dry,Non-Fatal Injury,Cyclist Collisions,Cyclist,30 to 34,Major,0,East,Bicycle,Going Ahead, , , , , ,Motorist turned left across cyclists path.,Driving Properly,Normal, ,Yes,Yes, , , , , , ,Yes, , , ,11,,,87,,407
-79.497989,43.602343,7864812,1376061,2013,2013-09-18T04:00:00.000Z,1634,16,LAKE SHORE BLVD W,DWIGHT AVE, ,Major Arterial,Etobicoke York,43.602343,-79.497989,Intersection, ,No Control,Clear,Daylight,Dry,Fatal,Cyclist Collisions,Passenger,unknown,None,0, , , , , , , , , , , , ,Yes,Yes, , , , ,Yes, , , , , ,22,,,18,,408
-79.497989,43.602343,7864813,1376061,2013,2013-09-18T04:00:00.000Z,1634,16,LAKE SHORE BLVD W,DWIGHT AVE, ,Major Arterial,Etobicoke York,43.602343,-79.497989,Intersection, ,No Control,Clear,Daylight,Dry,Fatal,Cyclist Collisions,Driver,60 to 64,None,0,East,"Automobile, Station Wagon",Going Ahead,Driving Properly,Normal, , , , , , , ,Yes,Yes, , , , ,Yes, , , , , ,22,,,18,,409
-79.497989,43.602343,7864814,1376061,2013,2013-09-18T04:00:00.000Z,1634,16,LAKE SHORE BLVD W,DWIGHT AVE, ,Major Arterial,Etobicoke York,43.602343,-79.497989,Intersection, ,No Control,Clear,Daylight,Dry,Fatal,Cyclist Collisions,Cyclist,50 to 54,Fatal,41,West,Bicycle,Unknown, , , , , ,"Cyclist without ROW rides into path of motorist at inter, lnwy, dwy-Cyclist not turn.",Lost control,Unknown, ,Yes,Yes, , , , ,Yes, , , , , ,22,,,18,,410
-79.399905,43.659789,80920030,7001512799,2017,2017-08-21T04:00:00.000Z,1634,16,SPADINA CRES,RUSSELL ST,30 m South of,Major Arterial,Toronto and East York,43.659789,-79.399905,Intersection,At Intersection,No Control,Clear,Daylight,Dry,Non-Fatal Injury,Cyclist Collisions,Cyclist,35 to 39,Major,0,North,Bicycle,Going Ahead, , , , , ,Cyclist and Driver travelling in same direction. One vehicle sideswipes the other.,Driving Properly,Unknown, ,Yes,Yes, , , , , ,Yes,Yes, , , ,52,,,79,,411
-79.399905,43.659789,80920031,7001512799,2017,2017-08-21T04:00:00.000Z,1634,16,SPADINA CRES,RUSSELL ST,30 m South of,Major Arterial,Toronto and East York,43.659789,-79.399905,Intersection,At Intersection,No Control,Clear,Daylight,Dry,Non-Fatal Injury,Cyclist Collisions,Driver,25 to 29,None,0,North,Delivery Van,Going Ahead,Other,Unknown, , , , , , , ,Yes,Yes, , , , , ,Yes,Yes, , , ,52,,,79,,412
-79.35889,43.676145,6237033,1208896,2010,2010-12-21T05:00:00.000Z,1639,16,DANFORTH Ave,BROADVIEW Ave, ,Major Arterial,Toronto and East York,43.676145,-79.35889,Mid-Block, ,No Control,Clear,Daylight,Dry,Non-Fatal Injury,Cyclist Collisions,Vehicle Owner,unknown, ,0, ,Other, , , , , , , , , , ,Yes,Yes, , , , , , , , , , ,"54,55",,,68,,413
-79.35889,43.676145,6237034,1208896,2010,2010-12-21T05:00:00.000Z,1639,16,DANFORTH Ave,BROADVIEW Ave, ,Major Arterial,Toronto and East York,43.676145,-79.35889,Mid-Block, ,No Control,Clear,Daylight,Dry,Non-Fatal Injury,Cyclist Collisions,Driver,30 to 34,None,0,East,"Automobile, Station Wagon",Pulling Onto Shoulder or towardCurb,Improper Lane Change,Inattentive, , , , , , , ,Yes,Yes, , , , , , , , , , ,"54,55",,,68,,414
-79.56529,43.737245,7454959,1311042,2012,2012-07-13T04:00:00.000Z,640,6,ALBION RD,ISLINGTON AVE, ,Major Arterial,Etobicoke York,43.737245,-79.56529,Intersection,At Intersection,Traffic Signal,Clear,Daylight,Dry,Non-Fatal Injury,Cyclist Collisions,Cyclist,35 to 39,Major,0,West,Bicycle,Going Ahead, , , , , ,"Motorist without ROW drives into path of cyclist at inter, lnwy, dwy-Driver not turn.",Driving Properly,Normal, ,Yes,Yes, , , , , , ,Yes, , , ,23,,,3,,415
-79.35889,43.676145,6237035,1208896,2010,2010-12-21T05:00:00.000Z,1639,16,DANFORTH Ave,BROADVIEW Ave, ,Major Arterial,Toronto and East York,43.676145,-79.35889,Mid-Block, ,No Control,Clear,Daylight,Dry,Non-Fatal Injury,Cyclist Collisions,Cyclist,55 to 59,Major,0,East,Bicycle,Going Ahead, , , , , ,Cyclist and Driver travelling in same direction. One vehicle rear-ended the other.,Driving Properly,Normal, ,Yes,Yes, , , , , , , , , , ,"54,55",,,68,,416
-79.443073,43.677951,7879593,1382388,2013,2013-08-13T04:00:00.000Z,1639,16,ST CLAIR AVE W,DUFFERIN ST, ,Major Arterial,Toronto and East York,43.677951,-79.443073,Intersection,At Intersection,Traffic Signal,Clear,Daylight,Dry,Non-Fatal Injury,Cyclist Collisions,Vehicle Owner,unknown, ,0, , , , , , , , , , , , ,Yes, , , ,Yes, , , , , , , ,13,,,92,,417
-79.443073,43.677951,7879594,1382388,2013,2013-08-13T04:00:00.000Z,1639,16,ST CLAIR AVE W,DUFFERIN ST, ,Major Arterial,Toronto and East York,43.677951,-79.443073,Intersection,At Intersection,Traffic Signal,Clear,Daylight,Dry,Non-Fatal Injury,Cyclist Collisions,Driver,30 to 34,None,0,West,Street Car,Going Ahead,Driving Properly,Normal, , , , , , , ,Yes, , , ,Yes, , , , , , , ,13,,,92,,418
-79.443073,43.677951,7879595,1382388,2013,2013-08-13T04:00:00.000Z,1639,16,ST CLAIR AVE W,DUFFERIN ST, ,Major Arterial,Toronto and East York,43.677951,-79.443073,Intersection,At Intersection,Traffic Signal,Clear,Daylight,Dry,Non-Fatal Injury,Cyclist Collisions,Cyclist,55 to 59,Major,0,South,Bicycle,Going Ahead, , , , , ,"Cyclist without ROW rides into path of motorist at inter, lnwy, dwy-Cyclist not turn.",Disobeyed Traffic Control,Inattentive, ,Yes, , , ,Yes, , , , , , , ,13,,,92,,419
-79.43109,43.652845,6199887,1193217,2010,2010-09-02T04:00:00.000Z,1640,16,COLLEGE ST,GLADSTONE AVE, ,Major Arterial,Toronto and East York,43.652845,-79.43109,Intersection,At Intersection,No Control,Clear,Daylight,Dry,Non-Fatal Injury,Cyclist Collisions,Driver,40 to 44,None,0,West,"Automobile, Station Wagon",Going Ahead,Driving Properly,Normal, , , , , , , ,Yes,Yes, , , , , , , , , , ,14,,,84,,420
-79.43109,43.652845,6199888,1193217,2010,2010-09-02T04:00:00.000Z,1640,16,COLLEGE ST,GLADSTONE AVE, ,Major Arterial,Toronto and East York,43.652845,-79.43109,Intersection,At Intersection,No Control,Clear,Daylight,Dry,Non-Fatal Injury,Cyclist Collisions,Cyclist,45 to 49,Major,0,North,Bicycle,Going Ahead, , , , , ,"Cyclist without ROW rides into path of motorist at inter, lnwy, dwy-Cyclist not turn.",Other,Normal, ,Yes,Yes, , , , , , , , , , ,14,,,84,,421
-79.39189,43.641745,6675460,1253834,2011,2011-08-16T04:00:00.000Z,1640,16,BLUE JAYS WAY,NAVY WHARF CRT, ,Minor Arterial,Toronto and East York,43.641745,-79.39189,Intersection,At Intersection,No Control,Clear,Daylight,Dry,Non-Fatal Injury,Cyclist Collisions,Driver,unknown,None,0,West,"Automobile, Station Wagon",Going Ahead,Failed to Yield Right of Way,Unknown, , , , , , , ,Yes,Yes, , , , , , ,Yes, , , ,52,,,77,,422
-79.39189,43.641745,6675461,1253834,2011,2011-08-16T04:00:00.000Z,1640,16,BLUE JAYS WAY,NAVY WHARF CRT, ,Minor Arterial,Toronto and East York,43.641745,-79.39189,Intersection,At Intersection,No Control,Clear,Daylight,Dry,Non-Fatal Injury,Cyclist Collisions,Cyclist,25 to 29,Major,0,West,Bicycle,Turning Left, , , , , ,Cyclist turned left across motorists path.,Driving Properly,Normal, ,Yes,Yes, , , , , , ,Yes, , , ,52,,,77,,423
-79.52058,43.769675,80632070,6001333715,2016,2016-07-29T04:00:00.000Z,1645,16,JANE ST,SHOREHAM DR,121 m North of,Major Arterial,Etobicoke York,43.769675,-79.52058,Mid-Block,Non Intersection,No Control,Clear,Daylight,Dry,Non-Fatal Injury,Cyclist Collisions,Cyclist,30 to 34,None,0,East,Bicycle,Going Ahead, , , , , ,"Cyclist without ROW rides into path of motorist at inter, lnwy, dwy-Cyclist not turn.",Failed to Yield Right of Way,Inattentive, ,Yes,Yes, , , , , , , , , , ,31,,,24,,424
-79.52058,43.769675,80632071,6001333715,2016,2016-07-29T04:00:00.000Z,1645,16,JANE ST,SHOREHAM DR,121 m North of,Major Arterial,Etobicoke York,43.769675,-79.52058,Mid-Block,Non Intersection,No Control,Clear,Daylight,Dry,Non-Fatal Injury,Cyclist Collisions,Driver,50 to 54,Major,0,South,"Automobile, Station Wagon",Going Ahead,Driving Properly,Normal, , , , , , , ,Yes,Yes, , , , , , , , , , ,31,,,24,,425
-79.34059,43.679745,6668797,1250894,2011,2011-07-15T04:00:00.000Z,1655,16,DANFORTH Ave,LANGFORD Ave, ,Major Arterial,Toronto and East York,43.679745,-79.34059,Intersection, ,No Control,Clear,Daylight,Dry,Non-Fatal Injury,Cyclist Collisions,Driver,45 to 49,None,0,West,"Automobile, Station Wagon",Parked,Other,Inattentive, , , , , , , ,Yes,Yes, , , , , , , , , , ,"54,55",,,69,,426
-79.34059,43.679745,6668798,1250894,2011,2011-07-15T04:00:00.000Z,1655,16,DANFORTH Ave,LANGFORD Ave, ,Major Arterial,Toronto and East York,43.679745,-79.34059,Intersection, ,No Control,Clear,Daylight,Dry,Non-Fatal Injury,Cyclist Collisions,Cyclist,50 to 54,Major,0,West,Bicycle,Going Ahead, , , , , ,Cyclist struck opened vehicle door,Driving Properly,Normal, ,Yes,Yes, , , , , , , , , , ,"54,55",,,69,,427
-79.43049,43.655545,5358528,1037840,2008,2008-04-28T04:00:00.000Z,1700,17,HAVELOCK Stre,DEWSON Stre, ,Collector,Toronto and East York,43.655545,-79.43049,Intersection,At Intersection,Stop Sign,Clear,Daylight,Dry,Non-Fatal Injury,Cyclist Collisions,Vehicle Owner,unknown, ,0, ,Other, , , , , , , , , , ,Yes,Yes, , , , , , , , , , ,14,,,83,,428
-79.43049,43.655545,5358529,1037840,2008,2008-04-28T04:00:00.000Z,1700,17,HAVELOCK Stre,DEWSON Stre, ,Collector,Toronto and East York,43.655545,-79.43049,Intersection,At Intersection,Stop Sign,Clear,Daylight,Dry,Non-Fatal Injury,Cyclist Collisions,Driver,30 to 34,None,0,West,"Automobile, Station Wagon",Turning Left,Improper Turn,Inattentive, , , , , , , ,Yes,Yes, , , , , , , , , , ,14,,,83,,429
-79.43049,43.655545,5358530,1037840,2008,2008-04-28T04:00:00.000Z,1700,17,HAVELOCK Stre,DEWSON Stre, ,Collector,Toronto and East York,43.655545,-79.43049,Intersection,At Intersection,Stop Sign,Clear,Daylight,Dry,Non-Fatal Injury,Cyclist Collisions,Cyclist,60 to 64,Major,0,South,Bicycle,Going Ahead, , , , , ,"Motorist without ROW drives into path of cyclist at inter, lnwy, dwy-Driver not turn.",Driving Properly,Normal, ,Yes,Yes, , , , , , , , , , ,14,,,83,,430
-79.33939,43.685845,5796898,1144508,2009,2009-12-29T05:00:00.000Z,1700,17,SAMMON AVE,DONLANDS AVE, ,Minor Arterial,Toronto and East York,43.685845,-79.33939,Intersection,At Intersection,No Control,Clear,Daylight,Dry,Non-Fatal Injury,Cyclist Collisions,Cyclist,75 to 79,Major,0,West,Bicycle,Stopped, , , , , ,Insufficient information (to determine cyclist crash type).,Driving Properly,Medical or Physical Disability, ,Yes, , , , , , , , , , , ,54,,,59,,431
-79.43169,43.660645,6719455,1273068,2011,2011-11-04T04:00:00.000Z,1700,17,BLOOR Stre W,SALEM Aven, ,Major Arterial,Toronto and East York,43.660645,-79.43169,Intersection,At Intersection,No Control,Clear,Daylight,Dry,Non-Fatal Injury,Cyclist Collisions,Driver,30 to 34,None,0,East,"Automobile, Station Wagon",Turning Left,Failed to Yield Right of Way,Normal, , , , , , , ,Yes,Yes, , , , , , ,Yes, , , ,14,,,83,,432
-79.43169,43.660645,6719456,1273068,2011,2011-11-04T04:00:00.000Z,1700,17,BLOOR Stre W,SALEM Aven, ,Major Arterial,Toronto and East York,43.660645,-79.43169,Intersection,At Intersection,No Control,Clear,Daylight,Dry,Non-Fatal Injury,Cyclist Collisions,Cyclist,50 to 54,Major,0,West,Bicycle,Going Ahead, , , , , ,Motorist turned left across cyclists path.,Driving Properly,Unknown, ,Yes,Yes, , , , , , ,Yes, , , ,14,,,83,,433
-79.365466,43.645079,80943569,8000970456,2018,2018-05-29T04:00:00.000Z,1700,17,QUEENS QUAY  E,DOCKSIDE DR, ,Minor Arterial,Toronto and East York,43.645079,-79.365466,Intersection,At Intersection,Traffic Signal,Clear,Daylight,Dry,Non-Fatal Injury,Cyclist Collisions,Driver,35 to 39,None,0,East,"Automobile, Station Wagon",Turning Right,Failed to Yield Right of Way,Normal, , , , , , , ,Yes,Yes, , , , , , ,Yes, , , ,51,,,77,,434
-79.365466,43.645079,80943570,8000970456,2018,2018-05-29T04:00:00.000Z,1700,17,QUEENS QUAY  E,DOCKSIDE DR, ,Minor Arterial,Toronto and East York,43.645079,-79.365466,Intersection,At Intersection,Traffic Signal,Clear,Daylight,Dry,Non-Fatal Injury,Cyclist Collisions,Cyclist,25 to 29,Major,0,West,Bicycle,Going Ahead, , , , , ,Motorist turning right on green or amber at signalized intersection strikes cyclist.,Driving Properly,Normal, ,Yes,Yes, , , , , , ,Yes, , , ,51,,,77,,435
-79.493869,43.605387,80948087,8001059223,2018,2018-06-11T04:00:00.000Z,1700,17,ROYAL YORK  RD,DARTMOUTH  CRES, ,Minor Arterial,Etobicoke York,43.605387,-79.493869,Mid-Block,Non Intersection,No Control,Clear,Daylight,Dry,Non-Fatal Injury,Cyclist Collisions,Motorcycle Driver,unknown,None,0,South,Motorcycle,Going Ahead,Failed to Yield Right of Way,Unknown, , , , , , , ,Yes, ,Yes, , , , , ,Yes, , , ,22,,,17,,436
-79.493869,43.605387,80948088,8001059223,2018,2018-06-11T04:00:00.000Z,1700,17,ROYAL YORK  RD,DARTMOUTH  CRES, ,Minor Arterial,Etobicoke York,43.605387,-79.493869,Mid-Block,Non Intersection,No Control,Clear,Daylight,Dry,Non-Fatal Injury,Cyclist Collisions,Cyclist,25 to 29,Major,0,South,Bicycle,Going Ahead, , , , , ,Cyclist and Driver travelling in same direction. One vehicle rear-ended the other.,Driving Properly,Normal, ,Yes, ,Yes, , , , , ,Yes, , , ,22,,,17,,437
-79.449291,43.747107,80631919,4003399384,2014,2014-11-30T05:00:00.000Z,1702,17,203 FAYWOOD BLVD, , ,Collector,North York,43.747107,-79.449291,Mid-Block,At/Near Private Drive,No Control,Rain,"Dark, artificial",Wet,Non-Fatal Injury,Cyclist Collisions,Driver,30 to 34,None,0,East,Pick Up Truck,Reversing,Other,Inattentive, , , , , , , ,Yes,Yes, , , , , , , , , , ,32,,,33,,438
-79.449291,43.747107,80631920,4003399384,2014,2014-11-30T05:00:00.000Z,1702,17,203 FAYWOOD BLVD, , ,Collector,North York,43.747107,-79.449291,Mid-Block,At/Near Private Drive,No Control,Rain,"Dark, artificial",Wet,Non-Fatal Injury,Cyclist Collisions,Cyclist,35 to 39,Major,0,North,Bicycle,Going Ahead, , , , , ,Motorist reversing struck cyclist.,Driving Properly,Other, ,Yes,Yes, , , , , , , , , , ,32,,,33,,439
-79.390605,43.663512,80895726,7001571864,2017,2017-08-30T04:00:00.000Z,1703,17,WELLESLEY ST W,QUEENS PARK CRES E,3 m East of,Major Arterial,Toronto and East York,43.663512,-79.390605,Intersection,At Intersection,Traffic Signal,Clear,Daylight,Dry,Non-Fatal Injury,Cyclist Collisions,Cyclist,40 to 44,Major,0,West,Bicycle,Going Ahead, , , , , ,Motorist turning right on green or amber at signalized intersection strikes cyclist.,Driving Properly,Normal, ,Yes, , ,Yes, , , , , , , , ,52,,,76,,440
-79.390605,43.663512,80895727,7001571864,2017,2017-08-30T04:00:00.000Z,1703,17,WELLESLEY ST W,QUEENS PARK CRES E,3 m East of,Major Arterial,Toronto and East York,43.663512,-79.390605,Intersection,At Intersection,Traffic Signal,Clear,Daylight,Dry,Non-Fatal Injury,Cyclist Collisions,Truck Driver,55 to 59,None,0,West,Truck - Dump,Turning Right,Improper Turn,Inattentive, , , , , , , ,Yes, , ,Yes, , , , , , , , ,52,,,76,,441
-79.462787,43.694945,6211793,1198314,2010,2010-09-25T04:00:00.000Z,1704,17,CALEDONIA RD,BOWIE AVE, ,Minor Arterial,North York,43.694945,-79.462787,Intersection,At Intersection,Stop Sign,Clear,Daylight,Dry,Non-Fatal Injury,Cyclist Collisions,Vehicle Owner,unknown, ,0, , , , , , , , , , , , ,Yes,Yes, , , , , , , , , , ,13,,,108,,442
-79.462787,43.694945,6211794,1198314,2010,2010-09-25T04:00:00.000Z,1704,17,CALEDONIA RD,BOWIE AVE, ,Minor Arterial,North York,43.694945,-79.462787,Intersection,At Intersection,Stop Sign,Clear,Daylight,Dry,Non-Fatal Injury,Cyclist Collisions,Driver,20 to 24,None,0,West,Pick Up Truck,Turning Left,Driving Properly,Normal, , , , , , , ,Yes,Yes, , , , , , , , , , ,13,,,108,,443
-79.462787,43.694945,6211795,1198314,2010,2010-09-25T04:00:00.000Z,1704,17,CALEDONIA RD,BOWIE AVE, ,Minor Arterial,North York,43.694945,-79.462787,Intersection,At Intersection,Stop Sign,Clear,Daylight,Dry,Non-Fatal Injury,Cyclist Collisions,Cyclist,50 to 54,Major,0,East,Bicycle,Going Ahead, , , , , ,Motorist turned left across cyclists path.,Failed to Yield Right of Way,Had Been Drinking, ,Yes,Yes, , , , , , , , , , ,13,,,108,,444
-79.304042,43.816859,80976719,8002197002,2018,2018-11-29T05:00:00.000Z,1705,17,KENNEDY  RD,PASSMORE AVE,169 m South of,Major Arterial,Scarborough,43.816859,-79.304042,Mid-Block,At/Near Private Drive,No Control,Clear,Dusk,Dry,Non-Fatal Injury,Cyclist Collisions,Driver,60 to 64,None,0,South,"Automobile, Station Wagon",Going Ahead,Driving Properly,Normal, , , , , , , ,Yes,Yes, , , , ,Yes, ,Yes, , , ,42,,,130,,445
-79.304042,43.816859,80976720,8002197002,2018,2018-11-29T05:00:00.000Z,1705,17,KENNEDY  RD,PASSMORE AVE,169 m South of,Major Arterial,Scarborough,43.816859,-79.304042,Mid-Block,At/Near Private Drive,No Control,Clear,Dusk,Dry,Non-Fatal Injury,Cyclist Collisions,Cyclist,70 to 74,Major,0,East,Bicycle,Going Ahead, , , , , ,"Cyclist without ROW rides into path of motorist at inter, lnwy, dwy-Cyclist not turn.",Other,Inattentive, ,Yes,Yes, , , , ,Yes, ,Yes, , , ,42,,,130,,446
-79.304042,43.816859,80976721,8002197002,2018,2018-11-29T05:00:00.000Z,1705,17,KENNEDY  RD,PASSMORE AVE,169 m South of,Major Arterial,Scarborough,43.816859,-79.304042,Mid-Block,At/Near Private Drive,No Control,Clear,Dusk,Dry,Non-Fatal Injury,Cyclist Collisions,Driver,35 to 39,None,0,North,"Automobile, Station Wagon",Going Ahead,Driving Properly,Normal, , , , , , , ,Yes,Yes, , , , ,Yes, ,Yes, , , ,42,,,130,,447
-79.304042,43.816859,80976722,8002197002,2018,2018-11-29T05:00:00.000Z,1705,17,KENNEDY  RD,PASSMORE AVE,169 m South of,Major Arterial,Scarborough,43.816859,-79.304042,Mid-Block,At/Near Private Drive,No Control,Clear,Dusk,Dry,Non-Fatal Injury,Cyclist Collisions,Passenger,0 to 4,None,0, , , , , , , , , , , , ,Yes,Yes, , , , ,Yes, ,Yes, , , ,42,,,130,,448