X,Y,Index_,ACCNUM,YEAR,DATE,TIME,Hour,STREET1,STREET2,OFFSET,ROAD_CLASS,District,LATITUDE,LONGITUDE,LOCCOORD,ACCLOC,TRAFFCTL,VISIBILITY,LIGHT,RDSFCOND,ACCLASS,IMPACTYPE,INVTYPE,INVAGE,INJURY,FATAL_NO,INITDIR,VEHTYPE,MANOEUVER,DRIVACT,DRIVCOND,PEDTYPE,PEDACT,PEDCOND,CYCLISTYPE,CYCACT,CYCCOND,PEDESTRIAN,CYCLIST,AUTOMOBILE,MOTORCYCLE,TRUCK,TRSN_CITY_,EMERG_VEH,PASSENGER,SPEEDING,AG_DRIV,REDLIGHT,ALCOHOL,DISABILITY,Division,Ward_Name,Ward_ID,Hood_ID,Hood_Name,ObjectId
-79.448291,43.671546,7542675,1327099,2012,2012-11-23T05:00:00.000Z,643,6,DAVENPORT RD,LANSDOWNE AVE, ,Minor Arterial,Toronto and East York,43.671546,-79.448291,Intersection,At Intersection,Traffic Signal,Clear,"Dark, artificial",Dry,Fatal,Cyclist Collisions,Driver,60 to 64,None,0,East,Passenger Van,Going Ahead,Disobeyed Traffic Control,Normal, , , , , , , ,Yes,Yes, , , , , , ,Yes,Yes, , ,13,,,93,,506
-79.448291,43.671546,7542676,1327099,2012,2012-11-23T05:00:00.000Z,643,6,DAVENPORT RD,LANSDOWNE AVE, ,Minor Arterial,Toronto and East York,43.671546,-79.448291,Intersection,At Intersection,Traffic Signal,Clear,"Dark, artificial",Dry,Fatal,Cyclist Collisions,Driver,20 to 24,None,0,West,"Automobile, Station Wagon",Going Ahead,Driving Properly,Unknown, , , , , , , ,Yes,Yes, , , , , , ,Yes,Yes, , ,13,,,93,,507
-79.284869,43.804766,80255751,5001934875,2015,2015-11-10T05:00:00.000Z,950,9,DUNMAIL DR,BLUE EAGLE TRL,15 m West of,Local,Scarborough,43.804766,-79.284869,Intersection,Non Intersection,No Control,Clear,Daylight,Dry,Non-Fatal Injury,Cyclist Collisions,Cyclist,55 to 59,Major,0,West,Bicycle,Going Ahead, , , , , ,Motorist turning right on red at signalized intersection strikes cyclist.,Driving Properly,Normal, ,Yes,Yes, , , , , , , , , , ,42,,,129,,508
-79.418292,43.649844,7409450,1291846,2012,2012-03-28T04:00:00.000Z,952,9,DUNDAS Stre W,SHAW Stre, ,Major Arterial,Toronto and East York,43.649844,-79.418292,Intersection,At Intersection,Traffic Signal,Clear,Daylight,Dry,Non-Fatal Injury,Cyclist Collisions,Driver,unknown,None,0,Unknown,"Automobile, Station Wagon",Unknown,Other,Unknown, , , , , , , ,Yes,Yes, , , , , , , , , , ,14,,,81,,509
-79.418292,43.649844,7409451,1291846,2012,2012-03-28T04:00:00.000Z,952,9,DUNDAS Stre W,SHAW Stre, ,Major Arterial,Toronto and East York,43.649844,-79.418292,Intersection,At Intersection,Traffic Signal,Clear,Daylight,Dry,Non-Fatal Injury,Cyclist Collisions,Cyclist,30 to 34,Major,0,East,Bicycle,Going Ahead, , , , , ,Insufficient information (to determine cyclist crash type).,Other,Unknown, ,Yes,Yes, , , , , , , , , , ,14,,,81,,510
-79.37899,43.651645,6723380,1276528,2011,2011-11-25T05:00:00.000Z,958,9,RICHMOND Stre E,YONGE Stre, ,Major Arterial,Toronto and East York,43.651645,-79.37899,Intersection,At Intersection,Traffic Signal,Clear,Daylight,Dry,Non-Fatal Injury,Cyclist Collisions,Vehicle Owner,unknown, ,0, ,Other, , , , , , , , , , ,Yes,Yes, ,Yes, , , , , , , , ,"51,52",,,76,,511
-79.37899,43.651645,6723381,1276528,2011,2011-11-25T05:00:00.000Z,958,9,RICHMOND Stre E,YONGE Stre, ,Major Arterial,Toronto and East York,43.651645,-79.37899,Intersection,At Intersection,Traffic Signal,Clear,Daylight,Dry,Non-Fatal Injury,Cyclist Collisions,Truck Driver,35 to 39,None,0,West,Truck - Open,Going Ahead,Driving Properly,Normal, , , , , , , ,Yes,Yes, ,Yes, , , , , , , , ,"51,52",,,76,,512
-79.311847,43.683406,80159333,4002017268,2014,2014-05-05T04:00:00.000Z,644,6,WOODBINE AVE,MERRILL AVE E, ,Major Arterial,Toronto and East York,43.683406,-79.311847,Intersection,Intersection Related,Stop Sign,Clear,Daylight,Dry,Non-Fatal Injury,Cyclist Collisions,Driver,25 to 29,None,0,East,"Automobile, Station Wagon",Turning Left,Failed to Yield Right of Way,Normal, , , , , , , ,Yes,Yes, , , , ,Yes, ,Yes, , , ,55,,,64,,513
-79.37899,43.651645,6723382,1276528,2011,2011-11-25T05:00:00.000Z,958,9,RICHMOND Stre E,YONGE Stre, ,Major Arterial,Toronto and East York,43.651645,-79.37899,Intersection,At Intersection,Traffic Signal,Clear,Daylight,Dry,Non-Fatal Injury,Cyclist Collisions,Vehicle Owner,unknown, ,0, ,Other, , , , , , , , , , ,Yes,Yes, ,Yes, , , , , , , , ,"51,52",,,76,,514
-79.42819,43.653245,5361791,1039230,2008,2008-05-07T04:00:00.000Z,1734,17,COLLEGE ST,RUSHOLME RD, ,Major Arterial,Toronto and East York,43.653245,-79.42819,Intersection,At Intersection,No Control,Rain,Daylight,Wet,Non-Fatal Injury,Cyclist Collisions,Driver,unknown,None,0,West,"Automobile, Station Wagon",Going Ahead,Other,Inattentive, , , , , , , ,Yes,Yes, , , , , , , , , , ,14,,,83,,515
-79.37899,43.651645,6723383,1276528,2011,2011-11-25T05:00:00.000Z,958,9,RICHMOND Stre E,YONGE Stre, ,Major Arterial,Toronto and East York,43.651645,-79.37899,Intersection,At Intersection,Traffic Signal,Clear,Daylight,Dry,Non-Fatal Injury,Cyclist Collisions,Driver,55 to 59,None,0,West,"Automobile, Station Wagon",Going Ahead,Driving Properly,Normal, , , , , , , ,Yes,Yes, ,Yes, , , , , , , , ,"51,52",,,76,,516
-79.311847,43.683406,80159334,4002017268,2014,2014-05-05T04:00:00.000Z,644,6,WOODBINE AVE,MERRILL AVE E, ,Major Arterial,Toronto and East York,43.683406,-79.311847,Intersection,Intersection Related,Stop Sign,Clear,Daylight,Dry,Non-Fatal Injury,Cyclist Collisions,Passenger,25 to 29,None,0, , , , , , , , , , , , ,Yes,Yes, , , , ,Yes, ,Yes, , , ,55,,,64,,517
-79.42819,43.653245,5361792,1039230,2008,2008-05-07T04:00:00.000Z,1734,17,COLLEGE ST,RUSHOLME RD, ,Major Arterial,Toronto and East York,43.653245,-79.42819,Intersection,At Intersection,No Control,Rain,Daylight,Wet,Non-Fatal Injury,Cyclist Collisions,Cyclist,20 to 24,Major,0,West,Bicycle,Unknown, , , , , ,Cyclist struck opened vehicle door,Driving Properly,Unknown, ,Yes,Yes, , , , , , , , , , ,14,,,83,,518
-79.37899,43.651645,6723384,1276528,2011,2011-11-25T05:00:00.000Z,958,9,RICHMOND Stre E,YONGE Stre, ,Major Arterial,Toronto and East York,43.651645,-79.37899,Intersection,At Intersection,Traffic Signal,Clear,Daylight,Dry,Non-Fatal Injury,Cyclist Collisions,Cyclist,30 to 34,Major,0,West,Bicycle,Going Ahead, , , , , ,Cyclist and Driver travelling in same direction. One vehicle sideswipes the other.,Improper Passing,Unknown, ,Yes,Yes, ,Yes, , , , , , , , ,"51,52",,,76,,519
-79.41709,43.646945,7441269,1305388,2012,2012-06-04T04:00:00.000Z,1000,10,LOBB AVE,SHAW ST, ,Collector,Toronto and East York,43.646945,-79.41709,Intersection,At Intersection,Traffic Signal,Clear,Daylight,Dry,Non-Fatal Injury,Cyclist Collisions,Driver,50 to 54,None,0,North,"Automobile, Station Wagon",Turning Left,Failed to Yield Right of Way,Normal, , , , , , , ,Yes,Yes, , , , , , ,Yes, , , ,14,,,81,,520
-79.41709,43.646945,7441270,1305388,2012,2012-06-04T04:00:00.000Z,1000,10,LOBB AVE,SHAW ST, ,Collector,Toronto and East York,43.646945,-79.41709,Intersection,At Intersection,Traffic Signal,Clear,Daylight,Dry,Non-Fatal Injury,Cyclist Collisions,Cyclist,30 to 34,Major,0,East,Bicycle,Going Ahead, , , , , ,Motorist turned left across cyclists path.,Driving Properly,Normal, ,Yes,Yes, , , , , , ,Yes, , , ,14,,,81,,521
-79.274318,43.81272,80775127,7000451642,2017,2017-03-13T04:00:00.000Z,1006,10,BRIMWOOD BLVD,WELLPARK BLVD,4 m East of,Collector,Scarborough,43.81272,-79.274318,Intersection,At Intersection,Stop Sign,Clear,Daylight,Dry,Non-Fatal Injury,Cyclist Collisions,Cyclist,70 to 74,Major,0,South,Bicycle,Turning Left, , , , , ,Cyclist turned left across motorists path.,Failed to Yield Right of Way,Inattentive, ,Yes,Yes, , , , , , , , , , ,42,,,129,,522
-79.274318,43.81272,80775128,7000451642,2017,2017-03-13T04:00:00.000Z,1006,10,BRIMWOOD BLVD,WELLPARK BLVD,4 m East of,Collector,Scarborough,43.81272,-79.274318,Intersection,At Intersection,Stop Sign,Clear,Daylight,Dry,Non-Fatal Injury,Cyclist Collisions,Driver,45 to 49,None,0,East,"Automobile, Station Wagon",Going Ahead,Driving Properly,Normal, , , , , , , ,Yes,Yes, , , , , , , , , , ,42,,,129,,523
-79.40209,43.663045,5860380,1121120,2009,2009-07-17T04:00:00.000Z,1009,10,HARBORD ST,SPADINA AVE, ,Major Arterial,Toronto and East York,43.663045,-79.40209,Intersection,At Intersection,Traffic Signal,Clear,Daylight,Dry,Non-Fatal Injury,Cyclist Collisions,Driver,35 to 39,None,0,East,"Automobile, Station Wagon",Turning Right,Improper Turn,Normal, , , , , , , ,Yes,Yes, , , , , , , , , , ,"14,52",,,79,,524
-79.40209,43.663045,5860381,1121120,2009,2009-07-17T04:00:00.000Z,1009,10,HARBORD ST,SPADINA AVE, ,Major Arterial,Toronto and East York,43.663045,-79.40209,Intersection,At Intersection,Traffic Signal,Clear,Daylight,Dry,Non-Fatal Injury,Cyclist Collisions,Cyclist,25 to 29,Major,0,East,Bicycle,Going Ahead, , , , , ,Motorist turning right on red at signalized intersection strikes cyclist.,Driving Properly,Normal, ,Yes,Yes, , , , , , , , , , ,"14,52",,,79,,525
-79.307918,43.673918,80159363,4002018320,2014,2014-05-05T04:00:00.000Z,1009,10,WOODBINE AVE,KINGSTON RD, ,Major Arterial,Toronto and East York,43.673918,-79.307918,Intersection,At Intersection,Traffic Signal,Clear,Daylight,Dry,Non-Fatal Injury,Cyclist Collisions,Cyclist,50 to 54,Major,0,North,Bicycle,Going Ahead, , , , , ,Motorist turned left across cyclists path.,Driving Properly,Normal, ,Yes,Yes, , , , ,Yes, ,Yes, , , ,55,,,63,,526
-79.307918,43.673918,80159364,4002018320,2014,2014-05-05T04:00:00.000Z,1009,10,WOODBINE AVE,KINGSTON RD, ,Major Arterial,Toronto and East York,43.673918,-79.307918,Intersection,At Intersection,Traffic Signal,Clear,Daylight,Dry,Non-Fatal Injury,Cyclist Collisions,Driver,45 to 49,None,0,South,"Automobile, Station Wagon",Turning Left,Failed to Yield Right of Way,Normal, , , , , , , ,Yes,Yes, , , , ,Yes, ,Yes, , , ,55,,,63,,527
-79.307918,43.673918,80159365,4002018320,2014,2014-05-05T04:00:00.000Z,1009,10,WOODBINE AVE,KINGSTON RD, ,Major Arterial,Toronto and East York,43.673918,-79.307918,Intersection,At Intersection,Traffic Signal,Clear,Daylight,Dry,Non-Fatal Injury,Cyclist Collisions,Passenger,20 to 24,None,0, , , , , , , , , , , , ,Yes,Yes, , , , ,Yes, ,Yes, , , ,55,,,63,,528
-79.37809,43.658745,5302050,1132051,2009,2009-09-24T04:00:00.000Z,1010,10,CHURCH ST,GOULD ST, ,Minor Arterial,Toronto and East York,43.658745,-79.37809,Mid-Block, ,No Control,Clear,Daylight,Dry,Non-Fatal Injury,Cyclist Collisions,Driver,unknown,None,0,South,"Automobile, Station Wagon",Parked,Other,Inattentive, , , , , , , ,Yes,Yes, , , , , , , , , , ,51,,,75,,529
-79.37809,43.658745,5302051,1132051,2009,2009-09-24T04:00:00.000Z,1010,10,CHURCH ST,GOULD ST, ,Minor Arterial,Toronto and East York,43.658745,-79.37809,Mid-Block, ,No Control,Clear,Daylight,Dry,Non-Fatal Injury,Cyclist Collisions,Cyclist,20 to 24,Major,0,South,Bicycle,Slowing or Stopping, , , , , ,Cyclist struck opened vehicle door,Driving Properly,Normal, ,Yes,Yes, , , , , , , , , , ,51,,,75,,530
-79.31689,43.821345,7448107,1308128,2012,2012-07-06T04:00:00.000Z,1010,10,STEELES AVE E,BIRCHMOUNT RD, ,Major Arterial,Scarborough,43.821345,-79.31689,Intersection,At Intersection,Traffic Signal,Clear,Daylight,Dry,Non-Fatal Injury,Cyclist Collisions,Vehicle Owner,unknown, ,0, ,Other, , , , , , , , , , ,Yes,Yes, , , , , , ,Yes, , , ,42,,,116,,531
-79.31689,43.821345,7448108,1308128,2012,2012-07-06T04:00:00.000Z,1010,10,STEELES AVE E,BIRCHMOUNT RD, ,Major Arterial,Scarborough,43.821345,-79.31689,Intersection,At Intersection,Traffic Signal,Clear,Daylight,Dry,Non-Fatal Injury,Cyclist Collisions,Driver,55 to 59,None,0,West,"Automobile, Station Wagon",Turning Left,Failed to Yield Right of Way,Normal, , , , , , , ,Yes,Yes, , , , , , ,Yes, , , ,42,,,116,,532
-79.31689,43.821345,7448109,1308128,2012,2012-07-06T04:00:00.000Z,1010,10,STEELES AVE E,BIRCHMOUNT RD, ,Major Arterial,Scarborough,43.821345,-79.31689,Intersection,At Intersection,Traffic Signal,Clear,Daylight,Dry,Non-Fatal Injury,Cyclist Collisions,Cyclist,75 to 79,Major,0,West,Bicycle,Going Ahead, , , , , ,Motorist turned left across cyclists path.,Driving Properly,Normal, ,Yes,Yes, , , , , , ,Yes, , , ,42,,,116,,533
-79.300121,43.683879,80894961,7001528499,2017,2017-08-23T04:00:00.000Z,1010,10,MAIN ST,GERRARD  ST E, ,Minor Arterial,Toronto and East York,43.683879,-79.300121,Intersection,At Intersection,Traffic Signal,Clear,Daylight,Dry,Non-Fatal Injury,Cyclist Collisions,Driver,45 to 49,None,0,South,"Automobile, Station Wagon",Going Ahead,Driving Properly,Normal, , , , , , , ,Yes,Yes, , , , , , , , , , ,55,,,62,,534
-79.300121,43.683879,80894962,7001528499,2017,2017-08-23T04:00:00.000Z,1010,10,MAIN ST,GERRARD  ST E, ,Minor Arterial,Toronto and East York,43.683879,-79.300121,Intersection,At Intersection,Traffic Signal,Clear,Daylight,Dry,Non-Fatal Injury,Cyclist Collisions,Cyclist,25 to 29,Major,0,East,Bicycle,Going Ahead, , , , , ,"Cyclist without ROW rides into path of motorist at inter, lnwy, dwy-Cyclist not turn.",Driving Properly,Normal, ,Yes,Yes, , , , , , , , , , ,55,,,62,,535
-79.41339,43.650845,7433404,1302130,2012,2012-05-10T04:00:00.000Z,1015,10,DUNDAS ST W,GORE VALE AVE, ,Major Arterial,Toronto and East York,43.650845,-79.41339,Intersection, ,No Control,Clear,Daylight,Dry,Non-Fatal Injury,Cyclist Collisions,Vehicle Owner,unknown, ,0, ,Other, , , , , , , , , , ,Yes,Yes, , , , , , ,Yes, , , ,14,,,81,,536
-79.41339,43.650845,7433405,1302130,2012,2012-05-10T04:00:00.000Z,1015,10,DUNDAS ST W,GORE VALE AVE, ,Major Arterial,Toronto and East York,43.650845,-79.41339,Intersection, ,No Control,Clear,Daylight,Dry,Non-Fatal Injury,Cyclist Collisions,Driver,25 to 29,None,0,East,"Automobile, Station Wagon",Going Ahead,Improper Passing,Normal, , , , , , , ,Yes,Yes, , , , , , ,Yes, , , ,14,,,81,,537
-79.41339,43.650845,7433406,1302130,2012,2012-05-10T04:00:00.000Z,1015,10,DUNDAS ST W,GORE VALE AVE, ,Major Arterial,Toronto and East York,43.650845,-79.41339,Intersection, ,No Control,Clear,Daylight,Dry,Non-Fatal Injury,Cyclist Collisions,Cyclist,65 to 69,Major,0,East,Bicycle,Going Ahead, , , , , ,Cyclist and Driver travelling in same direction. One vehicle sideswipes the other.,Driving Properly,Normal, ,Yes,Yes, , , , , , ,Yes, , , ,14,,,81,,538
-79.442912,43.635951,7888883,1386246,2013,2013-06-23T04:00:00.000Z,1015,10,1491 LAKE SHORE BLVD W, , ,Major Arterial,Toronto and East York,43.635951,-79.442912,Mid-Block,Non Intersection,Stop Sign,Clear,Daylight,Dry,Non-Fatal Injury,Cyclist Collisions,Driver,40 to 44,None,0,North,"Automobile, Station Wagon",Going Ahead,Failed to Yield Right of Way,Inattentive, , , , , , , ,Yes,Yes, , , , , , ,Yes, , , ,14,,,85,,539
-79.442912,43.635951,7888884,1386246,2013,2013-06-23T04:00:00.000Z,1015,10,1491 LAKE SHORE BLVD W, , ,Major Arterial,Toronto and East York,43.635951,-79.442912,Mid-Block,Non Intersection,Stop Sign,Clear,Daylight,Dry,Non-Fatal Injury,Cyclist Collisions,Cyclist,25 to 29,Major,0,West,Bicycle,Going Ahead, , , , , ,"Motorist without ROW drives into path of cyclist at inter, lnwy, dwy-Driver not turn.",Driving Properly,Normal, ,Yes,Yes, , , , , , ,Yes, , , ,14,,,85,,540
-79.432582,43.674498,7893578,1387944,2013,2013-10-09T04:00:00.000Z,1018,10,DAVENPORT RD,MOUNT ROYAL AVE, ,Minor Arterial,Toronto and East York,43.674498,-79.432582,Intersection,At Intersection,No Control,Clear,Daylight,Dry,Non-Fatal Injury,Cyclist Collisions,Vehicle Owner,unknown, ,0, , , , , , , , , , , , ,Yes,Yes, , , , , , , , , , ,13,,,94,,541
-79.432582,43.674498,7893579,1387944,2013,2013-10-09T04:00:00.000Z,1018,10,DAVENPORT RD,MOUNT ROYAL AVE, ,Minor Arterial,Toronto and East York,43.674498,-79.432582,Intersection,At Intersection,No Control,Clear,Daylight,Dry,Non-Fatal Injury,Cyclist Collisions,Driver,45 to 49,None,0,West,Delivery Van,Turning Right,Improper Turn,Inattentive, , , , , , , ,Yes,Yes, , , , , , , , , , ,13,,,94,,542
-79.432582,43.674498,7893580,1387944,2013,2013-10-09T04:00:00.000Z,1018,10,DAVENPORT RD,MOUNT ROYAL AVE, ,Minor Arterial,Toronto and East York,43.674498,-79.432582,Intersection,At Intersection,No Control,Clear,Daylight,Dry,Non-Fatal Injury,Cyclist Collisions,Cyclist,50 to 54,Major,0,West,Bicycle,Going Ahead, , , , , ,"Motorist turns right at non-signal Inter.(stop, yield, no cont.,and dwy) and strikes cyclist.",Driving Properly,Normal, ,Yes,Yes, , , , , , , , , , ,13,,,94,,543
-79.31739,43.696445,6176857,1183570,2010,2010-07-05T04:00:00.000Z,1019,10,COSBURN Ave,WOODBINE Ave, ,Major Arterial,Toronto and East York,43.696445,-79.31739,Intersection,At Intersection,Traffic Signal,Clear,Daylight,Dry,Non-Fatal Injury,Cyclist Collisions,Driver,45 to 49,None,0,West,"Automobile, Station Wagon",Going Ahead,Driving Properly,Normal, , , , , , , ,Yes,Yes, , , , , , , , , , ,54,,,60,,544
-79.31739,43.696445,6176858,1183570,2010,2010-07-05T04:00:00.000Z,1019,10,COSBURN Ave,WOODBINE Ave, ,Major Arterial,Toronto and East York,43.696445,-79.31739,Intersection,At Intersection,Traffic Signal,Clear,Daylight,Dry,Non-Fatal Injury,Cyclist Collisions,Cyclist,45 to 49,Major,0,East,Bicycle,Turning Left, , , , , ,Cyclist turned left across motorists path.,Improper Turn,Inattentive, ,Yes,Yes, , , , , , , , , , ,54,,,60,,545
-79.37829,43.666245,6636567,1237364,2011,2011-04-05T04:00:00.000Z,1020,10,JARVIS ST,WELLESLEY ST E, ,Major Arterial,Toronto and East York,43.666245,-79.37829,Intersection,At Intersection,Traffic Signal,Clear,Daylight,Dry,Non-Fatal Injury,Cyclist Collisions,Driver,65 to 69,None,0,South,"Automobile, Station Wagon",Going Ahead,Driving Properly,Normal, , , , , , , ,Yes,Yes, , , , , , , , , , ,51,,,71,,546
-79.37829,43.666245,6636568,1237364,2011,2011-04-05T04:00:00.000Z,1020,10,JARVIS ST,WELLESLEY ST E, ,Major Arterial,Toronto and East York,43.666245,-79.37829,Intersection,At Intersection,Traffic Signal,Clear,Daylight,Dry,Non-Fatal Injury,Cyclist Collisions,Cyclist,65 to 69,Major,0,South,Bicycle,Overtaking, , , , , ,Cyclist and Driver travelling in same direction. One vehicle sideswipes the other.,Improper Passing,Normal, ,Yes,Yes, , , , , , , , , , ,51,,,71,,547
-79.39319,43.658445,5279428,1122151,2009,2009-09-01T04:00:00.000Z,1024,10,MC CAUL St,ORDE St, ,Collector,Toronto and East York,43.658445,-79.39319,Mid-Block,At Intersection,No Control,Clear,Daylight,Dry,Non-Fatal Injury,Cyclist Collisions,Driver,40 to 44,None,0,North,"Automobile, Station Wagon",Going Ahead,Driving Properly,Normal, , , , , , , ,Yes,Yes, , , , , , , , , , ,52,,,78,,548
-79.39319,43.658445,5279429,1122151,2009,2009-09-01T04:00:00.000Z,1024,10,MC CAUL St,ORDE St, ,Collector,Toronto and East York,43.658445,-79.39319,Mid-Block,At Intersection,No Control,Clear,Daylight,Dry,Non-Fatal Injury,Cyclist Collisions,Driver,65 to 69,None,0,North,"Automobile, Station Wagon",Parked,Other,Inattentive, , , , , , , ,Yes,Yes, , , , , , , , , , ,52,,,78,,549
-79.39319,43.658445,5279430,1122151,2009,2009-09-01T04:00:00.000Z,1024,10,MC CAUL St,ORDE St, ,Collector,Toronto and East York,43.658445,-79.39319,Mid-Block,At Intersection,No Control,Clear,Daylight,Dry,Non-Fatal Injury,Cyclist Collisions,Cyclist,30 to 34,Major,0,North,Bicycle,Going Ahead, , , , , ,Cyclist struck opened vehicle door,Driving Properly,Normal, ,Yes,Yes, , , , , , , , , , ,52,,,78,,550
-79.37089,43.667845,6717518,1272062,2011,2011-10-31T04:00:00.000Z,1030,10,240 WELLESLEY St E, , ,Minor Arterial,Toronto and East York,43.667845,-79.37089,Intersection, ,No Control,Clear,Daylight,Dry,Non-Fatal Injury,Cyclist Collisions,Vehicle Owner,unknown, ,0, ,Other, , , , , , , , , , ,Yes, , ,Yes, , , , , , , , ,51,,,71,,551
-79.37089,43.667845,6717519,1272062,2011,2011-10-31T04:00:00.000Z,1030,10,240 WELLESLEY St E, , ,Minor Arterial,Toronto and East York,43.667845,-79.37089,Intersection, ,No Control,Clear,Daylight,Dry,Non-Fatal Injury,Cyclist Collisions,Truck Driver,60 to 64,None,0,South,Truck - Open,Turning Right,Driving Properly,Normal, , , , , , , ,Yes, , ,Yes, , , , , , , , ,51,,,71,,552
-79.37089,43.667845,6717520,1272062,2011,2011-10-31T04:00:00.000Z,1030,10,240 WELLESLEY St E, , ,Minor Arterial,Toronto and East York,43.667845,-79.37089,Intersection, ,No Control,Clear,Daylight,Dry,Non-Fatal Injury,Cyclist Collisions,Cyclist,30 to 34,Major,0,South,Bicycle,Turning Right, , , , , ,"Motorist turns right at non-signal Inter.(stop, yield, no cont.,and dwy) and strikes cyclist.",Other,Normal, ,Yes, , ,Yes, , , , , , , , ,51,,,71,,553
-79.609165,43.72042,80157491,4001888181,2014,2014-04-14T04:00:00.000Z,1030,10,REXDALE BLVD,HUMBERWOOD BLVD, ,Major Arterial,Etobicoke York,43.72042,-79.609165,Mid-Block,Non Intersection,No Control,Clear,Daylight,Dry,Non-Fatal Injury,Cyclist Collisions,Driver,unknown,None,0,West,"Automobile, Station Wagon",Going Ahead,Improper Passing,Unknown, , , , , , , ,Yes,Yes, , , , , , ,Yes, , , ,23,,,1,,554
-79.609165,43.72042,80157492,4001888181,2014,2014-04-14T04:00:00.000Z,1030,10,REXDALE BLVD,HUMBERWOOD BLVD, ,Major Arterial,Etobicoke York,43.72042,-79.609165,Mid-Block,Non Intersection,No Control,Clear,Daylight,Dry,Non-Fatal Injury,Cyclist Collisions,Cyclist,55 to 59,Major,0,West,Bicycle,Going Ahead, , , , , ,Cyclist and Driver travelling in same direction. One vehicle sideswipes the other.,Driving Properly,Normal, ,Yes,Yes, , , , , , ,Yes, , , ,23,,,1,,555
-79.481197,43.622958,80239413,5000858647,2015,2015-05-23T04:00:00.000Z,1030,10,MARINE PARADE DR,PARK LAWN RD, ,Major Arterial,Etobicoke York,43.622958,-79.481197,Intersection,At Intersection,Traffic Signal,Clear,Daylight,Dry,Non-Fatal Injury,Cyclist Collisions,Driver,50 to 54,None,0,East,"Automobile, Station Wagon",Turning Right,Failed to Yield Right of Way,Normal, , , , , , , ,Yes,Yes, , , , , , ,Yes, , , ,22,,,17,,556
-79.481197,43.622958,80239414,5000858647,2015,2015-05-23T04:00:00.000Z,1030,10,MARINE PARADE DR,PARK LAWN RD, ,Major Arterial,Etobicoke York,43.622958,-79.481197,Intersection,At Intersection,Traffic Signal,Clear,Daylight,Dry,Non-Fatal Injury,Cyclist Collisions,Cyclist,45 to 49,Major,0,East,Bicycle,Going Ahead, , , , , ,"Motorist turns right at non-signal Inter.(stop, yield, no cont.,and dwy) and strikes cyclist.",Driving Properly,Normal, ,Yes,Yes, , , , , , ,Yes, , , ,22,,,17,,557
-79.395358,43.674872,80771534,7001016401,2017,2017-06-08T04:00:00.000Z,1030,10,DAVENPORT RD,AVENUE RD,100 m East of,Major Arterial,Toronto and East York,43.674872,-79.395358,Mid-Block,Non Intersection,No Control,Clear,Daylight,Dry,Non-Fatal Injury,Cyclist Collisions,Truck Driver,35 to 39,None,0,East,"Truck - Closed (Blazer, etc)",Going Ahead,Other,Normal, , , , , , , ,Yes, , ,Yes, , , , , , , , ,53,,,95,,558
-79.395358,43.674872,80771535,7001016401,2017,2017-06-08T04:00:00.000Z,1030,10,DAVENPORT RD,AVENUE RD,100 m East of,Major Arterial,Toronto and East York,43.674872,-79.395358,Mid-Block,Non Intersection,No Control,Clear,Daylight,Dry,Non-Fatal Injury,Cyclist Collisions,Cyclist,20 to 24,Major,0,East,Bicycle,Going Ahead, , , , , ,Cyclist and Driver travelling in same direction. One vehicle sideswipes the other.,Other,Normal, ,Yes, , ,Yes, , , , , , , , ,53,,,95,,559
-79.38739,43.662245,5863080,1140607,2009,2009-11-06T05:00:00.000Z,1033,10,GROSVENOR ST,BAY ST, ,Collector,Toronto and East York,43.662245,-79.38739,Mid-Block, ,No Control,Clear,Daylight,Dry,Non-Fatal Injury,Sideswipe,Moped Driver,35 to 39,Major,0,West,Moped,Overtaking,Improper Passing,Normal, , , , , , , ,Yes,Yes, , , , , , ,Yes, , , ,52,,,76,,560
-79.38739,43.662245,5863081,1140607,2009,2009-11-06T05:00:00.000Z,1033,10,GROSVENOR ST,BAY ST, ,Collector,Toronto and East York,43.662245,-79.38739,Mid-Block, ,No Control,Clear,Daylight,Dry,Non-Fatal Injury,Sideswipe,Driver,55 to 59,None,0,West,"Automobile, Station Wagon",Pulling Away from Shoulder or Curb,Failed to Yield Right of Way,Normal, , , , , , , ,Yes,Yes, , , , , , ,Yes, , , ,52,,,76,,561