X,Y,Index_,ACCNUM,YEAR,DATE,TIME,Hour,STREET1,STREET2,OFFSET,ROAD_CLASS,District,LATITUDE,LONGITUDE,LOCCOORD,ACCLOC,TRAFFCTL,VISIBILITY,LIGHT,RDSFCOND,ACCLASS,IMPACTYPE,INVTYPE,INVAGE,INJURY,FATAL_NO,INITDIR,VEHTYPE,MANOEUVER,DRIVACT,DRIVCOND,PEDTYPE,PEDACT,PEDCOND,CYCLISTYPE,CYCACT,CYCCOND,PEDESTRIAN,CYCLIST,AUTOMOBILE,MOTORCYCLE,TRUCK,TRSN_CITY_,EMERG_VEH,PASSENGER,SPEEDING,AG_DRIV,REDLIGHT,ALCOHOL,DISABILITY,Division,Ward_Name,Ward_ID,Hood_ID,Hood_Name,ObjectId
-79.324397,43.81956,80974029,8002001180,2018,2018-10-30T04:00:00.000Z,1037,10,STEELES AVE E,WARDEN AVE, ,Major Arterial,Scarborough,43.81956,-79.324397,Intersection,At Intersection,Traffic Signal,Clear,Daylight,Dry,Non-Fatal Injury,Cyclist Collisions,Cyclist,80 to 84,Major,0,North,Bicycle,Turning Right, , , , , ,Cyclist turns right across motorists path,Failed to Yield Right of Way,Normal, ,Yes,Yes, , , , , , , , , , ,42,,,116,,562
-79.324397,43.81956,80974030,8002001180,2018,2018-10-30T04:00:00.000Z,1037,10,STEELES AVE E,WARDEN AVE, ,Major Arterial,Scarborough,43.81956,-79.324397,Intersection,At Intersection,Traffic Signal,Clear,Daylight,Dry,Non-Fatal Injury,Cyclist Collisions,Driver,45 to 49,None,0,North,"Automobile, Station Wagon",Turning Right,Driving Properly,Normal, , , , , , , ,Yes,Yes, , , , , , , , , , ,42,,,116,,563
-79.43929,43.650145,5384800,1049419,2008,2008-06-30T04:00:00.000Z,1040,10,DUNDAS ST W,LANSDOWNE AVE, ,Minor Arterial,Toronto and East York,43.650145,-79.43929,Mid-Block, ,No Control,Clear,Daylight,Dry,Non-Fatal Injury,Cyclist Collisions,Driver,45 to 49,None,0,East,"Automobile, Station Wagon",Parked,Other,Normal, , , , , , , ,Yes,Yes, , , , , , , , , , ,11,,,83,,564
-79.43929,43.650145,5384801,1049419,2008,2008-06-30T04:00:00.000Z,1040,10,DUNDAS ST W,LANSDOWNE AVE, ,Minor Arterial,Toronto and East York,43.650145,-79.43929,Mid-Block, ,No Control,Clear,Daylight,Dry,Non-Fatal Injury,Cyclist Collisions,Cyclist,20 to 24,Major,0,East,Bicycle,Going Ahead, , , , , ,Cyclist struck opened vehicle door,Driving Properly,Normal, ,Yes,Yes, , , , , , , , , , ,11,,,83,,565
-79.38699,43.639945,7835237,1363452,2013,2013-05-20T04:00:00.000Z,1040,10,LAKE SHORE BLVD W,REES ST, ,Expressway,Toronto and East York,43.639945,-79.38699,Intersection,At Intersection,Traffic Signal,Clear,Daylight,Dry,Non-Fatal Injury,Cyclist Collisions,Driver,35 to 39,None,0,East,"Automobile, Station Wagon",Turning Right,Improper Turn,Inattentive, , , , , , , ,Yes,Yes, , , , , , , , , , ,52,,,77,,566
-79.38699,43.639945,7835238,1363452,2013,2013-05-20T04:00:00.000Z,1040,10,LAKE SHORE BLVD W,REES ST, ,Expressway,Toronto and East York,43.639945,-79.38699,Intersection,At Intersection,Traffic Signal,Clear,Daylight,Dry,Non-Fatal Injury,Cyclist Collisions,Cyclist,50 to 54,Major,0,East,Bicycle,Going Ahead, , , , , ,"Cyclist without ROW rides into path of motorist at inter, lnwy, dwy-Cyclist not turn.",Disobeyed Traffic Control,Inattentive, ,Yes,Yes, , , , , , , , , , ,52,,,77,,567
-79.398639,43.654383,80487297,5001261641,2015,2015-07-24T04:00:00.000Z,1040,10,SPADINA AVE,ST ANDREW ST,5 m North of,Major Arterial,Toronto and East York,43.654383,-79.398639,Intersection,Intersection Related,Traffic Signal,Clear,Daylight,Dry,Non-Fatal Injury,Cyclist Collisions,Driver,20 to 24,None,0,South,"Automobile, Station Wagon",Going Ahead,Improper Passing,Inattentive, , , , , , , ,Yes,Yes, , , , , , ,Yes, , , ,"14,52",,,78,,568
-79.398639,43.654383,80487298,5001261641,2015,2015-07-24T04:00:00.000Z,1040,10,SPADINA AVE,ST ANDREW ST,5 m North of,Major Arterial,Toronto and East York,43.654383,-79.398639,Intersection,Intersection Related,Traffic Signal,Clear,Daylight,Dry,Non-Fatal Injury,Cyclist Collisions,Cyclist,65 to 69,Major,0,South,Bicycle,Going Ahead, , , , , ,Cyclist and Driver travelling in same direction. One vehicle sideswipes the other.,Driving Properly,Normal, ,Yes,Yes, , , , , , ,Yes, , , ,"14,52",,,78,,569
-79.467433,43.681517,80150374,4001460471,2014,2014-02-03T05:00:00.000Z,1043,10,OLD WESTON RD,ROGERS RD, ,Minor Arterial,Toronto and East York,43.681517,-79.467433,Mid-Block,Non Intersection,No Control,Clear,Daylight,Dry,Non-Fatal Injury,Cyclist Collisions,Driver,25 to 29,None,0,South,"Automobile, Station Wagon",Going Ahead,Driving Properly,Normal, , , , , , , ,Yes,Yes, , , , , , , , , , ,12,,,110,,570
-79.467433,43.681517,80150375,4001460471,2014,2014-02-03T05:00:00.000Z,1043,10,OLD WESTON RD,ROGERS RD, ,Minor Arterial,Toronto and East York,43.681517,-79.467433,Mid-Block,Non Intersection,No Control,Clear,Daylight,Dry,Non-Fatal Injury,Cyclist Collisions,Cyclist,50 to 54,Major,0,West,Bicycle,Other, , , , , ,Cyclist rode off sidewalk into road at midblock.,Other,Inattentive, ,Yes,Yes, , , , , , , , , , ,12,,,110,,571
-79.37949,43.668845,5305045,1134906,2009,2009-10-14T04:00:00.000Z,1047,10,JARVIS ST,ISABELLA ST, ,Major Arterial,Toronto and East York,43.668845,-79.37949,Intersection,At Intersection,Traffic Signal,Clear,Daylight,Dry,Non-Fatal Injury,Turning Movement,Moped Driver,35 to 39,Major,0,North,"Automobile, Station Wagon",Going Ahead,Driving Properly,Normal, , , , , , , ,Yes,Yes, , , , , , , , , , ,51,,,75,,572
-79.37949,43.668845,5305046,1134906,2009,2009-10-14T04:00:00.000Z,1047,10,JARVIS ST,ISABELLA ST, ,Major Arterial,Toronto and East York,43.668845,-79.37949,Intersection,At Intersection,Traffic Signal,Clear,Daylight,Dry,Non-Fatal Injury,Turning Movement,Driver,40 to 44,None,0,South,"Automobile, Station Wagon",Turning Left,Improper Turn,Inattentive, , , , , , , ,Yes,Yes, , , , , , , , , , ,51,,,75,,573
-79.340778,43.653514,7886796,1385469,2013,2013-09-09T04:00:00.000Z,1047,10,LAKE SHORE BLVD E,BOOTH AVE, ,Expressway,Toronto and East York,43.653514,-79.340778,Intersection, ,Stop Sign,Clear,Daylight,Dry,Non-Fatal Injury,Cyclist Collisions,Vehicle Owner,unknown, ,0, ,Other, , , , , , , , , , ,Yes,Yes, , , , , , ,Yes, , , ,55,,,70,,574
-79.340778,43.653514,7886797,1385469,2013,2013-09-09T04:00:00.000Z,1047,10,LAKE SHORE BLVD E,BOOTH AVE, ,Expressway,Toronto and East York,43.653514,-79.340778,Intersection, ,Stop Sign,Clear,Daylight,Dry,Non-Fatal Injury,Cyclist Collisions,Driver,45 to 49,None,0,South,"Automobile, Station Wagon",Turning Right,Failed to Yield Right of Way,Inattentive, , , , , , , ,Yes,Yes, , , , , , ,Yes, , , ,55,,,70,,575
-79.340778,43.653514,7886798,1385469,2013,2013-09-09T04:00:00.000Z,1047,10,LAKE SHORE BLVD E,BOOTH AVE, ,Expressway,Toronto and East York,43.653514,-79.340778,Intersection, ,Stop Sign,Clear,Daylight,Dry,Non-Fatal Injury,Cyclist Collisions,Cyclist,65 to 69,Major,0,West,Bicycle,Going Ahead, , , , , ,"Motorist turns right at non-signal Inter.(stop, yield, no cont.,and dwy) and strikes cyclist.",Driving Properly,Normal, ,Yes,Yes, , , , , , ,Yes, , , ,55,,,70,,576
-79.31116,43.777972,80718833,6001647391,2016,2016-09-16T04:00:00.000Z,1047,10,SHEPPARD AV E,PALMDALE DR, ,Major Arterial,Scarborough,43.777972,-79.31116,Intersection,Intersection Related,No Control,Clear,Daylight,Dry,Non-Fatal Injury,Cyclist Collisions,Cyclist,40 to 44,Major,0,East,Bicycle,Going Ahead, , , , , ,"Cyclist without ROW rides into path of motorist at inter, lnwy, dwy-Cyclist not turn.",Other,Inattentive, ,Yes, , ,Yes, , , , , , , , ,42,,,118,,577
-79.31116,43.777972,80718834,6001647391,2016,2016-09-16T04:00:00.000Z,1047,10,SHEPPARD AV E,PALMDALE DR, ,Major Arterial,Scarborough,43.777972,-79.31116,Intersection,Intersection Related,No Control,Clear,Daylight,Dry,Non-Fatal Injury,Cyclist Collisions,Truck Driver,50 to 54,None,0,West,Truck - Dump,Turning Left,Driving Properly,Normal, , , , , , , ,Yes, , ,Yes, , , , , , , , ,42,,,118,,578
-79.41309,43.664745,5277874,1121495,2009,2009-07-20T04:00:00.000Z,1050,10,BLOOR ST W,PALMERSTON BLVD, ,Major Arterial,Toronto and East York,43.664745,-79.41309,Mid-Block, ,No Control,Clear,Daylight,Dry,Non-Fatal Injury,Cyclist Collisions,Driver,45 to 49,None,0,East,"Automobile, Station Wagon",Parked,Other,Normal, , , , , , , ,Yes,Yes, , , , , , , , , , ,14,,,95,,579
-79.41309,43.664745,5277875,1121495,2009,2009-07-20T04:00:00.000Z,1050,10,BLOOR ST W,PALMERSTON BLVD, ,Major Arterial,Toronto and East York,43.664745,-79.41309,Mid-Block, ,No Control,Clear,Daylight,Dry,Non-Fatal Injury,Cyclist Collisions,Cyclist,35 to 39,Major,0,East,Bicycle,Going Ahead, , , , , ,Cyclist struck opened vehicle door,Driving Properly,Normal, ,Yes,Yes, , , , , , , , , , ,14,,,95,,580
-79.39529,43.658845,5863204,1141576,2009,2009-11-18T05:00:00.000Z,1050,10,COLLEGE Stre,BEVERLEY Stre, ,Major Arterial,Toronto and East York,43.658845,-79.39529,Mid-Block, ,No Control,Clear,Daylight,Dry,Non-Fatal Injury,Cyclist Collisions,Driver,30 to 34,None,0,East,"Automobile, Station Wagon",Turning Right,Failed to Yield Right of Way,Inattentive, , , , , , , ,Yes,Yes, , , , , , ,Yes, , , ,52,,,79,,581
-79.39529,43.658845,5863205,1141576,2009,2009-11-18T05:00:00.000Z,1050,10,COLLEGE Stre,BEVERLEY Stre, ,Major Arterial,Toronto and East York,43.658845,-79.39529,Mid-Block, ,No Control,Clear,Daylight,Dry,Non-Fatal Injury,Cyclist Collisions,Cyclist,30 to 34,Major,0,East,Bicycle,Going Ahead, , , , , ,"Motorist turns right at non-signal Inter.(stop, yield, no cont.,and dwy) and strikes cyclist.",Driving Properly,Normal, ,Yes,Yes, , , , , , ,Yes, , , ,52,,,79,,582
-79.139507,43.778929,80164240,4000008445,2014,2014-06-17T04:00:00.000Z,1050,10,5450 LAWRENCE AVE E, , ,Minor Arterial,Scarborough,43.778929,-79.139507,Mid-Block,At/Near Private Drive,No Control,Clear,Daylight,Dry,Non-Fatal Injury,Cyclist Collisions,Driver,70 to 74,None,0,South,"Automobile, Station Wagon",Going Ahead,Failed to Yield Right of Way,Normal, , , , , , , ,Yes,Yes, , , , , , ,Yes, , , ,43,,,133,,583
-79.139507,43.778929,80164241,4000008445,2014,2014-06-17T04:00:00.000Z,1050,10,5450 LAWRENCE AVE E, , ,Minor Arterial,Scarborough,43.778929,-79.139507,Mid-Block,At/Near Private Drive,No Control,Clear,Daylight,Dry,Non-Fatal Injury,Cyclist Collisions,Cyclist,15 to 19,Major,0,East,Bicycle,Going Ahead, , , , , ,"Motorist without ROW drives into path of cyclist at inter, lnwy, dwy-Driver not turn.",Driving Properly,Normal, ,Yes,Yes, , , , , , ,Yes, , , ,43,,,133,,584
-79.446399,43.734683,80780968,7001492041,2017,2017-08-18T04:00:00.000Z,1055,10,FAYWOOD  BLVD,WILSON  AVE,1 m South of,Major Arterial,North York,43.734683,-79.446399,Intersection,At Intersection,Stop Sign,Clear,Daylight,Dry,Non-Fatal Injury,Cyclist Collisions,Driver,45 to 49,None,0,South,"Automobile, Station Wagon",Turning Right,Failed to Yield Right of Way,Inattentive, , , , , , , ,Yes,Yes, , , , , , ,Yes, , , ,32,,,33,,585
-79.446399,43.734683,80780969,7001492041,2017,2017-08-18T04:00:00.000Z,1055,10,FAYWOOD  BLVD,WILSON  AVE,1 m South of,Major Arterial,North York,43.734683,-79.446399,Intersection,At Intersection,Stop Sign,Clear,Daylight,Dry,Non-Fatal Injury,Cyclist Collisions,Cyclist,55 to 59,Major,0,West,Bicycle,Going Ahead, , , , , ,"Motorist turns right at non-signal Inter.(stop, yield, no cont.,and dwy) and strikes cyclist.",Driving Properly,Normal, ,Yes,Yes, , , , , , ,Yes, , , ,32,,,33,,586
-79.29429,43.801845,7528663,1321561,2012,2012-10-22T04:00:00.000Z,1059,10,FINCH AVE E,MILLIKEN BLVD, ,Major Arterial,Scarborough,43.801845,-79.29429,Intersection,At Intersection,Traffic Signal,Clear,Daylight,Dry,Non-Fatal Injury,Cyclist Collisions,Driver,75 to 79,None,0,South,"Automobile, Station Wagon",Turning Left,Improper Turn,Inattentive, , , , , , , ,Yes,Yes, , , , , , , , , , ,42,,,130,,587
-79.29429,43.801845,7528664,1321561,2012,2012-10-22T04:00:00.000Z,1059,10,FINCH AVE E,MILLIKEN BLVD, ,Major Arterial,Scarborough,43.801845,-79.29429,Intersection,At Intersection,Traffic Signal,Clear,Daylight,Dry,Non-Fatal Injury,Cyclist Collisions,Cyclist,55 to 59,Major,0,North,Bicycle,Going Ahead, , , , , ,Motorist turned left across cyclists path.,Driving Properly,Normal, ,Yes,Yes, , , , , , , , , , ,42,,,130,,588
-79.375522,43.665728,80234285,5000486236,2015,2015-03-23T04:00:00.000Z,1100,11,HOMEWOOD AVENUE,MAITLAND PLACE, ,Collector,Toronto and East York,43.665728,-79.375522,Intersection,At Intersection,Stop Sign,Clear,Daylight,Dry,Non-Fatal Injury,Cyclist Collisions,Cyclist,15 to 19,Major,0,East,Bicycle,Turning Left, , , , , ,Cyclist turned left across motorists path.,Disobeyed Traffic Control,Inattentive, ,Yes,Yes, , , , , , , , , , ,51,,,71,,589
-79.375522,43.665728,80234286,5000486236,2015,2015-03-23T04:00:00.000Z,1100,11,HOMEWOOD AVENUE,MAITLAND PLACE, ,Collector,Toronto and East York,43.665728,-79.375522,Intersection,At Intersection,Stop Sign,Clear,Daylight,Dry,Non-Fatal Injury,Cyclist Collisions,Driver,60 to 64,None,0,South,"Automobile, Station Wagon",Going Ahead,Driving Properly,Normal, , , , , , , ,Yes,Yes, , , , , , , , , , ,51,,,71,,590
-79.27609,43.829145,7802013,1349064,2013,2013-03-02T05:00:00.000Z,1107,11,ENCHANTED HILLS Cres,WILDERNESS Dr, ,Local,Scarborough,43.829145,-79.27609,Intersection,At Intersection,Stop Sign,Clear,Daylight,Dry,Non-Fatal Injury,Cyclist Collisions,Vehicle Owner,unknown, ,0, ,Other, , , , , , , , , , ,Yes,Yes, , , , , , , , , , ,42,,,130,,591
-79.27609,43.829145,7802014,1349064,2013,2013-03-02T05:00:00.000Z,1107,11,ENCHANTED HILLS Cres,WILDERNESS Dr, ,Local,Scarborough,43.829145,-79.27609,Intersection,At Intersection,Stop Sign,Clear,Daylight,Dry,Non-Fatal Injury,Cyclist Collisions,Driver,55 to 59,None,0,East,"Automobile, Station Wagon",Turning Left,Improper Turn,Inattentive, , , , , , , ,Yes,Yes, , , , , , , , , , ,42,,,130,,592
-79.27609,43.829145,7802015,1349064,2013,2013-03-02T05:00:00.000Z,1107,11,ENCHANTED HILLS Cres,WILDERNESS Dr, ,Local,Scarborough,43.829145,-79.27609,Intersection,At Intersection,Stop Sign,Clear,Daylight,Dry,Non-Fatal Injury,Cyclist Collisions,Cyclist,55 to 59,Major,0,South,Bicycle,Going Ahead, , , , , ,Motorist turned left across cyclists path.,Driving Properly,Normal, ,Yes,Yes, , , , , , , , , , ,42,,,130,,593
-79.38179,43.648245,7485220,1323889,2012,2012-09-25T04:00:00.000Z,1110,11,KING Stre W,BAY Stre, ,Major Arterial,Toronto and East York,43.648245,-79.38179,Mid-Block, ,No Control,Clear,Daylight,Dry,Non-Fatal Injury,Cyclist Collisions,Vehicle Owner,unknown, ,0, ,Other, , , , , , , , , , ,Yes,Yes, , , , , , ,Yes, , , ,52,,,76,,594
-79.38179,43.648245,7485221,1323889,2012,2012-09-25T04:00:00.000Z,1110,11,KING Stre W,BAY Stre, ,Major Arterial,Toronto and East York,43.648245,-79.38179,Mid-Block, ,No Control,Clear,Daylight,Dry,Non-Fatal Injury,Cyclist Collisions,Driver,45 to 49,None,0,East,"Automobile, Station Wagon",Stopped,Failed to Yield Right of Way,Inattentive, , , , , , , ,Yes,Yes, , , , , , ,Yes, , , ,52,,,76,,595
-79.38179,43.648245,7485222,1323889,2012,2012-09-25T04:00:00.000Z,1110,11,KING Stre W,BAY Stre, ,Major Arterial,Toronto and East York,43.648245,-79.38179,Mid-Block, ,No Control,Clear,Daylight,Dry,Non-Fatal Injury,Cyclist Collisions,Cyclist,50 to 54,Major,0,East,Bicycle,Going Ahead, , , , , ,Cyclist struck opened vehicle door,Driving Properly,Normal, ,Yes,Yes, , , , , , ,Yes, , , ,52,,,76,,596
-79.35929,43.663645,7427000,1299440,2012,2012-06-13T04:00:00.000Z,1111,11,GERRARD Stre E,RIVER Stre, ,Minor Arterial,Toronto and East York,43.663645,-79.35929,Intersection, ,Traffic Signal,Clear,Daylight,Dry,Non-Fatal Injury,Cyclist Collisions,Driver,unknown,None,0,North,"Automobile, Station Wagon",Going Ahead,Disobeyed Traffic Control,Unknown, , , , , , , ,Yes,Yes, , , , , , ,Yes,Yes, , ,51,,,72,,597
-79.35929,43.663645,7427001,1299440,2012,2012-06-13T04:00:00.000Z,1111,11,GERRARD Stre E,RIVER Stre, ,Minor Arterial,Toronto and East York,43.663645,-79.35929,Intersection, ,Traffic Signal,Clear,Daylight,Dry,Non-Fatal Injury,Cyclist Collisions,Cyclist,50 to 54,Major,0,West,Bicycle,Going Ahead, , , , , ,"Motorist without ROW drives into path of cyclist at inter, lnwy, dwy-Driver not turn.",Driving Properly,Normal, ,Yes,Yes, , , , , , ,Yes,Yes, , ,51,,,72,,598
-79.54199,43.617445,7826019,1359371,2013,2013-06-04T04:00:00.000Z,1120,11,THE QUEENSWAY,ATOMIC AVE, ,Major Arterial,Etobicoke York,43.617445,-79.54199,Mid-Block, ,No Control,Clear,Daylight,Dry,Non-Fatal Injury,Cyclist Collisions,Vehicle Owner,unknown, ,0, ,Other, , , , , , , , , , ,Yes,Yes, , , , , , , , , , ,22,,,14,,599
-79.54199,43.617445,7826020,1359371,2013,2013-06-04T04:00:00.000Z,1120,11,THE QUEENSWAY,ATOMIC AVE, ,Major Arterial,Etobicoke York,43.617445,-79.54199,Mid-Block, ,No Control,Clear,Daylight,Dry,Non-Fatal Injury,Cyclist Collisions,Driver,25 to 29,None,0,East,"Automobile, Station Wagon",Going Ahead,Driving Properly,Normal, , , , , , , ,Yes,Yes, , , , , , , , , , ,22,,,14,,600
-79.54199,43.617445,7826021,1359371,2013,2013-06-04T04:00:00.000Z,1120,11,THE QUEENSWAY,ATOMIC AVE, ,Major Arterial,Etobicoke York,43.617445,-79.54199,Mid-Block, ,No Control,Clear,Daylight,Dry,Non-Fatal Injury,Cyclist Collisions,Cyclist,65 to 69,Major,0,East,Bicycle,Changing Lanes, , , , , ,Cyclist and Driver travelling in same direction. One vehicle sideswipes the other.,Improper Lane Change,Normal, ,Yes,Yes, , , , , , , , , , ,22,,,14,,601
-79.54619,43.603845,5058639,1141818,2009,2009-12-12T05:00:00.000Z,1125,11,BROWNS LINE,RIMILTON AVE, ,Major Arterial,Etobicoke York,43.603845,-79.54619,Intersection, ,No Control,Clear,Daylight,Dry,Non-Fatal Injury,Cyclist Collisions,Cyclist,65 to 69,Major,0,South,Bicycle,Going Ahead, , , , , ,Cyclist falls off bike - no contact with motorist.,Lost control,Medical or Physical Disability, ,Yes, , , , , , , , , , , ,22,,,20,,602
-79.452991,43.79074,80923405,8000134975,2018,2018-01-22T05:00:00.000Z,1130,11,THURMAN RD,STEELES AVE W, ,Major Arterial,North York,43.79074,-79.452991,Intersection,At Intersection,Traffic Signal,Rain,Daylight,Wet,Non-Fatal Injury,Cyclist Collisions,Cyclist,65 to 69,Major,0,North,Bicycle,Going Ahead, , , , , ,Motorist turned left across cyclists path.,Driving Properly,Normal, ,Yes,Yes, , , , , , ,Yes, , , ,32,,,35,,603
-79.452991,43.79074,80923406,8000134975,2018,2018-01-22T05:00:00.000Z,1130,11,THURMAN RD,STEELES AVE W, ,Major Arterial,North York,43.79074,-79.452991,Intersection,At Intersection,Traffic Signal,Rain,Daylight,Wet,Non-Fatal Injury,Cyclist Collisions,Driver,80 to 84,None,0,South,"Automobile, Station Wagon",Turning Left,Failed to Yield Right of Way,Inattentive, , , , , , , ,Yes,Yes, , , , , , ,Yes, , , ,32,,,35,,604
-79.46869,43.696345,5294946,1128823,2009,2009-09-11T04:00:00.000Z,1132,11,CASTLEFIELD AVE,WOODBOROUGH AVE, ,Collector,Etobicoke York,43.696345,-79.46869,Intersection,At Intersection,No Control,Clear,Daylight,Dry,Non-Fatal Injury,Cyclist Collisions,Driver,75 to 79,None,0,West,"Automobile, Station Wagon",Turning Left,Improper Turn,Inattentive, , , , , , , ,Yes,Yes, , , , , , , , , , ,12,,,112,,605
-79.46869,43.696345,5294947,1128823,2009,2009-09-11T04:00:00.000Z,1132,11,CASTLEFIELD AVE,WOODBOROUGH AVE, ,Collector,Etobicoke York,43.696345,-79.46869,Intersection,At Intersection,No Control,Clear,Daylight,Dry,Non-Fatal Injury,Cyclist Collisions,Cyclist,55 to 59,Major,0,East,Bicycle,Going Ahead, , , , , ,Motorist turned left across cyclists path.,Driving Properly,Normal, ,Yes,Yes, , , , , , , , , , ,12,,,112,,606
-79.44299,43.650645,6805911,1263147,2011,2011-11-07T05:00:00.000Z,1134,11,DUNDAS ST W,STERLING RD, ,Minor Arterial,Toronto and East York,43.650645,-79.44299,Intersection,At Intersection,Stop Sign,Clear,Daylight,Dry,Fatal,Cyclist Collisions,Vehicle Owner,unknown, ,0, ,Other, , , , , , , , , , ,Yes, , ,Yes, , , , , , , , ,11,,,84,,607
-79.44299,43.650645,6805912,1263147,2011,2011-11-07T05:00:00.000Z,1134,11,DUNDAS ST W,STERLING RD, ,Minor Arterial,Toronto and East York,43.650645,-79.44299,Intersection,At Intersection,Stop Sign,Clear,Daylight,Dry,Fatal,Cyclist Collisions,Truck Driver,65 to 69,None,0,South,Truck - Open,Turning Right,Driving Properly,Normal, , , , , , , ,Yes, , ,Yes, , , , , , , , ,11,,,84,,608
-79.44299,43.650645,6805913,1263147,2011,2011-11-07T05:00:00.000Z,1134,11,DUNDAS ST W,STERLING RD, ,Minor Arterial,Toronto and East York,43.650645,-79.44299,Intersection,At Intersection,Stop Sign,Clear,Daylight,Dry,Fatal,Cyclist Collisions,Cyclist,35 to 39,Fatal,30,South,Bicycle,Turning Right, , , , , ,"Motorist turns right at non-signal Inter.(stop, yield, no cont.,and dwy) and strikes cyclist.",Improper Turn,Unknown, ,Yes, , ,Yes, , , , , , , , ,11,,,84,,609
-79.422664,43.654326,80790888,7003233329,2017,2017-12-20T05:00:00.000Z,1139,11,COLLEGE ST,OSSINGTON AVE, ,Major Arterial,Toronto and East York,43.654326,-79.422664,Intersection,At Intersection,Traffic Signal,Other,Daylight,Other,Fatal,Cyclist Collisions,Cyclist,45 to 49,Fatal,60,West,Bicycle,Other, , , , , ,Insufficient information (to determine cyclist crash type).,Driving Properly,Other, ,Yes, , ,Yes, , , , , , , , ,14,,,81,,610
-79.422664,43.654326,80790889,7003233329,2017,2017-12-20T05:00:00.000Z,1139,11,COLLEGE ST,OSSINGTON AVE, ,Major Arterial,Toronto and East York,43.654326,-79.422664,Intersection,At Intersection,Traffic Signal,Other,Daylight,Other,Fatal,Cyclist Collisions,Truck Driver,50 to 54,None,0,West,Truck (other),Going Ahead,Driving Properly,Unknown, , , , , , , ,Yes, , ,Yes, , , , , , , , ,14,,,81,,611
-79.396526,43.652007,80779940,7001383874,2017,2017-08-01T04:00:00.000Z,1735,17,GRANGE AVE,LARCH ST,3 m West of,Local,Toronto and East York,43.652007,-79.396526,Intersection,At Intersection,No Control,Clear,Daylight,Dry,Non-Fatal Injury,Cyclist Collisions,Cyclist,30 to 34,Major,0,East,Bicycle,Going Ahead, , , , , ,Cyclist and Driver travelling in same direction. One vehicle rear-ended the other.,Failed to Yield Right of Way,Inattentive, ,Yes,Yes, , , , , , , , , , ,52,,,78,,612
-79.396526,43.652007,80779941,7001383874,2017,2017-08-01T04:00:00.000Z,1735,17,GRANGE AVE,LARCH ST,3 m West of,Local,Toronto and East York,43.652007,-79.396526,Intersection,At Intersection,No Control,Clear,Daylight,Dry,Non-Fatal Injury,Cyclist Collisions,Driver,60 to 64,None,0,East,"Automobile, Station Wagon",Slowing or Stopping,Driving Properly,Normal, , , , , , , ,Yes,Yes, , , , , , , , , , ,52,,,78,,613
-79.332347,43.68141,80972040,8001764546,2018,2018-09-23T04:00:00.000Z,1735,17,DANFORTH  AVE,GREENWOOD  AVE,28 m East of,Major Arterial,Toronto and East York,43.68141,-79.332347,Intersection,At/Near Private Drive,No Control,Clear,Daylight,Dry,Non-Fatal Injury,Cyclist Collisions,Driver,45 to 49,None,0,West,"Automobile, Station Wagon",Turning Left,Failed to Yield Right of Way,Inattentive, , , , , , , ,Yes,Yes, , , , , , ,Yes, , , ,"54,55",,,65,,614
-79.332347,43.68141,80972041,8001764546,2018,2018-09-23T04:00:00.000Z,1735,17,DANFORTH  AVE,GREENWOOD  AVE,28 m East of,Major Arterial,Toronto and East York,43.68141,-79.332347,Intersection,At/Near Private Drive,No Control,Clear,Daylight,Dry,Non-Fatal Injury,Cyclist Collisions,Cyclist,70 to 74,Major,0,East,Bicycle,Going Ahead, , , , , ,Motorist turned left across cyclists path.,Driving Properly,Normal, ,Yes,Yes, , , , , , ,Yes, , , ,"54,55",,,65,,615
-79.32139,43.699445,7440929,1305265,2012,2012-06-04T04:00:00.000Z,1739,17,O CONNOR DR,WOODMOUNT AVE, ,Major Arterial,Toronto and East York,43.699445,-79.32139,Intersection, ,No Control,Rain,Daylight,Wet,Non-Fatal Injury,Other,Moped Driver,55 to 59,Major,0,East,"Automobile, Station Wagon",Going Ahead,Lost control,Normal, , , , , , , ,Yes,Yes, , , , , , , , , , ,54,,,58,,616
-79.25899,43.710345,5065164,1144668,2009,2009-11-21T05:00:00.000Z,1740,17,KENNEDY Rd,PARK St, ,Collector,Scarborough,43.710345,-79.25899,Mid-Block, ,No Control,Clear,Dark,Dry,Non-Fatal Injury,Rear End,Moped Driver,65 to 69,Major,0,North,Moped,Going Ahead,Driving Properly,Normal, , , , , , , ,Yes,Yes, , , , , ,Yes,Yes, , , ,41,,,122,,617