X,Y,Index_,ACCNUM,YEAR,DATE,TIME,Hour,STREET1,STREET2,OFFSET,ROAD_CLASS,District,LATITUDE,LONGITUDE,LOCCOORD,ACCLOC,TRAFFCTL,VISIBILITY,LIGHT,RDSFCOND,ACCLASS,IMPACTYPE,INVTYPE,INVAGE,INJURY,FATAL_NO,INITDIR,VEHTYPE,MANOEUVER,DRIVACT,DRIVCOND,PEDTYPE,PEDACT,PEDCOND,CYCLISTYPE,CYCACT,CYCCOND,PEDESTRIAN,CYCLIST,AUTOMOBILE,MOTORCYCLE,TRUCK,TRSN_CITY_,EMERG_VEH,PASSENGER,SPEEDING,AG_DRIV,REDLIGHT,ALCOHOL,DISABILITY,Division,Ward_Name,Ward_ID,Hood_ID,Hood_Name,ObjectId
-79.25899,43.710345,5065165,1144668,2009,2009-11-21T05:00:00.000Z,1740,17,KENNEDY Rd,PARK St, ,Collector,Scarborough,43.710345,-79.25899,Mid-Block, ,No Control,Clear,Dark,Dry,Non-Fatal Injury,Rear End,Driver,35 to 39,None,0,North,"Automobile, Station Wagon",Going Ahead,Following too Close,Normal, , , , , , , ,Yes,Yes, , , , , ,Yes,Yes, , , ,41,,,122,,618
-79.38579,43.654645,7448747,1308396,2012,2012-07-10T04:00:00.000Z,1740,17,CHESTNUT ST,DUNDAS ST W, ,Collector,Toronto and East York,43.654645,-79.38579,Mid-Block, ,No Control,Clear,Daylight,Dry,Non-Fatal Injury,Cyclist Collisions,Vehicle Owner,unknown, ,0, ,Other, , , , , , , , , , ,Yes,Yes, , , , , , , , , , ,52,,,76,,619
-79.38579,43.654645,7448748,1308396,2012,2012-07-10T04:00:00.000Z,1740,17,CHESTNUT ST,DUNDAS ST W, ,Collector,Toronto and East York,43.654645,-79.38579,Mid-Block, ,No Control,Clear,Daylight,Dry,Non-Fatal Injury,Cyclist Collisions,Driver,45 to 49,None,0,North,"Automobile, Station Wagon",Parked,Other,Inattentive, , , , , , , ,Yes,Yes, , , , , , , , , , ,52,,,76,,620
-79.38579,43.654645,7448749,1308396,2012,2012-07-10T04:00:00.000Z,1740,17,CHESTNUT ST,DUNDAS ST W, ,Collector,Toronto and East York,43.654645,-79.38579,Mid-Block, ,No Control,Clear,Daylight,Dry,Non-Fatal Injury,Cyclist Collisions,Cyclist,45 to 49,Major,0,North,Bicycle,Going Ahead, , , , , ,Cyclist struck opened vehicle door,Driving Properly,Normal, ,Yes,Yes, , , , , , , , , , ,52,,,76,,621
-79.411426,43.640685,80899314,7000844839,2017,2017-05-13T04:00:00.000Z,1740,17,STRACHAN  AVE,DOURO ST, ,Minor Arterial,Toronto and East York,43.640685,-79.411426,Intersection,At Intersection,Traffic Signal,Clear,Daylight,Dry,Non-Fatal Injury,Cyclist Collisions,Cyclist,25 to 29,Major,0,South,Bicycle,Going Ahead, , , , , ,Motorist turning right on green or amber at signalized intersection strikes cyclist.,Driving Properly,Normal, ,Yes,Yes, , , , , , , , , , ,14,,,82,,622
-79.411426,43.640685,80899315,7000844839,2017,2017-05-13T04:00:00.000Z,1740,17,STRACHAN  AVE,DOURO ST, ,Minor Arterial,Toronto and East York,43.640685,-79.411426,Intersection,At Intersection,Traffic Signal,Clear,Daylight,Dry,Non-Fatal Injury,Cyclist Collisions,Driver,50 to 54,None,0,South,"Automobile, Station Wagon",Turning Right,Improper Turn,Inattentive, , , , , , , ,Yes,Yes, , , , , , , , , , ,14,,,82,,623
-79.311847,43.683406,80159335,4002017268,2014,2014-05-05T04:00:00.000Z,644,6,WOODBINE AVE,MERRILL AVE E, ,Major Arterial,Toronto and East York,43.683406,-79.311847,Intersection,Intersection Related,Stop Sign,Clear,Daylight,Dry,Non-Fatal Injury,Cyclist Collisions,Passenger,unknown,None,0, , , , , , , , , , , , ,Yes,Yes, , , , ,Yes, ,Yes, , , ,55,,,64,,624
-79.39559,43.646745,7431039,1301166,2012,2012-05-02T04:00:00.000Z,1745,17,ADELAIDE St W,SPADINA Ave, ,Major Arterial,Toronto and East York,43.646745,-79.39559,Intersection, ,Traffic Signal,Clear,Daylight,Dry,Non-Fatal Injury,Cyclist Collisions,Driver,45 to 49,None,0,North,"Automobile, Station Wagon",Turning Right,Failed to Yield Right of Way,Normal, , , , , , , ,Yes,Yes, , , , , , ,Yes, , , ,"14,52",,,77,,625
-79.39559,43.646745,7431040,1301166,2012,2012-05-02T04:00:00.000Z,1745,17,ADELAIDE St W,SPADINA Ave, ,Major Arterial,Toronto and East York,43.646745,-79.39559,Intersection, ,Traffic Signal,Clear,Daylight,Dry,Non-Fatal Injury,Cyclist Collisions,Cyclist,25 to 29,Major,0,East,Bicycle,Going Ahead, , , , , ,Motorist turning right on green or amber at signalized intersection strikes cyclist.,Driving Properly,Normal, ,Yes,Yes, , , , , , ,Yes, , , ,"14,52",,,77,,626
-79.41409,43.774145,5428115,1068411,2008,2008-10-16T04:00:00.000Z,1748,17,YONGE ST,CHURCHILL AVE, ,Major Arterial,North York,43.774145,-79.41409,Mid-Block,At Intersection,No Control,Clear,Daylight,Dry,Non-Fatal Injury,Cyclist Collisions,Driver,45 to 49,None,0,South,"Automobile, Station Wagon",Changing Lanes,Improper Lane Change,Normal, , , , , , , ,Yes,Yes, , , , , , , , , , ,32,,,51,,627
-79.41409,43.774145,5428116,1068411,2008,2008-10-16T04:00:00.000Z,1748,17,YONGE ST,CHURCHILL AVE, ,Major Arterial,North York,43.774145,-79.41409,Mid-Block,At Intersection,No Control,Clear,Daylight,Dry,Non-Fatal Injury,Cyclist Collisions,Cyclist,30 to 34,Major,0,South,Bicycle,Going Ahead, , , , , ,Cyclist and Driver travelling in same direction. One vehicle sideswipes the other.,Driving Properly,Normal, ,Yes,Yes, , , , , , , , , , ,32,,,51,,628
-79.44899,43.676645,6279438,1182360,2010,2010-06-22T04:00:00.000Z,1748,17,ST CLAIR Ave W,ST CLARENS Ave, ,Major Arterial,Toronto and East York,43.676645,-79.44899,Mid-Block, ,No Control,Clear,Daylight,Dry,Non-Fatal Injury,Cyclist Collisions,Vehicle Owner,unknown, ,0, ,Other, , , , , , , , , , ,Yes, , , ,Yes, , , , , , , ,13,,,92,,629
-79.44899,43.676645,6279439,1182360,2010,2010-06-22T04:00:00.000Z,1748,17,ST CLAIR Ave W,ST CLARENS Ave, ,Major Arterial,Toronto and East York,43.676645,-79.44899,Mid-Block, ,No Control,Clear,Daylight,Dry,Non-Fatal Injury,Cyclist Collisions,Driver,30 to 34,None,0,West,Municipal Transit Bus (TTC),Going Ahead,Driving Properly,Normal, , , , , , , ,Yes, , , ,Yes, , , , , , , ,13,,,92,,630
-79.44899,43.676645,6279440,1182360,2010,2010-06-22T04:00:00.000Z,1748,17,ST CLAIR Ave W,ST CLARENS Ave, ,Major Arterial,Toronto and East York,43.676645,-79.44899,Mid-Block, ,No Control,Clear,Daylight,Dry,Non-Fatal Injury,Cyclist Collisions,Cyclist,45 to 49,Major,0,South,Bicycle,Going Ahead, , , , , ,Cyclist rode off sidewalk into road at midblock.,Failed to Yield Right of Way,Inattentive, ,Yes, , , ,Yes, , , , , , , ,13,,,92,,631
-79.39789,43.677845,7487822,1324973,2012,2012-10-04T04:00:00.000Z,1748,17,AVENUE RD,MACPHERSON AVE, ,Major Arterial,Toronto and East York,43.677845,-79.39789,Mid-Block, ,No Control,Clear,Daylight,Dry,Non-Fatal Injury,Cyclist Collisions,Vehicle Owner,unknown, ,0, ,Other, , , , , , , , , , ,Yes, , ,Yes, , , , ,Yes, , , ,53,,,95,,632
-79.39789,43.677845,7487823,1324973,2012,2012-10-04T04:00:00.000Z,1748,17,AVENUE RD,MACPHERSON AVE, ,Major Arterial,Toronto and East York,43.677845,-79.39789,Mid-Block, ,No Control,Clear,Daylight,Dry,Non-Fatal Injury,Cyclist Collisions,Truck Driver,30 to 34,None,0,South,Truck - Open,Slowing or Stopping,Improper Passing,Normal, , , , , , , ,Yes, , ,Yes, , , , ,Yes, , , ,53,,,95,,633
-79.39789,43.677845,7487824,1324973,2012,2012-10-04T04:00:00.000Z,1748,17,AVENUE RD,MACPHERSON AVE, ,Major Arterial,Toronto and East York,43.677845,-79.39789,Mid-Block, ,No Control,Clear,Daylight,Dry,Non-Fatal Injury,Cyclist Collisions,Cyclist,50 to 54,Major,0,South,Bicycle,Overtaking, , , , , ,Cyclist and Driver travelling in same direction. One vehicle sideswipes the other.,Improper Passing,Unknown, ,Yes, , ,Yes, , , , ,Yes, , , ,53,,,95,,634
-79.39789,43.677845,7487825,1324973,2012,2012-10-04T04:00:00.000Z,1748,17,AVENUE RD,MACPHERSON AVE, ,Major Arterial,Toronto and East York,43.677845,-79.39789,Mid-Block, ,No Control,Clear,Daylight,Dry,Non-Fatal Injury,Cyclist Collisions,Other,unknown,None,0, ,Other, , , , , , , , , , ,Yes, , ,Yes, , , , ,Yes, , , ,53,,,95,,635
-79.404804,43.652083,80908731,7001343625,2017,2017-07-26T04:00:00.000Z,1751,17,DUNDAS ST W,CARLYLE ST, ,Major Arterial,Toronto and East York,43.652083,-79.404804,Intersection,At Intersection,No Control,Clear,Daylight,Dry,Non-Fatal Injury,Cyclist Collisions,Cyclist,60 to 64,Major,0,West,Bicycle,Going Ahead, , , , , ,Motorist turned left across cyclists path.,Driving Properly,Normal, ,Yes,Yes, , , , , , , , , , ,14,,,78,,636
-79.404804,43.652083,80908732,7001343625,2017,2017-07-26T04:00:00.000Z,1751,17,DUNDAS ST W,CARLYLE ST, ,Major Arterial,Toronto and East York,43.652083,-79.404804,Intersection,At Intersection,No Control,Clear,Daylight,Dry,Non-Fatal Injury,Cyclist Collisions,Driver,50 to 54,None,0,East,"Automobile, Station Wagon",Turning Left,Improper Turn,Inattentive, , , , , , , ,Yes,Yes, , , , , , , , , , ,14,,,78,,637
-79.35289,43.666145,7443464,1306296,2012,2012-06-13T04:00:00.000Z,1752,17,DON JAIL Road,BROADVIEW Aven, ,Minor Arterial,Toronto and East York,43.666145,-79.35289,Intersection,At Intersection,No Control,Clear,Daylight,Dry,Non-Fatal Injury,Cyclist Collisions,Driver,60 to 64,None,0,West,"Automobile, Station Wagon",Going Ahead,Failed to Yield Right of Way,Inattentive, , , , , , , ,Yes,Yes, , , , , , ,Yes, , , ,55,,,68,,638
-79.35289,43.666145,7443465,1306296,2012,2012-06-13T04:00:00.000Z,1752,17,DON JAIL Road,BROADVIEW Aven, ,Minor Arterial,Toronto and East York,43.666145,-79.35289,Intersection,At Intersection,No Control,Clear,Daylight,Dry,Non-Fatal Injury,Cyclist Collisions,Cyclist,40 to 44,Major,0,South,Bicycle,Going Ahead, , , , , ,"Motorist without ROW drives into path of cyclist at inter, lnwy, dwy-Driver not turn.",Driving Properly,Normal, ,Yes,Yes, , , , , , ,Yes, , , ,55,,,68,,639
-79.409953,43.665316,80632211,6001676072,2016,2016-09-20T04:00:00.000Z,1754,17,BLOOR ST W,LIPPINCOTT ST, ,Major Arterial,Toronto and East York,43.665316,-79.409953,Intersection,At Intersection,Stop Sign,Clear,Daylight,Dry,Non-Fatal Injury,Cyclist Collisions,Driver,50 to 54,None,0,North,"Automobile, Station Wagon",Slowing or Stopping,Failed to Yield Right of Way,Inattentive, , , , , , , ,Yes,Yes, , , , , , ,Yes, , , ,14,,,79,,640
-79.409953,43.665316,80632212,6001676072,2016,2016-09-20T04:00:00.000Z,1754,17,BLOOR ST W,LIPPINCOTT ST, ,Major Arterial,Toronto and East York,43.665316,-79.409953,Intersection,At Intersection,Stop Sign,Clear,Daylight,Dry,Non-Fatal Injury,Cyclist Collisions,Cyclist,25 to 29,Major,0,East,Bicycle,Going Ahead, , , , , ,"Motorist without ROW drives into path of cyclist at inter, lnwy, dwy-Driver not turn.",Driving Properly,Normal, ,Yes,Yes, , , , , , ,Yes, , , ,14,,,79,,641
-79.592754,43.711352,80491926,5001891795,2015,2015-11-03T05:00:00.000Z,1755,17,HIGHWAY 27  N,VICE REGENT BLVD, ,Major Arterial,Etobicoke York,43.711352,-79.592754,Intersection,Intersection Related,No Control,Clear,"Dark, artificial",Dry,Fatal,Cyclist Collisions,Cyclist,55 to 59,Fatal,54,East,Bicycle,Going Ahead, , , , , ,"Cyclist without ROW rides into path of motorist at inter, lnwy, dwy-Cyclist not turn.",Other,Unknown, ,Yes,Yes, , , , , , , , , , ,23,,,1,,642
-79.592754,43.711352,80491927,5001891795,2015,2015-11-03T05:00:00.000Z,1755,17,HIGHWAY 27  N,VICE REGENT BLVD, ,Major Arterial,Etobicoke York,43.711352,-79.592754,Intersection,Intersection Related,No Control,Clear,"Dark, artificial",Dry,Fatal,Cyclist Collisions,Driver,55 to 59,None,0,South,"Automobile, Station Wagon",Going Ahead,Driving Properly,Normal, , , , , , , ,Yes,Yes, , , , , , , , , , ,23,,,1,,643
-79.592754,43.711352,80491928,5001891795,2015,2015-11-03T05:00:00.000Z,1755,17,HIGHWAY 27  N,VICE REGENT BLVD, ,Major Arterial,Etobicoke York,43.711352,-79.592754,Intersection,Intersection Related,No Control,Clear,"Dark, artificial",Dry,Fatal,Cyclist Collisions,Driver,60 to 64,None,0,South,"Automobile, Station Wagon",Going Ahead,Driving Properly,Normal, , , , , , , ,Yes,Yes, , , , , , , , , , ,23,,,1,,644
-79.279712,43.811053,80972190,8001784875,2018,2018-09-26T04:00:00.000Z,1755,17,BRIMLEY RD,BRIMWOOD BV, ,Major Arterial,Scarborough,43.811053,-79.279712,Intersection,At Intersection,Traffic Signal,Clear,Daylight,Dry,Non-Fatal Injury,Cyclist Collisions,Cyclist,30 to 34,Major,0,East,Bicycle,Turning Left, , , , , , ,Failed to Yield Right of Way,Inattentive, ,Yes,Yes, , , , , , , , , , ,42,,,129,,645
-79.279712,43.811053,80972191,8001784875,2018,2018-09-26T04:00:00.000Z,1755,17,BRIMLEY RD,BRIMWOOD BV, ,Major Arterial,Scarborough,43.811053,-79.279712,Intersection,At Intersection,Traffic Signal,Clear,Daylight,Dry,Non-Fatal Injury,Cyclist Collisions,Driver,45 to 49,None,0,North,"Automobile, Station Wagon",Going Ahead,Driving Properly,Normal, , , , , , , ,Yes,Yes, , , , , , , , , , ,42,,,129,,646
-79.392284,43.645983,6159552,1176162,2010,2010-06-19T04:00:00.000Z,1800,18,KING ST W,PETER ST, ,Major Arterial,Toronto and East York,43.645983,-79.392284,Intersection,At Intersection,Traffic Signal,Clear,Daylight,Dry,Non-Fatal Injury,Cyclist Collisions,Driver,unknown,None,0,East,"Automobile, Station Wagon",Turning Left,Improper Turn,Unknown, , , , , , , ,Yes,Yes, , , , , , , , , , ,52,,,77,,647
-79.392284,43.645983,6159553,1176162,2010,2010-06-19T04:00:00.000Z,1800,18,KING ST W,PETER ST, ,Major Arterial,Toronto and East York,43.645983,-79.392284,Intersection,At Intersection,Traffic Signal,Clear,Daylight,Dry,Non-Fatal Injury,Cyclist Collisions,Cyclist,20 to 24,Major,0,West,Bicycle,Going Ahead, , , , , ,Motorist turned left across cyclists path.,Driving Properly,Normal, ,Yes,Yes, , , , , , , , , , ,52,,,77,,648
-79.38659,43.638845,6675011,1253635,2011,2011-07-20T04:00:00.000Z,1800,18,QUEENS QUAY W,REES ST, ,Minor Arterial,Toronto and East York,43.638845,-79.38659,Intersection,At Intersection,Traffic Signal,Clear,Daylight,Dry,Non-Fatal Injury,Cyclist Collisions,Vehicle Owner,unknown, ,0, ,Other, , , , , , , , , , ,Yes,Yes, , , , , , , , , , ,52,,,77,,649
-79.38659,43.638845,6675012,1253635,2011,2011-07-20T04:00:00.000Z,1800,18,QUEENS QUAY W,REES ST, ,Minor Arterial,Toronto and East York,43.638845,-79.38659,Intersection,At Intersection,Traffic Signal,Clear,Daylight,Dry,Non-Fatal Injury,Cyclist Collisions,Driver,40 to 44,None,0,West,"Automobile, Station Wagon",Parked,Other,Normal, , , , , , , ,Yes,Yes, , , , , , , , , , ,52,,,77,,650
-79.38659,43.638845,6675013,1253635,2011,2011-07-20T04:00:00.000Z,1800,18,QUEENS QUAY W,REES ST, ,Minor Arterial,Toronto and East York,43.638845,-79.38659,Intersection,At Intersection,Traffic Signal,Clear,Daylight,Dry,Non-Fatal Injury,Cyclist Collisions,Cyclist,40 to 44,Major,0,West,Bicycle,Going Ahead, , , , , ,Cyclist struck opened vehicle door,Driving Properly,Normal, ,Yes,Yes, , , , , , , , , , ,52,,,77,,651
-79.493686,43.671645,7820784,1357155,2013,2013-04-23T04:00:00.000Z,1800,18,JANE ST,FOXWELL ST, ,Major Arterial,Etobicoke York,43.671645,-79.493686,Intersection,At Intersection,Traffic Signal,Clear,Daylight,Dry,Non-Fatal Injury,Cyclist Collisions,Driver,50 to 54,None,0,South,"Automobile, Station Wagon",Going Ahead,Driving Properly,Normal, , , , , , , ,Yes,Yes, , , , , , , , , , ,12,,,111,,652
-79.493686,43.671645,7820785,1357155,2013,2013-04-23T04:00:00.000Z,1800,18,JANE ST,FOXWELL ST, ,Major Arterial,Etobicoke York,43.671645,-79.493686,Intersection,At Intersection,Traffic Signal,Clear,Daylight,Dry,Non-Fatal Injury,Cyclist Collisions,Cyclist,20 to 24,Major,0,North,Bicycle,Turning Left, , , , , ,Cyclist turned left across motorists path.,Other,Unknown, ,Yes,Yes, , , , , , , , , , ,12,,,111,,653
-79.342189,43.679412,80770489,7001157981,2017,2017-06-28T04:00:00.000Z,1800,18,DANFORTH AVE,WOODYCREST AVE,33 m West of,Major Arterial,Toronto and East York,43.679412,-79.342189,Mid-Block,At/Near Private Drive,No Control,Clear,Daylight,Dry,Non-Fatal Injury,Cyclist Collisions,Driver,35 to 39,None,0,West,"Automobile, Station Wagon",Turning Left,Improper Turn,Inattentive, , , , , , , ,Yes,Yes, , , , ,Yes, , , , , ,"54,55",,,69,,654
-79.342189,43.679412,80770490,7001157981,2017,2017-06-28T04:00:00.000Z,1800,18,DANFORTH AVE,WOODYCREST AVE,33 m West of,Major Arterial,Toronto and East York,43.679412,-79.342189,Mid-Block,At/Near Private Drive,No Control,Clear,Daylight,Dry,Non-Fatal Injury,Cyclist Collisions,Cyclist,35 to 39,Major,0,East,Bicycle,Going Ahead, , , , , ,Motorist turned left across cyclists path.,Driving Properly,Normal, ,Yes,Yes, , , , ,Yes, , , , , ,"54,55",,,69,,655
-79.342189,43.679412,80770491,7001157981,2017,2017-06-28T04:00:00.000Z,1800,18,DANFORTH AVE,WOODYCREST AVE,33 m West of,Major Arterial,Toronto and East York,43.679412,-79.342189,Mid-Block,At/Near Private Drive,No Control,Clear,Daylight,Dry,Non-Fatal Injury,Cyclist Collisions,Passenger,0 to 4,None,0, , , , , , , , , , , , ,Yes,Yes, , , , ,Yes, , , , , ,"54,55",,,69,,656
-79.342189,43.679412,80770492,7001157981,2017,2017-06-28T04:00:00.000Z,1800,18,DANFORTH AVE,WOODYCREST AVE,33 m West of,Major Arterial,Toronto and East York,43.679412,-79.342189,Mid-Block,At/Near Private Drive,No Control,Clear,Daylight,Dry,Non-Fatal Injury,Cyclist Collisions,Passenger,0 to 4,None,0, , , , , , , , , , , , ,Yes,Yes, , , , ,Yes, , , , , ,"54,55",,,69,,657
-79.39289,43.674745,7848846,1369145,2013,2013-08-02T04:00:00.000Z,1802,18,DAVENPORT Rd,BELMONT St, ,Major Arterial,Toronto and East York,43.674745,-79.39289,Intersection,At Intersection,Traffic Signal,Clear,Daylight,Dry,Non-Fatal Injury,Cyclist Collisions,Driver,20 to 24,None,0,North,"Automobile, Station Wagon",Going Ahead,Disobeyed Traffic Control,Normal, , , , , , , ,Yes,Yes, , , , , , ,Yes,Yes, , ,53,,,95,,658
-79.39289,43.674745,7848847,1369145,2013,2013-08-02T04:00:00.000Z,1802,18,DAVENPORT Rd,BELMONT St, ,Major Arterial,Toronto and East York,43.674745,-79.39289,Intersection,At Intersection,Traffic Signal,Clear,Daylight,Dry,Non-Fatal Injury,Cyclist Collisions,Cyclist,25 to 29,Major,0,East,Bicycle,Going Ahead, , , , , ,"Motorist without ROW drives into path of cyclist at inter, lnwy, dwy-Driver not turn.",Driving Properly,Normal, ,Yes,Yes, , , , , , ,Yes,Yes, , ,53,,,95,,659
-79.381709,43.651881,80177786,4003142204,2014,2014-10-20T04:00:00.000Z,1803,18,BAY ST,QUEEN ST W, ,Major Arterial,Toronto and East York,43.651881,-79.381709,Intersection,At Intersection,Traffic Signal,Rain,Dusk,Wet,Non-Fatal Injury,Cyclist Collisions,Driver,20 to 24,None,0,North,"Automobile, Station Wagon",Turning Left,Failed to Yield Right of Way,Normal, , , , , , , ,Yes,Yes, , , , , , ,Yes, , , ,52,,,76,,660
-79.381709,43.651881,80177787,4003142204,2014,2014-10-20T04:00:00.000Z,1803,18,BAY ST,QUEEN ST W, ,Major Arterial,Toronto and East York,43.651881,-79.381709,Intersection,At Intersection,Traffic Signal,Rain,Dusk,Wet,Non-Fatal Injury,Cyclist Collisions,Vehicle Owner,unknown, ,0, ,"Automobile, Station Wagon", , , , , , , , , , ,Yes,Yes, , , , , , ,Yes, , , ,52,,,76,,661
-79.381709,43.651881,80177788,4003142204,2014,2014-10-20T04:00:00.000Z,1803,18,BAY ST,QUEEN ST W, ,Major Arterial,Toronto and East York,43.651881,-79.381709,Intersection,At Intersection,Traffic Signal,Rain,Dusk,Wet,Non-Fatal Injury,Cyclist Collisions,Cyclist,25 to 29,Major,0,North,Bicycle,Going Ahead, , , , , ,Motorist turned left across cyclists path.,Driving Properly,Normal, ,Yes,Yes, , , , , , ,Yes, , , ,52,,,76,,662
-79.42686,43.792102,80180577,4003325282,2014,2014-11-18T05:00:00.000Z,1804,18,MOORE PARK AVE,HILDA AVE, ,Collector,North York,43.792102,-79.42686,Intersection,At Intersection,Stop Sign,Clear,"Dark, artificial",Dry,Non-Fatal Injury,Cyclist Collisions,Driver,unknown,None,0,East,"Automobile, Station Wagon",Going Ahead,Failed to Yield Right of Way,Unknown, , , , , , , ,Yes,Yes, , , , , , ,Yes, , , ,32,,,36,,663
-79.42686,43.792102,80180578,4003325282,2014,2014-11-18T05:00:00.000Z,1804,18,MOORE PARK AVE,HILDA AVE, ,Collector,North York,43.792102,-79.42686,Intersection,At Intersection,Stop Sign,Clear,"Dark, artificial",Dry,Non-Fatal Injury,Cyclist Collisions,Cyclist,55 to 59,Major,0,South, ,Going Ahead, , , , , ,"Motorist without ROW drives into path of cyclist at inter, lnwy, dwy-Driver not turn.",Driving Properly,Normal, ,Yes,Yes, , , , , , ,Yes, , , ,32,,,36,,664
-79.53729,43.717045,5382044,1048237,2008,2008-06-22T04:00:00.000Z,1805,18,WESTON Road,WALSH Aven, ,Major Arterial,Etobicoke York,43.717045,-79.53729,Intersection,At Intersection,Traffic Signal,Clear,Daylight,Dry,Non-Fatal Injury,Cyclist Collisions,Vehicle Owner,unknown, ,0, ,Other, , , , , , , , , , ,Yes,Yes, , , , , , , , , , ,31,,,23,,665
-79.53729,43.717045,5382045,1048237,2008,2008-06-22T04:00:00.000Z,1805,18,WESTON Road,WALSH Aven, ,Major Arterial,Etobicoke York,43.717045,-79.53729,Intersection,At Intersection,Traffic Signal,Clear,Daylight,Dry,Non-Fatal Injury,Cyclist Collisions,Driver,45 to 49,None,0,North,"Automobile, Station Wagon",Going Ahead,Driving Properly,Normal, , , , , , , ,Yes,Yes, , , , , , , , , , ,31,,,23,,666
-79.53729,43.717045,5382046,1048237,2008,2008-06-22T04:00:00.000Z,1805,18,WESTON Road,WALSH Aven, ,Major Arterial,Etobicoke York,43.717045,-79.53729,Intersection,At Intersection,Traffic Signal,Clear,Daylight,Dry,Non-Fatal Injury,Cyclist Collisions,Cyclist,35 to 39,Major,0,East,Bicycle,Going Ahead, , , , , ,"Cyclist without ROW rides into path of motorist at inter, lnwy, dwy-Cyclist not turn.",Failed to Yield Right of Way,Normal, ,Yes,Yes, , , , , , , , , , ,31,,,23,,667
-79.51839,43.663146,80171781,4002755635,2014,2014-08-22T04:00:00.000Z,1805,18,ROYAL YORK RD,ASHLEY RD, ,Minor Arterial,Etobicoke York,43.663146,-79.51839,Intersection,At Intersection,No Control,Clear,Daylight,Dry,Non-Fatal Injury,Cyclist Collisions,Driver,30 to 34,None,0,South,"Automobile, Station Wagon",Turning Right,Failed to Yield Right of Way,Inattentive, , , , , , , ,Yes,Yes, , , , , , ,Yes, , , ,22,,,9,,668
-79.51839,43.663146,80171782,4002755635,2014,2014-08-22T04:00:00.000Z,1805,18,ROYAL YORK RD,ASHLEY RD, ,Minor Arterial,Etobicoke York,43.663146,-79.51839,Intersection,At Intersection,No Control,Clear,Daylight,Dry,Non-Fatal Injury,Cyclist Collisions,Cyclist,30 to 34,Major,0,South,Bicycle,Going Ahead, , , , , ,"Motorist turns right at non-signal Inter.(stop, yield, no cont.,and dwy) and strikes cyclist.",Driving Properly,Normal, ,Yes,Yes, , , , , , ,Yes, , , ,22,,,9,,669
-79.393665,43.649279,7441309,1305406,2012,2012-06-05T04:00:00.000Z,1807,18,QUEEN ST W,PETER ST, ,Major Arterial,Toronto and East York,43.649279,-79.393665,Intersection,Intersection Related,Streetcar (Stop for),Clear,Daylight,Dry,Non-Fatal Injury,Pedestrian Collisions,Vehicle Owner,unknown, ,0, , , , , , , , , , , ,Yes,Yes, , , , , , , , , , , ,52,,,77,,670
-79.393665,43.649279,7441310,1305406,2012,2012-06-05T04:00:00.000Z,1807,18,QUEEN ST W,PETER ST, ,Major Arterial,Toronto and East York,43.649279,-79.393665,Intersection,Intersection Related,Streetcar (Stop for),Clear,Daylight,Dry,Non-Fatal Injury,Pedestrian Collisions,Driver - Not Hit,unknown,None,0, , , , , , , , , , , ,Yes,Yes, , , , , , , , , , , ,52,,,77,,671
-79.393665,43.649279,7441311,1305406,2012,2012-06-05T04:00:00.000Z,1807,18,QUEEN ST W,PETER ST, ,Major Arterial,Toronto and East York,43.649279,-79.393665,Intersection,Intersection Related,Streetcar (Stop for),Clear,Daylight,Dry,Non-Fatal Injury,Pedestrian Collisions,Pedestrian,60 to 64,Major,0,South, , , , ,Pedestrian hit at mid-block,Person Getting on/off Vehicle,Normal, , , ,Yes,Yes, , , , , , , , , , , ,52,,,77,,672
-79.393665,43.649279,7441312,1305406,2012,2012-06-05T04:00:00.000Z,1807,18,QUEEN ST W,PETER ST, ,Major Arterial,Toronto and East York,43.649279,-79.393665,Intersection,Intersection Related,Streetcar (Stop for),Clear,Daylight,Dry,Non-Fatal Injury,Pedestrian Collisions,Cyclist,20 to 24,None,0,East,Bicycle,Going Ahead, , , , , ,Cyclist strikes pedestrian.,Failed to Yield Right of Way,Inattentive,Yes,Yes, , , , , , , , , , , ,52,,,77,,673