X,Y,Index_,ACCNUM,YEAR,DATE,TIME,Hour,STREET1,STREET2,OFFSET,ROAD_CLASS,District,LATITUDE,LONGITUDE,LOCCOORD,ACCLOC,TRAFFCTL,VISIBILITY,LIGHT,RDSFCOND,ACCLASS,IMPACTYPE,INVTYPE,INVAGE,INJURY,FATAL_NO,INITDIR,VEHTYPE,MANOEUVER,DRIVACT,DRIVCOND,PEDTYPE,PEDACT,PEDCOND,CYCLISTYPE,CYCACT,CYCCOND,PEDESTRIAN,CYCLIST,AUTOMOBILE,MOTORCYCLE,TRUCK,TRSN_CITY_,EMERG_VEH,PASSENGER,SPEEDING,AG_DRIV,REDLIGHT,ALCOHOL,DISABILITY,Division,Ward_Name,Ward_ID,Hood_ID,Hood_Name,ObjectId
-79.301906,43.812064,80768564,6002057504,2016,2016-11-19T05:00:00.000Z,1807,18,KENNEDY RD,MCNICOLL AVE, ,Major Arterial,Scarborough,43.812064,-79.301906,Intersection,At Intersection,Traffic Signal,Clear,"Dark, artificial",Dry,Non-Fatal Injury,Cyclist Collisions,Driver,70 to 74,None,0,South,"Automobile, Station Wagon",Turning Left,Improper Turn,Inattentive, , , , , , , ,Yes,Yes, , , , , , , , , , ,42,,,130,,674
-79.301906,43.812064,80768565,6002057504,2016,2016-11-19T05:00:00.000Z,1807,18,KENNEDY RD,MCNICOLL AVE, ,Major Arterial,Scarborough,43.812064,-79.301906,Intersection,At Intersection,Traffic Signal,Clear,"Dark, artificial",Dry,Non-Fatal Injury,Cyclist Collisions,Cyclist,55 to 59,Major,0,South,Bicycle,Going Ahead, , , , , ,Motorist turned left across cyclists path.,Driving Properly,Normal, ,Yes,Yes, , , , , , , , , , ,42,,,130,,675
-79.39279,43.647245,7433286,1302089,2012,2012-05-10T04:00:00.000Z,1810,18,PETER ST,ADELAIDE ST W, ,Major Arterial,Toronto and East York,43.647245,-79.39279,Intersection, ,No Control,Clear,Dusk,Dry,Non-Fatal Injury,Cyclist Collisions,Driver,45 to 49,None,0,North,"Automobile, Station Wagon",Stopped,Driving Properly,Normal, , , , , , , ,Yes,Yes, , , , , , , , , , ,52,,,77,,676
-79.39279,43.647245,7433287,1302089,2012,2012-05-10T04:00:00.000Z,1810,18,PETER ST,ADELAIDE ST W, ,Major Arterial,Toronto and East York,43.647245,-79.39279,Intersection, ,No Control,Clear,Dusk,Dry,Non-Fatal Injury,Cyclist Collisions,Cyclist,20 to 24,Major,0,North,Bicycle,Overtaking, , , , , ,Cyclist struck opened vehicle door,Driving Properly,Unknown, ,Yes,Yes, , , , , , , , , , ,52,,,77,,677
-79.3325,43.778842,80247062,5001353806,2015,2015-08-07T04:00:00.000Z,1811,18,OLD SHEPPARD AVE,BRIAN DR,9 m East of,Collector,North York,43.778842,-79.3325,Intersection,Intersection Related,Stop Sign,Clear,Daylight,Dry,Non-Fatal Injury,Cyclist Collisions,Cyclist,55 to 59,Major,0,West,Bicycle,Overtaking, , , , , ,Motorist turned left across cyclists path.,Improper Passing,Inattentive, ,Yes,Yes, , , , , , , , , , ,33,,,46,,678
-79.3325,43.778842,80247063,5001353806,2015,2015-08-07T04:00:00.000Z,1811,18,OLD SHEPPARD AVE,BRIAN DR,9 m East of,Collector,North York,43.778842,-79.3325,Intersection,Intersection Related,Stop Sign,Clear,Daylight,Dry,Non-Fatal Injury,Cyclist Collisions,Driver,20 to 24,None,0,South,"Automobile, Station Wagon",Turning Left,Driving Properly,Normal, , , , , , , ,Yes,Yes, , , , , , , , , , ,33,,,46,,679
-79.428684,43.637419,80497416,6000131463,2016,2016-01-22T05:00:00.000Z,1811,18,135 TYNDALL AVE, ,85 m South of,Local,Toronto and East York,43.637419,-79.428684,Mid-Block,At/Near Private Drive,No Control,Clear,"Dark, artificial",Dry,Non-Fatal Injury,Cyclist Collisions,Driver,40 to 44,None,0,South,"Automobile, Station Wagon",Turning Left,Improper Turn,Inattentive, , , , , , , ,Yes,Yes, , , , , , , , , , ,14,,,85,,680
-79.428684,43.637419,80497417,6000131463,2016,2016-01-22T05:00:00.000Z,1811,18,135 TYNDALL AVE, ,85 m South of,Local,Toronto and East York,43.637419,-79.428684,Mid-Block,At/Near Private Drive,No Control,Clear,"Dark, artificial",Dry,Non-Fatal Injury,Cyclist Collisions,Cyclist,50 to 54,Major,0,North,Bicycle,Going Ahead, , , , , ,Motorist turned left across cyclists path.,Driving Properly,Normal, ,Yes,Yes, , , , , , , , , , ,14,,,85,,681
-79.34669,43.656645,5445162,1076080,2008,2008-11-25T05:00:00.000Z,1814,18,324 EASTERN AVE, , ,Major Arterial,Toronto and East York,43.656645,-79.34669,Intersection, ,No Control,Rain,Dark,Wet,Non-Fatal Injury,Cyclist Collisions,Driver,40 to 44,None,0,South,"Automobile, Station Wagon",Turning Right,Failed to Yield Right of Way,Normal, , , , , , , ,Yes,Yes, , , , , , ,Yes, , , ,55,,,70,,682
-79.34669,43.656645,5445163,1076080,2008,2008-11-25T05:00:00.000Z,1814,18,324 EASTERN AVE, , ,Major Arterial,Toronto and East York,43.656645,-79.34669,Intersection, ,No Control,Rain,Dark,Wet,Non-Fatal Injury,Cyclist Collisions,Cyclist,35 to 39,Major,0,East,Bicycle,Going Ahead, , , , , ,"Motorist turns right at non-signal Inter.(stop, yield, no cont.,and dwy) and strikes cyclist.",Driving Properly,Normal, ,Yes,Yes, , , , , , ,Yes, , , ,55,,,70,,683
-79.30099,43.780345,7542311,1314053,2012,2012-07-18T04:00:00.000Z,1815,18,3495 SHEPPARD AVE E, , ,Major Arterial,Scarborough,43.780345,-79.30099,Mid-Block, ,No Control,Clear,Daylight,Dry,Non-Fatal Injury,Cyclist Collisions,Driver,20 to 24,None,0,East,"Automobile, Station Wagon",Turning Right,Failed to Yield Right of Way,Inattentive, , , , , , , ,Yes,Yes, , , , , , ,Yes, , , ,42,,,118,,684
-79.30099,43.780345,7542312,1314053,2012,2012-07-18T04:00:00.000Z,1815,18,3495 SHEPPARD AVE E, , ,Major Arterial,Scarborough,43.780345,-79.30099,Mid-Block, ,No Control,Clear,Daylight,Dry,Non-Fatal Injury,Cyclist Collisions,Cyclist,15 to 19,Major,0,East,Bicycle,Going Ahead, , , , , ,"Motorist turns right at non-signal Inter.(stop, yield, no cont.,and dwy) and strikes cyclist.",Driving Properly,Normal, ,Yes,Yes, , , , , , ,Yes, , , ,42,,,118,,685
-79.31959,43.668445,7811254,1353008,2013,2013-03-08T05:00:00.000Z,1815,18,DUNDAS ST E,CRAVEN RD, ,Minor Arterial,Toronto and East York,43.668445,-79.31959,Intersection,At Intersection,Stop Sign,Clear,Dusk,Dry,Non-Fatal Injury,Cyclist Collisions,Vehicle Owner,unknown, ,0, ,Other, , , , , , , , , , ,Yes,Yes, , , , , , , , , , ,55,,,65,,686
-79.31959,43.668445,7811255,1353008,2013,2013-03-08T05:00:00.000Z,1815,18,DUNDAS ST E,CRAVEN RD, ,Minor Arterial,Toronto and East York,43.668445,-79.31959,Intersection,At Intersection,Stop Sign,Clear,Dusk,Dry,Non-Fatal Injury,Cyclist Collisions,Driver,50 to 54,None,0,North,"Automobile, Station Wagon",Going Ahead,Driving Properly,Normal, , , , , , , ,Yes,Yes, , , , , , , , , , ,55,,,65,,687
-79.31959,43.668445,7811256,1353008,2013,2013-03-08T05:00:00.000Z,1815,18,DUNDAS ST E,CRAVEN RD, ,Minor Arterial,Toronto and East York,43.668445,-79.31959,Intersection,At Intersection,Stop Sign,Clear,Dusk,Dry,Non-Fatal Injury,Cyclist Collisions,Cyclist,30 to 34,Major,0,West,Bicycle,Going Ahead, , , , , ,"Cyclist without ROW rides into path of motorist at inter, lnwy, dwy-Cyclist not turn.",Wrong Way on One Way Road,Normal, ,Yes,Yes, , , , , , , , , , ,55,,,65,,688
-79.441371,43.635432,80741779,7000917334,2017,2017-05-24T04:00:00.000Z,1815,18,1395 LAKE SHORE BLVD W, , ,Expressway,Toronto and East York,43.635432,-79.441371,Mid-Block,Non Intersection,No Control,Clear,Daylight,Dry,Fatal,Cyclist Collisions,Cyclist,5 to 9,Fatal,24,West,Bicycle,Going Ahead, , , , , ,Insufficient information (to determine cyclist crash type).,Lost control,Normal, ,Yes, , , , , , , , , , , ,14,,,85,,689
-79.403827,43.666583,80784057,7001781629,2017,2017-10-01T04:00:00.000Z,1815,18,BLOOR ST W,SPADINA AVE, ,Major Arterial,Toronto and East York,43.666583,-79.403827,Intersection,At Intersection,Traffic Signal,Clear,Daylight,Dry,Non-Fatal Injury,Cyclist Collisions,Cyclist,20 to 24,Major,0,East,Bicycle,Overtaking, , , , , ,Motorist turning right on green or amber at signalized intersection strikes cyclist.,Failed to Yield Right of Way,Inattentive, ,Yes, , ,Yes, , ,Yes, , , , , ,"14,53,52",,,79,,690
-79.403827,43.666583,80784058,7001781629,2017,2017-10-01T04:00:00.000Z,1815,18,BLOOR ST W,SPADINA AVE, ,Major Arterial,Toronto and East York,43.666583,-79.403827,Intersection,At Intersection,Traffic Signal,Clear,Daylight,Dry,Non-Fatal Injury,Cyclist Collisions,Truck Driver,25 to 29,None,0,East,Truck - Open,Turning Right,Driving Properly,Normal, , , , , , , ,Yes, , ,Yes, , ,Yes, , , , , ,"14,53,52",,,79,,691
-79.403827,43.666583,80784059,7001781629,2017,2017-10-01T04:00:00.000Z,1815,18,BLOOR ST W,SPADINA AVE, ,Major Arterial,Toronto and East York,43.666583,-79.403827,Intersection,At Intersection,Traffic Signal,Clear,Daylight,Dry,Non-Fatal Injury,Cyclist Collisions,Passenger,20 to 24,None,0, , , , , , , , , , , , ,Yes, , ,Yes, , ,Yes, , , , , ,"14,53,52",,,79,,692
-79.403827,43.666583,80784060,7001781629,2017,2017-10-01T04:00:00.000Z,1815,18,BLOOR ST W,SPADINA AVE, ,Major Arterial,Toronto and East York,43.666583,-79.403827,Intersection,At Intersection,Traffic Signal,Clear,Daylight,Dry,Non-Fatal Injury,Cyclist Collisions,Passenger,20 to 24,None,0, , , , , , , , , , , , ,Yes, , ,Yes, , ,Yes, , , , , ,"14,53,52",,,79,,693
-79.39909,43.680745,5390543,1051990,2008,2008-06-25T04:00:00.000Z,1820,18,AVENUE RD,POPLAR PLAINS CRES, ,Major Arterial,Toronto and East York,43.680745,-79.39909,Intersection,At Intersection,No Control,Clear,Daylight,Dry,Non-Fatal Injury,Cyclist Collisions,Driver,65 to 69,None,0,North,"Automobile, Station Wagon",Turning Left,Improper Turn,Inattentive, , , , , , , ,Yes,Yes, , , , , , , , , , ,53,,,96,,694
-79.39909,43.680745,5390544,1051990,2008,2008-06-25T04:00:00.000Z,1820,18,AVENUE RD,POPLAR PLAINS CRES, ,Major Arterial,Toronto and East York,43.680745,-79.39909,Intersection,At Intersection,No Control,Clear,Daylight,Dry,Non-Fatal Injury,Cyclist Collisions,Cyclist,35 to 39,Major,0,South,Bicycle,Going Ahead, , , , , ,Motorist turned left across cyclists path.,Driving Properly,Normal, ,Yes,Yes, , , , , , , , , , ,53,,,96,,695
-79.36779,43.674045,6189791,1188873,2010,2010-08-07T04:00:00.000Z,1820,18,BLOOR ST E,CASTLE FRANK RD, ,Major Arterial,Toronto and East York,43.674045,-79.36779,Mid-Block, ,No Control,Clear,Daylight,Dry,Non-Fatal Injury,Pedestrian Collisions,Pedestrian,20 to 24,Major,0,Unknown,Other, , , ,Other / Undefined,Other,"Ability Impaired, Alcohol", , , ,Yes,Yes, , , , , , , , , , , ,"51,53",,,71,,696
-79.36779,43.674045,6189792,1188873,2010,2010-08-07T04:00:00.000Z,1820,18,BLOOR ST E,CASTLE FRANK RD, ,Major Arterial,Toronto and East York,43.674045,-79.36779,Mid-Block, ,No Control,Clear,Daylight,Dry,Non-Fatal Injury,Pedestrian Collisions,Cyclist,55 to 59,None,0,East,Bicycle,Going Ahead, , , , , ,Cyclist strikes pedestrian.,Driving Properly,Unknown,Yes,Yes, , , , , , , , , , , ,"51,53",,,71,,697
-79.37649,43.654845,7487146,1324692,2012,2012-10-02T04:00:00.000Z,1820,18,SHUTER Stre,CHURCH Stre, ,Minor Arterial,Toronto and East York,43.654845,-79.37649,Intersection,At Intersection,Traffic Signal,Clear,"Dark, artificial",Dry,Non-Fatal Injury,Cyclist Collisions,Driver,45 to 49,None,0,East,"Automobile, Station Wagon",Turning Right,Improper Turn,Normal, , , , , , , ,Yes,Yes, , , , , , , , , , ,51,,,75,,698
-79.37649,43.654845,7487147,1324692,2012,2012-10-02T04:00:00.000Z,1820,18,SHUTER Stre,CHURCH Stre, ,Minor Arterial,Toronto and East York,43.654845,-79.37649,Intersection,At Intersection,Traffic Signal,Clear,"Dark, artificial",Dry,Non-Fatal Injury,Cyclist Collisions,Cyclist,60 to 64,Major,0,East,Bicycle,Going Ahead, , , , , ,Motorist turning right on green or amber at signalized intersection strikes cyclist.,Driving Properly,Normal, ,Yes,Yes, , , , , , , , , , ,51,,,75,,699
-79.469447,43.665461,80162397,4002199584,2014,2014-06-01T04:00:00.000Z,1822,18,DUNDAS ST W,PACIFIC AVE, ,Major Arterial,Toronto and East York,43.665461,-79.469447,Mid-Block,Non Intersection,No Control,Clear,Daylight,Dry,Non-Fatal Injury,Cyclist Collisions,Driver,60 to 64,None,0,West,"Automobile, Station Wagon",Going Ahead,Driving Properly,Normal, , , , , , , ,Yes,Yes, , , , , , , , , , ,11,,,90,,700
-79.469447,43.665461,80162398,4002199584,2014,2014-06-01T04:00:00.000Z,1822,18,DUNDAS ST W,PACIFIC AVE, ,Major Arterial,Toronto and East York,43.665461,-79.469447,Mid-Block,Non Intersection,No Control,Clear,Daylight,Dry,Non-Fatal Injury,Cyclist Collisions,Other,unknown, ,0, , , , , , , , , , , , ,Yes,Yes, , , , , , , , , , ,11,,,90,,701
-79.469447,43.665461,80162399,4002199584,2014,2014-06-01T04:00:00.000Z,1822,18,DUNDAS ST W,PACIFIC AVE, ,Major Arterial,Toronto and East York,43.665461,-79.469447,Mid-Block,Non Intersection,No Control,Clear,Daylight,Dry,Non-Fatal Injury,Cyclist Collisions,Cyclist,45 to 49,Major,0,West,Bicycle,Going Ahead, , , , , ,Cyclist and Driver travelling in same direction. One vehicle rear-ended the other.,Lost control,Normal, ,Yes,Yes, , , , , , , , , , ,11,,,90,,702
-79.39389,43.642745,5260626,1113959,2009,2009-07-13T04:00:00.000Z,1825,18,FRONT ST W,SPADINA AVE, ,Major Arterial,Toronto and East York,43.642745,-79.39389,Intersection,At Intersection,Traffic Signal,Clear,Daylight,Dry,Non-Fatal Injury,Cyclist Collisions,Driver,30 to 34,None,0,West,"Automobile, Station Wagon",Going Ahead,Driving Properly,Normal, , , , , , , ,Yes,Yes, , , , , , , , , , ,"14,52",,,77,,703
-79.39389,43.642745,5260627,1113959,2009,2009-07-13T04:00:00.000Z,1825,18,FRONT ST W,SPADINA AVE, ,Major Arterial,Toronto and East York,43.642745,-79.39389,Intersection,At Intersection,Traffic Signal,Clear,Daylight,Dry,Non-Fatal Injury,Cyclist Collisions,Cyclist,30 to 34,Major,0,North,Bicycle,Going Ahead, , , , , ,"Cyclist without ROW rides into path of motorist at inter, lnwy, dwy-Cyclist not turn.",Disobeyed Traffic Control,Normal, ,Yes,Yes, , , , , , , , , , ,"14,52",,,77,,704
-79.30189,43.669645,6220574,1201907,2010,2010-10-20T04:00:00.000Z,1825,18,QUEEN Stre E,KENILWORTH Aven, ,Minor Arterial,Toronto and East York,43.669645,-79.30189,Intersection, ,No Control,Clear,Dark,Dry,Non-Fatal Injury,Cyclist Collisions,Driver,25 to 29,None,0,West,"Automobile, Station Wagon",Parked,Other,Normal, , , , , , , ,Yes,Yes, , , , , , , , , , ,55,,,63,,705
-79.30189,43.669645,6220575,1201907,2010,2010-10-20T04:00:00.000Z,1825,18,QUEEN Stre E,KENILWORTH Aven, ,Minor Arterial,Toronto and East York,43.669645,-79.30189,Intersection, ,No Control,Clear,Dark,Dry,Non-Fatal Injury,Cyclist Collisions,Cyclist,50 to 54,Major,0,West,Bicycle,Going Ahead, , , , , ,Cyclist struck opened vehicle door,Other,Normal, ,Yes,Yes, , , , , , , , , , ,55,,,63,,706
-79.40869,43.665645,7835555,1363588,2013,2013-05-13T04:00:00.000Z,1830,18,BORDEN ST,BLOOR ST W, ,Major Arterial,Toronto and East York,43.665645,-79.40869,Intersection, ,No Control,Clear,Daylight,Dry,Non-Fatal Injury,SMV Other,Driver - Not Hit,unknown, ,0, ,"Automobile, Station Wagon", , , , , , , , , , ,Yes,Yes, , , , , , ,Yes, , , ,14,,,79,,707
-79.40869,43.665645,7835556,1363588,2013,2013-05-13T04:00:00.000Z,1830,18,BORDEN ST,BLOOR ST W, ,Major Arterial,Toronto and East York,43.665645,-79.40869,Intersection, ,No Control,Clear,Daylight,Dry,Non-Fatal Injury,SMV Other,Moped Driver,40 to 44,Major,0,North,Moped,Going Ahead,Failed to Yield Right of Way,Normal, , , , , , , ,Yes,Yes, , , , , , ,Yes, , , ,14,,,79,,708
-79.420291,43.654845,7892789,1387644,2013,2013-09-26T04:00:00.000Z,1830,18,COLLEGE St,SHAW St, ,Major Arterial,Toronto and East York,43.654845,-79.420291,Intersection, ,Stop Sign,Clear,Daylight,Dry,Non-Fatal Injury,Cyclist Collisions,Vehicle Owner,unknown, ,0, ,Other, , , , , , , , , , ,Yes,Yes, , , , , , ,Yes, , , ,14,,,81,,709
-79.55449,43.749445,7416556,1294902,2012,2012-05-19T04:00:00.000Z,1141,11,FINCH AVE W,DRIFTWOOD AVE, ,Major Arterial,Etobicoke York,43.749445,-79.55449,Mid-Block,At Intersection,No Control,Clear,Daylight,Dry,Non-Fatal Injury,Cyclist Collisions,Driver,40 to 44,None,0,East,"Automobile, Station Wagon",Going Ahead,Driving Properly,Normal, , , , , , , ,Yes,Yes, , , , , , , , , , ,31,,,22,,710
-79.55449,43.749445,7416557,1294902,2012,2012-05-19T04:00:00.000Z,1141,11,FINCH AVE W,DRIFTWOOD AVE, ,Major Arterial,Etobicoke York,43.749445,-79.55449,Mid-Block,At Intersection,No Control,Clear,Daylight,Dry,Non-Fatal Injury,Cyclist Collisions,Cyclist,45 to 49,Major,0,West,Bicycle,Unknown, , , , , ,"Cyclist loses control and strikes object (pole, ttc track)",Lost control,Medical or Physical Disability, ,Yes,Yes, , , , , , , , , , ,31,,,22,,711
-79.46499,43.673045,5045945,1135987,2009,2009-10-20T04:00:00.000Z,1142,11,ST CLAIR Aven W,OLD WESTON Road, ,Major Arterial,Toronto and East York,43.673045,-79.46499,Mid-Block, ,Traffic Controller,Clear,Daylight,Dry,Non-Fatal Injury,Cyclist Collisions,Vehicle Owner,unknown, ,0, ,Other, , , , , , , , , , ,Yes, , ,Yes, , , , , , , , ,"12,11",,,91,,712
-79.46499,43.673045,5045946,1135987,2009,2009-10-20T04:00:00.000Z,1142,11,ST CLAIR Aven W,OLD WESTON Road, ,Major Arterial,Toronto and East York,43.673045,-79.46499,Mid-Block, ,Traffic Controller,Clear,Daylight,Dry,Non-Fatal Injury,Cyclist Collisions,Truck Driver,40 to 44,None,0,North,Truck - Open,Stopped,Driving Properly,Normal, , , , , , , ,Yes, , ,Yes, , , , , , , , ,"12,11",,,91,,713
-79.46499,43.673045,5045947,1135987,2009,2009-10-20T04:00:00.000Z,1142,11,ST CLAIR Aven W,OLD WESTON Road, ,Major Arterial,Toronto and East York,43.673045,-79.46499,Mid-Block, ,Traffic Controller,Clear,Daylight,Dry,Non-Fatal Injury,Cyclist Collisions,Cyclist,35 to 39,Major,0,West,Bicycle,Going Ahead, , , , , ,"Cyclist loses control and strikes object (pole, ttc track)",Lost control,Normal, ,Yes, , ,Yes, , , , , , , , ,"12,11",,,91,,714
-79.311847,43.683406,80159336,4002017268,2014,2014-05-05T04:00:00.000Z,644,6,WOODBINE AVE,MERRILL AVE E, ,Major Arterial,Toronto and East York,43.683406,-79.311847,Intersection,Intersection Related,Stop Sign,Clear,Daylight,Dry,Non-Fatal Injury,Cyclist Collisions,Passenger,unknown,None,0, , , , , , , , , , , , ,Yes,Yes, , , , ,Yes, ,Yes, , , ,55,,,64,,715
-79.508617,43.720904,80563774,6001143418,2016,2016-06-30T04:00:00.000Z,1143,11,JANE ST,WILSON AVE,5 m South of,Major Arterial,North York,43.720904,-79.508617,Intersection,Intersection Related,Traffic Signal,Clear,Daylight,Dry,Non-Fatal Injury,Cyclist Collisions,Cyclist,20 to 24,Major,0,East,Bicycle,Going Ahead, , , , , ,Motorist turning right on green or amber at signalized intersection strikes cyclist.,Driving Properly,Normal, ,Yes, , ,Yes, , , , , , , , ,31,,,26,,716
-79.508617,43.720904,80563775,6001143418,2016,2016-06-30T04:00:00.000Z,1143,11,JANE ST,WILSON AVE,5 m South of,Major Arterial,North York,43.720904,-79.508617,Intersection,Intersection Related,Traffic Signal,Clear,Daylight,Dry,Non-Fatal Injury,Cyclist Collisions,Truck Driver,30 to 34,None,0,East,"Truck - Closed (Blazer, etc)",Turning Right,Other,Normal, , , , , , , ,Yes, , ,Yes, , , , , , , , ,31,,,26,,717
-79.311847,43.683406,80159337,4002017268,2014,2014-05-05T04:00:00.000Z,644,6,WOODBINE AVE,MERRILL AVE E, ,Major Arterial,Toronto and East York,43.683406,-79.311847,Intersection,Intersection Related,Stop Sign,Clear,Daylight,Dry,Non-Fatal Injury,Cyclist Collisions,Cyclist,55 to 59,Major,0,South,Bicycle,Going Ahead, , , , , ,Motorist turned left across cyclists path.,Driving Properly,Normal, ,Yes,Yes, , , , ,Yes, ,Yes, , , ,55,,,64,,718
-79.55492,43.628993,80248479,5001450991,2015,2015-08-23T04:00:00.000Z,1147,11,DUNDAS ST W,CLOVERDALE MALL,100 m East of,Expressway,Etobicoke York,43.628993,-79.55492,Intersection,At Intersection,Traffic Signal,Clear,Daylight,Dry,Non-Fatal Injury,Cyclist Collisions,Driver,60 to 64,Minimal,0,East,"Automobile, Station Wagon",Turning Left,Improper Turn,Inattentive, , , , , , , ,Yes,Yes, , , , ,Yes, , , , , ,22,,,14,,719
-79.574611,43.728068,80777622,7000769510,2017,2017-05-02T04:00:00.000Z,645,6,WESTHUMBER BLVD,KIPLING AVE, ,Major Arterial,Etobicoke York,43.728068,-79.574611,Intersection,At Intersection,Traffic Signal,Clear,"Dawn, artificial",Dry,Non-Fatal Injury,Cyclist Collisions,Driver,45 to 49,None,0,East,"Automobile, Station Wagon",Turning Right,Improper Turn,Inattentive, , , , , , , ,Yes,Yes, , , , , , , , , , ,23,,,4,,720
-79.55492,43.628993,80248480,5001450991,2015,2015-08-23T04:00:00.000Z,1147,11,DUNDAS ST W,CLOVERDALE MALL,100 m East of,Expressway,Etobicoke York,43.628993,-79.55492,Intersection,At Intersection,Traffic Signal,Clear,Daylight,Dry,Non-Fatal Injury,Cyclist Collisions,Driver,45 to 49,Minimal,0,West,Passenger Van,Going Ahead,Driving Properly,Normal, , , , , , , ,Yes,Yes, , , , ,Yes, , , , , ,22,,,14,,721
-79.574611,43.728068,80777623,7000769510,2017,2017-05-02T04:00:00.000Z,645,6,WESTHUMBER BLVD,KIPLING AVE, ,Major Arterial,Etobicoke York,43.728068,-79.574611,Intersection,At Intersection,Traffic Signal,Clear,"Dawn, artificial",Dry,Non-Fatal Injury,Cyclist Collisions,Cyclist,60 to 64,Major,0,West,Bicycle,Going Ahead, , , , , ,Motorist turning right on red at signalized intersection strikes cyclist.,Driving Properly,Normal, ,Yes,Yes, , , , , , , , , , ,23,,,4,,722
-79.53622,43.753218,80632453,6000800445,2016,2016-05-10T04:00:00.000Z,648,6,FINCH AVE W,SIGNET DR,25 m East of,Major Arterial,Etobicoke York,43.753218,-79.53622,Intersection,At Intersection,Traffic Signal,Clear,Daylight,Dry,Non-Fatal Injury,Cyclist Collisions,Cyclist,30 to 34,Minimal,0,East,Bicycle,Going Ahead, , , , , ,Cyclist and Driver travelling in same direction. One vehicle sideswipes the other.,Lost control,Normal, ,Yes,Yes, , , , , , , , , , ,31,,,22,,723
-79.53622,43.753218,80632454,6000800445,2016,2016-05-10T04:00:00.000Z,648,6,FINCH AVE W,SIGNET DR,25 m East of,Major Arterial,Etobicoke York,43.753218,-79.53622,Intersection,At Intersection,Traffic Signal,Clear,Daylight,Dry,Non-Fatal Injury,Cyclist Collisions,Driver,30 to 34,Major,0,East,"Automobile, Station Wagon",Going Ahead,Driving Properly,Normal, , , , , , , ,Yes,Yes, , , , , , , , , , ,31,,,22,,724
-79.42639,43.653545,6634062,1236286,2011,2011-03-30T04:00:00.000Z,650,6,COLLEGE ST,DOVERCOURT RD, ,Major Arterial,Toronto and East York,43.653545,-79.42639,Intersection,At Intersection,Traffic Signal,Clear,Daylight,Dry,Non-Fatal Injury,Cyclist Collisions,Vehicle Owner,unknown, ,0, ,Other, , , , , , , , , , ,Yes, , ,Yes, , , , , , , , ,14,,,84,,725
-79.42639,43.653545,6634063,1236286,2011,2011-03-30T04:00:00.000Z,650,6,COLLEGE ST,DOVERCOURT RD, ,Major Arterial,Toronto and East York,43.653545,-79.42639,Intersection,At Intersection,Traffic Signal,Clear,Daylight,Dry,Non-Fatal Injury,Cyclist Collisions,Truck Driver,60 to 64,None,0,East,Truck - Open,Turning Right,Driving Properly,Normal, , , , , , , ,Yes, , ,Yes, , , , , , , , ,14,,,84,,726
-79.42639,43.653545,6634064,1236286,2011,2011-03-30T04:00:00.000Z,650,6,COLLEGE ST,DOVERCOURT RD, ,Major Arterial,Toronto and East York,43.653545,-79.42639,Intersection,At Intersection,Traffic Signal,Clear,Daylight,Dry,Non-Fatal Injury,Cyclist Collisions,Cyclist,45 to 49,Major,0,West,Bicycle,Going Ahead, , , , , ,"Cyclist without ROW rides into path of motorist at inter, lnwy, dwy-Cyclist not turn.",Other,Inattentive, ,Yes, , ,Yes, , , , , , , , ,14,,,84,,727
-79.287105,43.691493,7873296,1379733,2013,2013-07-24T04:00:00.000Z,657,6,DANFORTH Ave,THORA Ave, ,Major Arterial,Scarborough,43.691493,-79.287105,Intersection, ,No Control,Clear,Daylight,Dry,Non-Fatal Injury,Cyclist Collisions,Driver,60 to 64,None,0,South,"Automobile, Station Wagon",Turning Right,Failed to Yield Right of Way,Normal, , , , , , , ,Yes,Yes, , , , , , ,Yes, , , ,41,,,121,,728
-79.287105,43.691493,7873297,1379733,2013,2013-07-24T04:00:00.000Z,657,6,DANFORTH Ave,THORA Ave, ,Major Arterial,Scarborough,43.691493,-79.287105,Intersection, ,No Control,Clear,Daylight,Dry,Non-Fatal Injury,Cyclist Collisions,Cyclist,25 to 29,Major,0,West,Bicycle,Going Ahead, , , , , ,"Motorist turns right at non-signal Inter.(stop, yield, no cont.,and dwy) and strikes cyclist.",Other,Normal, ,Yes,Yes, , , , , , ,Yes, , , ,41,,,121,,729