X,Y,Index_,ACCNUM,YEAR,DATE,TIME,Hour,STREET1,STREET2,OFFSET,ROAD_CLASS,District,LATITUDE,LONGITUDE,LOCCOORD,ACCLOC,TRAFFCTL,VISIBILITY,LIGHT,RDSFCOND,ACCLASS,IMPACTYPE,INVTYPE,INVAGE,INJURY,FATAL_NO,INITDIR,VEHTYPE,MANOEUVER,DRIVACT,DRIVCOND,PEDTYPE,PEDACT,PEDCOND,CYCLISTYPE,CYCACT,CYCCOND,PEDESTRIAN,CYCLIST,AUTOMOBILE,MOTORCYCLE,TRUCK,TRSN_CITY_,EMERG_VEH,PASSENGER,SPEEDING,AG_DRIV,REDLIGHT,ALCOHOL,DISABILITY,Division,Ward_Name,Ward_ID,Hood_ID,Hood_Name,ObjectId
-79.432521,43.652568,80771307,7001007745,2017,2017-06-07T04:00:00.000Z,701,7,COLLEGE ST,DUFFERIN ST, ,Major Arterial,Toronto and East York,43.652568,-79.432521,Intersection,Intersection Related,Traffic Signal,Clear,Daylight,Dry,Non-Fatal Injury,Cyclist Collisions,Driver,50 to 54,None,0,East,Pick Up Truck,Turning Left,Failed to Yield Right of Way,Inattentive, , , , , , , ,Yes,Yes, , , , , , ,Yes, , , ,"11,14",,,84,,730
-79.432521,43.652568,80771308,7001007745,2017,2017-06-07T04:00:00.000Z,701,7,COLLEGE ST,DUFFERIN ST, ,Major Arterial,Toronto and East York,43.652568,-79.432521,Intersection,Intersection Related,Traffic Signal,Clear,Daylight,Dry,Non-Fatal Injury,Cyclist Collisions,Cyclist,65 to 69,Major,0,West,Bicycle,Going Ahead, , , , , ,Motorist turned left across cyclists path.,Driving Properly,Normal, ,Yes,Yes, , , , , , ,Yes, , , ,"11,14",,,84,,731
-79.258067,43.752963,7879485,1382346,2013,2013-10-21T04:00:00.000Z,702,7,RUSHLEY DR,LAWRENCE AVE E, ,Major Arterial,Scarborough,43.752963,-79.258067,Intersection, ,No Control,Rain,"Dawn, artificial",Wet,Non-Fatal Injury,Cyclist Collisions,Driver,unknown,None,0,East,"Automobile, Station Wagon",Turning Left,Failed to Yield Right of Way,Unknown, , , , , , , ,Yes,Yes, , , , , , ,Yes, , , ,41,,,127,,732
-79.258067,43.752963,7879486,1382346,2013,2013-10-21T04:00:00.000Z,702,7,RUSHLEY DR,LAWRENCE AVE E, ,Major Arterial,Scarborough,43.752963,-79.258067,Intersection, ,No Control,Rain,"Dawn, artificial",Wet,Non-Fatal Injury,Cyclist Collisions,Cyclist,30 to 34,Major,0,South,Bicycle,Going Ahead, , , , , ,Motorist turned left across cyclists path.,Driving Properly,Normal, ,Yes,Yes, , , , , , ,Yes, , , ,41,,,127,,733
-79.441814,43.668147,7855254,1371962,2013,2013-08-23T04:00:00.000Z,705,7,1245 DUPONT ST, , ,Major Arterial,Toronto and East York,43.668147,-79.441814,Mid-Block, ,No Control,Clear,Daylight,Dry,Non-Fatal Injury,Cyclist Collisions,Driver,40 to 44,None,0,East,"Automobile, Station Wagon",Going Ahead,Driving Properly,Normal, , , , , , , ,Yes,Yes, , , , , , , , , , ,11,,,93,,734
-79.441814,43.668147,7855255,1371962,2013,2013-08-23T04:00:00.000Z,705,7,1245 DUPONT ST, , ,Major Arterial,Toronto and East York,43.668147,-79.441814,Mid-Block, ,No Control,Clear,Daylight,Dry,Non-Fatal Injury,Cyclist Collisions,Cyclist,15 to 19,Major,0,North,Bicycle,Other, , , , , ,"Cyclist without ROW rides into path of motorist at inter, lnwy, dwy-Cyclist not turn.",Failed to Yield Right of Way,Normal, ,Yes,Yes, , , , , , , , , , ,11,,,93,,735
-79.44869,43.645445,7559635,1316502,2012,2012-08-14T04:00:00.000Z,707,7,RONCESVALLES AVE,WRIGHT AVE, ,Minor Arterial,Toronto and East York,43.645445,-79.44869,Intersection, ,No Control,Clear,Daylight,Wet,Non-Fatal Injury,Cyclist Collisions,Vehicle Owner,unknown, ,0, ,Other, , , , , , , , , , ,Yes,Yes, , , , , , , , , , ,11,,,86,,736
-79.44869,43.645445,7559636,1316502,2012,2012-08-14T04:00:00.000Z,707,7,RONCESVALLES AVE,WRIGHT AVE, ,Minor Arterial,Toronto and East York,43.645445,-79.44869,Intersection, ,No Control,Clear,Daylight,Wet,Non-Fatal Injury,Cyclist Collisions,Driver,40 to 44,None,0,South,"Automobile, Station Wagon",Stopped,Other,Normal, , , , , , , ,Yes,Yes, , , , , , , , , , ,11,,,86,,737
-79.44869,43.645445,7559637,1316502,2012,2012-08-14T04:00:00.000Z,707,7,RONCESVALLES AVE,WRIGHT AVE, ,Minor Arterial,Toronto and East York,43.645445,-79.44869,Intersection, ,No Control,Clear,Daylight,Wet,Non-Fatal Injury,Cyclist Collisions,Cyclist,10 to 14,Major,0,South,Bicycle,Going Ahead, , , , , ,Cyclist struck opened vehicle door,Driving Properly,Normal, ,Yes,Yes, , , , , , , , , , ,11,,,86,,738
-79.397853,43.652507,7876120,1380946,2013,2013-10-16T04:00:00.000Z,710,7,SPADINA Ave,DUNDAS St W, ,Major Arterial,Toronto and East York,43.652507,-79.397853,Mid-Block, ,No Control,Clear,Daylight,Wet,Fatal,Cyclist Collisions,Vehicle Owner,unknown, ,0, , , , , , , , , , , , ,Yes, , ,Yes, , , , , , , , ,"14,52",,,78,,739
-79.397853,43.652507,7876121,1380946,2013,2013-10-16T04:00:00.000Z,710,7,SPADINA Ave,DUNDAS St W, ,Major Arterial,Toronto and East York,43.652507,-79.397853,Mid-Block, ,No Control,Clear,Daylight,Wet,Fatal,Cyclist Collisions,Truck Driver,50 to 54,None,0,North,Truck - Dump,Going Ahead,Driving Properly,Normal, , , , , , , ,Yes, , ,Yes, , , , , , , , ,"14,52",,,78,,740
-79.397853,43.652507,7876122,1380946,2013,2013-10-16T04:00:00.000Z,710,7,SPADINA Ave,DUNDAS St W, ,Major Arterial,Toronto and East York,43.652507,-79.397853,Mid-Block, ,No Control,Clear,Daylight,Wet,Fatal,Cyclist Collisions,Cyclist,25 to 29,Fatal,49,North,Bicycle,Going Ahead, , , , , ,Cyclist and Driver travelling in same direction. One vehicle sideswipes the other.,Lost control,Normal, ,Yes, , ,Yes, , , , , , , , ,"14,52",,,78,,741
-79.397853,43.652507,7876123,1380946,2013,2013-10-16T04:00:00.000Z,710,7,SPADINA Ave,DUNDAS St W, ,Major Arterial,Toronto and East York,43.652507,-79.397853,Mid-Block, ,No Control,Clear,Daylight,Wet,Fatal,Cyclist Collisions,Other,unknown,None,0, , , , , , , , , , , , ,Yes, , ,Yes, , , , , , , , ,"14,52",,,78,,742
-79.385181,43.655352,80771309,7001007889,2017,2017-06-07T04:00:00.000Z,715,7,DUNDAS ST W,ELIZABETH ST, ,Major Arterial,Toronto and East York,43.655352,-79.385181,Intersection,At Intersection,No Control,Clear,Daylight,Dry,Non-Fatal Injury,Cyclist Collisions,Driver,55 to 59,None,0,West,"Automobile, Station Wagon",Turning Left,Failed to Yield Right of Way,Inattentive, , , , , , , ,Yes,Yes, , , , , , ,Yes, , , ,52,,,76,,743
-79.385181,43.655352,80771310,7001007889,2017,2017-06-07T04:00:00.000Z,715,7,DUNDAS ST W,ELIZABETH ST, ,Major Arterial,Toronto and East York,43.655352,-79.385181,Intersection,At Intersection,No Control,Clear,Daylight,Dry,Non-Fatal Injury,Cyclist Collisions,Cyclist,25 to 29,Major,0,East,Bicycle,Going Ahead, , , , , ,Motorist turned left across cyclists path.,Driving Properly,Normal, ,Yes,Yes, , , , , , ,Yes, , , ,52,,,76,,744
-79.39879,43.654945,6149223,1171570,2010,2010-04-05T04:00:00.000Z,730,7,BALDWIN ST,SPADINA AVE, ,Major Arterial,Toronto and East York,43.654945,-79.39879,Intersection,At Intersection,Stop Sign,Clear,Dawn,Dry,Non-Fatal Injury,Cyclist Collisions,Driver,55 to 59,None,0,West,"Automobile, Station Wagon",Going Ahead,Driving Properly,Normal, , , , , , , ,Yes,Yes, , , , , , , , , , ,"14,52",,,78,,745
-79.39879,43.654945,6149224,1171570,2010,2010-04-05T04:00:00.000Z,730,7,BALDWIN ST,SPADINA AVE, ,Major Arterial,Toronto and East York,43.654945,-79.39879,Intersection,At Intersection,Stop Sign,Clear,Dawn,Dry,Non-Fatal Injury,Cyclist Collisions,Cyclist,65 to 69,Major,0,South,Bicycle,Going Ahead, , , , , ,"Cyclist without ROW rides into path of motorist at inter, lnwy, dwy-Cyclist not turn.",Failed to Yield Right of Way,Normal, ,Yes,Yes, , , , , , , , , , ,"14,52",,,78,,746
-79.409946,43.757689,80773465,7001286763,2017,2017-07-18T04:00:00.000Z,737,7,YONGE ST,CAMERON AVE,40 m North of,Major Arterial,North York,43.757689,-79.409946,Mid-Block,Non Intersection,No Control,Clear,Daylight,Dry,Non-Fatal Injury,Cyclist Collisions,Truck Driver,55 to 59,None,0,South,Truck - Dump,Changing Lanes,Improper Lane Change,Inattentive, , , , , , , ,Yes, , ,Yes, , , , , , , , ,32,,,51,,747
-79.409946,43.757689,80773466,7001286763,2017,2017-07-18T04:00:00.000Z,737,7,YONGE ST,CAMERON AVE,40 m North of,Major Arterial,North York,43.757689,-79.409946,Mid-Block,Non Intersection,No Control,Clear,Daylight,Dry,Non-Fatal Injury,Cyclist Collisions,Cyclist,40 to 44,Major,0,South,Bicycle,Going Ahead, , , , , ,Cyclist and Driver travelling in same direction. One vehicle sideswipes the other.,Driving Properly,Normal, ,Yes, , ,Yes, , , , , , , , ,32,,,51,,748
-79.382335,43.671149,80701816,5001769257,2015,2015-10-14T04:00:00.000Z,738,7,BLOOR ST E,ST PAULS SQ, ,Major Arterial,Toronto and East York,43.671149,-79.382335,Intersection,Intersection Related,No Control,Clear,Daylight,Dry,Non-Fatal Injury,Cyclist Collisions,Cyclist,40 to 44,Major,0,West,Bicycle,Changing Lanes, , , , , ,Cyclist and Driver travelling in same direction. One vehicle sideswipes the other.,Lost control,Normal, ,Yes,Yes, , , , , , , , , , ,"51,53",,,75,,749
-79.382335,43.671149,80701817,5001769257,2015,2015-10-14T04:00:00.000Z,738,7,BLOOR ST E,ST PAULS SQ, ,Major Arterial,Toronto and East York,43.671149,-79.382335,Intersection,Intersection Related,No Control,Clear,Daylight,Dry,Non-Fatal Injury,Cyclist Collisions,Driver,45 to 49,None,0,West,"Automobile, Station Wagon",Slowing or Stopping,Driving Properly,Normal, , , , , , , ,Yes,Yes, , , , , , , , , , ,"51,53",,,75,,750
-79.331714,43.666724,80160036,4002062071,2014,2014-05-12T04:00:00.000Z,740,7,DUNDAS ST E,LESLIE ST, ,Minor Arterial,Toronto and East York,43.666724,-79.331714,Intersection,At Intersection,Traffic Signal,Clear,Daylight,Dry,Non-Fatal Injury,Cyclist Collisions,Driver,35 to 39,None,0,West,"Automobile, Station Wagon",Turning Right,Failed to Yield Right of Way,Normal, , , , , , , ,Yes,Yes, , , , ,Yes, ,Yes, , , ,55,,,70,,751
-79.331714,43.666724,80160037,4002062071,2014,2014-05-12T04:00:00.000Z,740,7,DUNDAS ST E,LESLIE ST, ,Minor Arterial,Toronto and East York,43.666724,-79.331714,Intersection,At Intersection,Traffic Signal,Clear,Daylight,Dry,Non-Fatal Injury,Cyclist Collisions,Passenger,30 to 34,None,0, , , , , , , , , , , , ,Yes,Yes, , , , ,Yes, ,Yes, , , ,55,,,70,,752
-79.331714,43.666724,80160038,4002062071,2014,2014-05-12T04:00:00.000Z,740,7,DUNDAS ST E,LESLIE ST, ,Minor Arterial,Toronto and East York,43.666724,-79.331714,Intersection,At Intersection,Traffic Signal,Clear,Daylight,Dry,Non-Fatal Injury,Cyclist Collisions,Passenger,5 to 9,None,0, , , , , , , , , , , , ,Yes,Yes, , , , ,Yes, ,Yes, , , ,55,,,70,,753
-79.331714,43.666724,80160039,4002062071,2014,2014-05-12T04:00:00.000Z,740,7,DUNDAS ST E,LESLIE ST, ,Minor Arterial,Toronto and East York,43.666724,-79.331714,Intersection,At Intersection,Traffic Signal,Clear,Daylight,Dry,Non-Fatal Injury,Cyclist Collisions,Passenger,0 to 4,None,0, , , , , , , , , , , , ,Yes,Yes, , , , ,Yes, ,Yes, , , ,55,,,70,,754
-79.331714,43.666724,80160040,4002062071,2014,2014-05-12T04:00:00.000Z,740,7,DUNDAS ST E,LESLIE ST, ,Minor Arterial,Toronto and East York,43.666724,-79.331714,Intersection,At Intersection,Traffic Signal,Clear,Daylight,Dry,Non-Fatal Injury,Cyclist Collisions,Cyclist,40 to 44,Major,0,West,Bicycle,Going Ahead, , , , , ,Motorist turning right on green or amber at signalized intersection strikes cyclist.,Driving Properly,Normal, ,Yes,Yes, , , , ,Yes, ,Yes, , , ,55,,,70,,755
-79.39219,43.638445,6280487,1202989,2010,2010-11-19T05:00:00.000Z,744,7,LOWER SPADINA AVE,LAKE SHORE BLVD W, ,Expressway,Toronto and East York,43.638445,-79.39219,Intersection,At Intersection,Traffic Signal,Clear,Daylight,Dry,Fatal,Cyclist Collisions,Vehicle Owner,unknown, ,0, ,Other, , , , , , , , , , ,Yes, , , ,Yes, , , , , , , ,"14,52",,,77,,756
-79.39219,43.638445,6280488,1202989,2010,2010-11-19T05:00:00.000Z,744,7,LOWER SPADINA AVE,LAKE SHORE BLVD W, ,Expressway,Toronto and East York,43.638445,-79.39219,Intersection,At Intersection,Traffic Signal,Clear,Daylight,Dry,Fatal,Cyclist Collisions,Driver,30 to 34,None,0,South,Municipal Transit Bus (TTC),Going Ahead,Driving Properly,Normal, , , , , , , ,Yes, , , ,Yes, , , , , , , ,"14,52",,,77,,757
-79.39219,43.638445,6280489,1202989,2010,2010-11-19T05:00:00.000Z,744,7,LOWER SPADINA AVE,LAKE SHORE BLVD W, ,Expressway,Toronto and East York,43.638445,-79.39219,Intersection,At Intersection,Traffic Signal,Clear,Daylight,Dry,Fatal,Cyclist Collisions,Cyclist,60 to 64,Fatal,36,East,Bicycle,Pulling Away from Shoulder or Curb, , , , , ,"Cyclist without ROW rides into path of motorist at inter, lnwy, dwy-Cyclist not turn.",Disobeyed Traffic Control,Normal, ,Yes, , , ,Yes, , , , , , , ,"14,52",,,77,,758
-79.40589,43.740345,5284374,1124210,2009,2009-08-17T04:00:00.000Z,745,7,YONGE ST,MILL ST, ,Major Arterial,North York,43.740345,-79.40589,Intersection,At Intersection,Traffic Signal,Clear,Daylight,Dry,Non-Fatal Injury,SMV Other,Moped Driver,55 to 59,Major,0,North,Moped,Going Ahead,Lost control,Normal, , , , , , , ,Yes, , , , , , , , , , , ,32,,,41,,759
-79.43299,43.680145,5405580,1058466,2008,2008-08-26T04:00:00.000Z,745,7,ST CLAIR AVE W,WINONA DR, ,Major Arterial,Toronto and East York,43.680145,-79.43299,Mid-Block, ,No Control,Clear,Daylight,Dry,Non-Fatal Injury,Cyclist Collisions,Driver,30 to 34,None,0,West,"Automobile, Station Wagon",Parked,Other,Normal, , , , , , , ,Yes,Yes, , , , , , , , , , ,13,,,94,,760
-79.43299,43.680145,5405581,1058466,2008,2008-08-26T04:00:00.000Z,745,7,ST CLAIR AVE W,WINONA DR, ,Major Arterial,Toronto and East York,43.680145,-79.43299,Mid-Block, ,No Control,Clear,Daylight,Dry,Non-Fatal Injury,Cyclist Collisions,Cyclist,45 to 49,Major,0,West,Bicycle,Going Ahead, , , , , ,Cyclist struck opened vehicle door,Driving Properly,Normal, ,Yes,Yes, , , , , , , , , , ,13,,,94,,761
-79.342525,43.733699,7892886,1387683,2013,2013-10-03T04:00:00.000Z,748,7,1090 DON MILLS Rd, , ,Major Arterial,North York,43.733699,-79.342525,Mid-Block, ,No Control,Clear,Daylight,Dry,Non-Fatal Injury,Cyclist Collisions,Driver,20 to 24,None,0,North,"Automobile, Station Wagon",Turning Left,Failed to Yield Right of Way,Inattentive, , , , , , , ,Yes,Yes, , , , , , ,Yes, , , ,33,,,42,,762
-79.342525,43.733699,7892887,1387683,2013,2013-10-03T04:00:00.000Z,748,7,1090 DON MILLS Rd, , ,Major Arterial,North York,43.733699,-79.342525,Mid-Block, ,No Control,Clear,Daylight,Dry,Non-Fatal Injury,Cyclist Collisions,Cyclist,45 to 49,Major,0,South,Bicycle,Going Ahead, , , , , ,Motorist turned left across cyclists path.,Driving Properly,Normal, ,Yes,Yes, , , , , , ,Yes, , , ,33,,,42,,763
-79.36799,43.652245,7850472,1369849,2013,2013-06-13T04:00:00.000Z,751,7,ADELAIDE ST E,SHERBOURNE ST, ,Major Arterial,Toronto and East York,43.652245,-79.36799,Mid-Block, ,No Control,Rain,Daylight,Wet,Non-Fatal Injury,Cyclist Collisions,Vehicle Owner,unknown, ,0, ,Other, , , , , , , , , , ,Yes, , ,Yes, , , , , , , , ,51,,,73,,764
-79.36799,43.652245,7850473,1369849,2013,2013-06-13T04:00:00.000Z,751,7,ADELAIDE ST E,SHERBOURNE ST, ,Major Arterial,Toronto and East York,43.652245,-79.36799,Mid-Block, ,No Control,Rain,Daylight,Wet,Non-Fatal Injury,Cyclist Collisions,Truck Driver,35 to 39,None,0,East,Truck - Open,Going Ahead,Driving Properly,Normal, , , , , , , ,Yes, , ,Yes, , , , , , , , ,51,,,73,,765
-79.36799,43.652245,7850474,1369849,2013,2013-06-13T04:00:00.000Z,751,7,ADELAIDE ST E,SHERBOURNE ST, ,Major Arterial,Toronto and East York,43.652245,-79.36799,Mid-Block, ,No Control,Rain,Daylight,Wet,Non-Fatal Injury,Cyclist Collisions,Cyclist,25 to 29,Major,0,East,Bicycle,Going Ahead, , , , , ,Cyclist and Driver travelling in same direction. One vehicle sideswipes the other.,Lost control,Normal, ,Yes, , ,Yes, , , , , , , , ,51,,,73,,766
-79.38219,43.648146,7892935,1387708,2013,2013-10-02T04:00:00.000Z,752,7,77 KING St W, , ,Major Arterial,Toronto and East York,43.648146,-79.38219,Mid-Block, ,No Control,Clear,Daylight,Dry,Non-Fatal Injury,Cyclist Collisions,Driver,35 to 39,None,0,East,"Automobile, Station Wagon",Going Ahead,Exceeding Speed Limit,Normal, , , , , , , ,Yes,Yes, , , , , ,Yes,Yes, , , ,52,,,76,,767
-79.38219,43.648146,7892936,1387708,2013,2013-10-02T04:00:00.000Z,752,7,77 KING St W, , ,Major Arterial,Toronto and East York,43.648146,-79.38219,Mid-Block, ,No Control,Clear,Daylight,Dry,Non-Fatal Injury,Cyclist Collisions,Driver,55 to 59,None,0,East,"Automobile, Station Wagon",Stopped,Other,Inattentive, , , , , , , ,Yes,Yes, , , , , ,Yes,Yes, , , ,52,,,76,,768
-79.38219,43.648146,7892937,1387708,2013,2013-10-02T04:00:00.000Z,752,7,77 KING St W, , ,Major Arterial,Toronto and East York,43.648146,-79.38219,Mid-Block, ,No Control,Clear,Daylight,Dry,Non-Fatal Injury,Cyclist Collisions,Cyclist,30 to 34,Major,0,East,Bicycle,Overtaking, , , , , ,Cyclist struck opened vehicle door,Driving Properly,Normal, ,Yes,Yes, , , , , ,Yes,Yes, , , ,52,,,76,,769
-79.352802,43.701914,80777266,7000867225,2017,2017-05-17T04:00:00.000Z,752,7,MILLWOOD RD,OVERLEA BLVD,20 m South of,Major Arterial,North York,43.701914,-79.352802,Intersection,Intersection Related,Traffic Signal,Clear,Daylight,Dry,Non-Fatal Injury,Cyclist Collisions,Cyclist,10 to 14,Major,0,North,Bicycle,Merging, , , , , ,Cyclist and Driver travelling in same direction. One vehicle sideswipes the other.,Improper Lane Change,Normal, ,Yes,Yes, , , , , , , , , , ,53,,,55,,770
-79.352802,43.701914,80777267,7000867225,2017,2017-05-17T04:00:00.000Z,752,7,MILLWOOD RD,OVERLEA BLVD,20 m South of,Major Arterial,North York,43.701914,-79.352802,Intersection,Intersection Related,Traffic Signal,Clear,Daylight,Dry,Non-Fatal Injury,Cyclist Collisions,Driver,60 to 64,None,0,North,"Automobile, Station Wagon",Going Ahead,Driving Properly,Normal, , , , , , , ,Yes,Yes, , , , , , , , , , ,53,,,55,,771
-79.527782,43.7741,80161544,4002160939,2014,2014-05-27T04:00:00.000Z,755,7,STEELES AVE W,PETER KAISER GT, ,Major Arterial,Etobicoke York,43.7741,-79.527782,Mid-Block,Non Intersection,No Control,Clear,Daylight,Dry,Non-Fatal Injury,Cyclist Collisions,Driver,50 to 54,None,0,East,"Automobile, Station Wagon",Changing Lanes,Improper Lane Change,Normal, , , , , , , ,Yes,Yes, , , , , , , , , , ,31,,,24,,772
-79.527782,43.7741,80161545,4002160939,2014,2014-05-27T04:00:00.000Z,755,7,STEELES AVE W,PETER KAISER GT, ,Major Arterial,Etobicoke York,43.7741,-79.527782,Mid-Block,Non Intersection,No Control,Clear,Daylight,Dry,Non-Fatal Injury,Cyclist Collisions,Cyclist,45 to 49,Major,0,East,Bicycle,Going Ahead, , , , , ,Cyclist and Driver travelling in same direction. One vehicle sideswipes the other.,Driving Properly,Normal, ,Yes,Yes, , , , , , , , , , ,31,,,24,,773
-79.321346,43.812712,80937445,7003199347,2017,2017-12-15T05:00:00.000Z,757,7,BAMBURGH CRCL,FUNDY BAY  BLVD,50 m East of,Collector,Scarborough,43.812712,-79.321346,Mid-Block,Non Intersection,No Control,Clear,Daylight,Wet,Non-Fatal Injury,Cyclist Collisions,Driver,85 to 89,None,0,North,"Automobile, Station Wagon",Going Ahead,Other,Normal, , , , , , , ,Yes,Yes, , , , , , , , , , ,42,,,116,,774
-79.321346,43.812712,80937446,7003199347,2017,2017-12-15T05:00:00.000Z,757,7,BAMBURGH CRCL,FUNDY BAY  BLVD,50 m East of,Collector,Scarborough,43.812712,-79.321346,Mid-Block,Non Intersection,No Control,Clear,Daylight,Wet,Non-Fatal Injury,Cyclist Collisions,Cyclist,65 to 69,Major,0,North,Bicycle,Going Ahead, , , , , ,Cyclist and Driver travelling in same direction. One vehicle sideswipes the other.,Driving Properly,Unknown, ,Yes,Yes, , , , , , , , , , ,42,,,116,,775
-79.34119,43.671345,5392707,1052983,2008,2008-07-18T04:00:00.000Z,800,8,RIVERDALE Ave,PAPE Ave, ,Local,Toronto and East York,43.671345,-79.34119,Mid-Block, ,No Control,Clear,Daylight,Dry,Non-Fatal Injury,Cyclist Collisions,Driver,30 to 34,None,0,North,"Automobile, Station Wagon",Turning Left,Failed to Yield Right of Way,Normal, , , , , , , ,Yes,Yes, , , , , , ,Yes, , , ,55,,,69,,776
-79.34119,43.671345,5392708,1052983,2008,2008-07-18T04:00:00.000Z,800,8,RIVERDALE Ave,PAPE Ave, ,Local,Toronto and East York,43.671345,-79.34119,Mid-Block, ,No Control,Clear,Daylight,Dry,Non-Fatal Injury,Cyclist Collisions,Cyclist,55 to 59,Major,0,East,Bicycle,Going Ahead, , , , , ,Motorist turned left across cyclists path.,Driving Properly,Normal, ,Yes,Yes, , , , , , ,Yes, , , ,55,,,69,,777
-79.334277,43.666098,80877084,8000880741,2018,2018-05-16T04:00:00.000Z,800,8,JONES AVE,DUNDAS ST E, ,Minor Arterial,Toronto and East York,43.666098,-79.334277,Intersection,At Intersection,Traffic Signal,Clear,Daylight,Dry,Fatal,Cyclist Collisions,Truck Driver,25 to 29,None,0,West,"Truck - Closed (Blazer, etc)",Turning Right,Failed to Yield Right of Way,Normal, , , , , , , ,Yes, , ,Yes, , , , ,Yes, , , ,55,,,70,,778
-79.334277,43.666098,80943473,8000880741,2018,2018-05-16T04:00:00.000Z,800,8,JONES AVE,DUNDAS ST E, ,Minor Arterial,Toronto and East York,43.666098,-79.334277,Intersection,At Intersection,Traffic Signal,Clear,Daylight,Dry,Fatal,Cyclist Collisions,Cyclist,50 to 54,Fatal,25,West,Bicycle,Going Ahead, , , , , ,Motorist turning right on green or amber at signalized intersection strikes cyclist.,Driving Properly,Normal, ,Yes, , ,Yes, , , , ,Yes, , , ,55,,,70,,779
-79.49539,43.649645,5356630,1036978,2008,2008-04-21T04:00:00.000Z,805,8,BLOOR ST W,OLD MILL TER, ,Major Arterial,Etobicoke York,43.649645,-79.49539,Intersection, ,Traffic Signal,Clear,Daylight,Dry,Non-Fatal Injury,Cyclist Collisions,Driver,35 to 39,None,0,South,"Automobile, Station Wagon",Turning Right,Driving Properly,Normal, , , , , , , ,Yes,Yes, , , , , , , , , , ,22,,,15,,780
-79.49539,43.649645,5356631,1036978,2008,2008-04-21T04:00:00.000Z,805,8,BLOOR ST W,OLD MILL TER, ,Major Arterial,Etobicoke York,43.649645,-79.49539,Intersection, ,Traffic Signal,Clear,Daylight,Dry,Non-Fatal Injury,Cyclist Collisions,Cyclist,20 to 24,Major,0,East,Bicycle,Going Ahead, , , , , ,Motorist turning right on green or amber at signalized intersection strikes cyclist.,Other,Normal, ,Yes,Yes, , , , , , , , , , ,22,,,15,,781
-79.49899,43.697345,5404090,1057892,2008,2008-09-10T04:00:00.000Z,806,8,TRETHEWEY DR,TEDDER ST, ,Minor Arterial,Etobicoke York,43.697345,-79.49899,Intersection,At Intersection,No Control,Clear,Daylight,Dry,Fatal,Cyclist Collisions,Driver,50 to 54,None,0,East,"Automobile, Station Wagon",Turning Left,Failed to Yield Right of Way,Inattentive, , , , , , , ,Yes,Yes, , , , , ,Yes,Yes, , , ,12,,,30,,782
-79.49899,43.697345,5404091,1057892,2008,2008-09-10T04:00:00.000Z,806,8,TRETHEWEY DR,TEDDER ST, ,Minor Arterial,Etobicoke York,43.697345,-79.49899,Intersection,At Intersection,No Control,Clear,Daylight,Dry,Fatal,Cyclist Collisions,Cyclist,50 to 54,Fatal,39,West,Bicycle, , , , , , ,Motorist turned left across cyclists path.,Driving Properly,Normal, ,Yes,Yes, , , , , ,Yes,Yes, , , ,12,,,30,,783
-79.36149,43.648645,5364538,1040428,2008,2008-05-28T04:00:00.000Z,810,8,PARLIAMENT St,LAKE SHORE Blvd E, ,Minor Arterial,Toronto and East York,43.648645,-79.36149,Mid-Block,At Intersection,No Control,Clear,Daylight,Dry,Non-Fatal Injury,Cyclist Collisions,Driver,40 to 44,None,0,North,"Automobile, Station Wagon",Going Ahead,Driving Properly,Normal, , , , , , , ,Yes,Yes, , , , , , , , , , ,51,,,77,,784
-79.36149,43.648645,5364539,1040428,2008,2008-05-28T04:00:00.000Z,810,8,PARLIAMENT St,LAKE SHORE Blvd E, ,Minor Arterial,Toronto and East York,43.648645,-79.36149,Mid-Block,At Intersection,No Control,Clear,Daylight,Dry,Non-Fatal Injury,Cyclist Collisions,Cyclist,20 to 24,Major,0,North,Bicycle,Changing Lanes, , , , , ,Cyclist and Driver travelling in same direction. One vehicle sideswipes the other.,Improper Lane Change,Inattentive, ,Yes,Yes, , , , , , , , , , ,51,,,77,,785
-79.43996,43.650939,6712849,1270018,2011,2011-10-18T04:00:00.000Z,810,8,LANSDOWNE AVE,COLLEGE ST, ,Minor Arterial,Toronto and East York,43.650939,-79.43996,Intersection,At Intersection,Traffic Signal,Clear,Daylight,Dry,Non-Fatal Injury,Cyclist Collisions,Driver,35 to 39,None,0,North,"Automobile, Station Wagon",Slowing or Stopping,Other,Normal, , , , , , , ,Yes,Yes, , , , , , , , , , ,11,,,83,,786