X,Y,Index_,ACCNUM,YEAR,DATE,TIME,Hour,STREET1,STREET2,OFFSET,ROAD_CLASS,District,LATITUDE,LONGITUDE,LOCCOORD,ACCLOC,TRAFFCTL,VISIBILITY,LIGHT,RDSFCOND,ACCLASS,IMPACTYPE,INVTYPE,INVAGE,INJURY,FATAL_NO,INITDIR,VEHTYPE,MANOEUVER,DRIVACT,DRIVCOND,PEDTYPE,PEDACT,PEDCOND,CYCLISTYPE,CYCACT,CYCCOND,PEDESTRIAN,CYCLIST,AUTOMOBILE,MOTORCYCLE,TRUCK,TRSN_CITY_,EMERG_VEH,PASSENGER,SPEEDING,AG_DRIV,REDLIGHT,ALCOHOL,DISABILITY,Division,Ward_Name,Ward_ID,Hood_ID,Hood_Name,ObjectId
-79.43996,43.650939,6712850,1270018,2011,2011-10-18T04:00:00.000Z,810,8,LANSDOWNE AVE,COLLEGE ST, ,Minor Arterial,Toronto and East York,43.650939,-79.43996,Intersection,At Intersection,Traffic Signal,Clear,Daylight,Dry,Non-Fatal Injury,Cyclist Collisions,Cyclist,40 to 44,Major,0,North,Bicycle,Going Ahead, , , , , ,Cyclist and Driver travelling in same direction. One vehicle rear-ended the other.,Other,Normal, ,Yes,Yes, , , , , , , , , , ,11,,,83,,787
-79.40768,43.656409,7888332,1386051,2013,2013-10-22T04:00:00.000Z,811,8,BATHURST ST,COLLEGE ST, ,Major Arterial,Toronto and East York,43.656409,-79.40768,Intersection,At Intersection,Traffic Signal,Clear,Daylight,Dry,Non-Fatal Injury,Cyclist Collisions,Driver,50 to 54,Major,0,South,"Automobile, Station Wagon",Turning Left,Driving Properly,Normal, , , , , , , ,Yes,Yes, , , , , , , , , , ,14,,,78,,788
-79.40768,43.656409,7888333,1386051,2013,2013-10-22T04:00:00.000Z,811,8,BATHURST ST,COLLEGE ST, ,Major Arterial,Toronto and East York,43.656409,-79.40768,Intersection,At Intersection,Traffic Signal,Clear,Daylight,Dry,Non-Fatal Injury,Cyclist Collisions,Cyclist,45 to 49,Minor,0,South,Bicycle,Going Ahead, , , , , ,"Cyclist without ROW rides into path of motorist at inter, lnwy, dwy-Cyclist not turn.",Other,Normal, ,Yes,Yes, , , , , , , , , , ,14,,,78,,789
-79.40389,43.666645,6151703,1172629,2010,2010-05-13T04:00:00.000Z,812,8,BLOOR ST W,SPADINA AVE, ,Major Arterial,Toronto and East York,43.666645,-79.40389,Intersection,At Intersection,Traffic Signal,Clear,Daylight,Dry,Non-Fatal Injury,Cyclist Collisions,Driver,50 to 54,None,0,West,"Automobile, Station Wagon",Turning Left,Failed to Yield Right of Way,Inattentive, , , , , , , ,Yes,Yes, , , , , , ,Yes, , , ,"14,53,52",,,79,,790
-79.40389,43.666645,6151704,1172629,2010,2010-05-13T04:00:00.000Z,812,8,BLOOR ST W,SPADINA AVE, ,Major Arterial,Toronto and East York,43.666645,-79.40389,Intersection,At Intersection,Traffic Signal,Clear,Daylight,Dry,Non-Fatal Injury,Cyclist Collisions,Cyclist,25 to 29,Major,0,East,Bicycle,Going Ahead, , , , , ,Motorist turned left across cyclists path.,Driving Properly,Normal, ,Yes,Yes, , , , , , ,Yes, , , ,"14,53,52",,,79,,791
-79.417232,43.640975,80252344,5001723055,2015,2015-10-06T04:00:00.000Z,813,8,KING ST W,SUDBURY ST,15 m West of,Major Arterial,Toronto and East York,43.640975,-79.417232,Intersection,Non Intersection,Traffic Signal,Clear,Daylight,Dry,Non-Fatal Injury,Cyclist Collisions,Cyclist,20 to 24,Major,0,East,Bicycle,Changing Lanes, , , , , ,Cyclist and Driver travelling in same direction. One vehicle sideswipes the other.,Improper Lane Change,Inattentive, ,Yes,Yes, , , , , , , , , , ,14,,,82,,792
-79.417232,43.640975,80252345,5001723055,2015,2015-10-06T04:00:00.000Z,813,8,KING ST W,SUDBURY ST,15 m West of,Major Arterial,Toronto and East York,43.640975,-79.417232,Intersection,Non Intersection,Traffic Signal,Clear,Daylight,Dry,Non-Fatal Injury,Cyclist Collisions,Driver,55 to 59,None,0,East,"Automobile, Station Wagon",Going Ahead,Driving Properly,Normal, , , , , , , ,Yes,Yes, , , , , , , , , , ,14,,,82,,793
-79.38859,43.704245,5864472,1154355,2009,2009-06-02T04:00:00.000Z,820,8,MANOR RD E,MOUNT PLEASANT RD, ,Major Arterial,Toronto and East York,43.704245,-79.38859,Intersection, ,Traffic Signal,Clear,Daylight,Dry,Non-Fatal Injury,Cyclist Collisions,Driver,45 to 49,None,0,West,"Automobile, Station Wagon",Stopped,Driving Properly,Inattentive, , , , , , , ,Yes,Yes, , , , , , , , , , ,53,,,104,,794
-79.38859,43.704245,5864473,1154355,2009,2009-06-02T04:00:00.000Z,820,8,MANOR RD E,MOUNT PLEASANT RD, ,Major Arterial,Toronto and East York,43.704245,-79.38859,Intersection, ,Traffic Signal,Clear,Daylight,Dry,Non-Fatal Injury,Cyclist Collisions,Cyclist,20 to 24,Major,0,West,Bicycle,Going Ahead, , , , , ,Cyclist struck opened vehicle door,Driving Properly,Normal, ,Yes,Yes, , , , , , , , , , ,53,,,104,,795
-79.5079,43.642501,7874117,1380106,2013,2013-07-25T04:00:00.000Z,820,8,GLENROY Ave,HUMBERVALE Blvd, ,Local,Etobicoke York,43.642501,-79.5079,Intersection,At Intersection,Stop Sign,Clear,Daylight,Dry,Non-Fatal Injury,Cyclist Collisions,Driver,50 to 54,None,0,West,"Automobile, Station Wagon",Going Ahead,Driving Properly,Normal, , , , , , , ,Yes,Yes, , , , , , , , , , ,22,,,16,,796
-79.5079,43.642501,7874118,1380106,2013,2013-07-25T04:00:00.000Z,820,8,GLENROY Ave,HUMBERVALE Blvd, ,Local,Etobicoke York,43.642501,-79.5079,Intersection,At Intersection,Stop Sign,Clear,Daylight,Dry,Non-Fatal Injury,Cyclist Collisions,Cyclist,15 to 19,Major,0,South,Bicycle,Going Ahead, , , , , ,"Cyclist without ROW rides into path of motorist at inter, lnwy, dwy-Cyclist not turn.",Failed to Yield Right of Way,Inattentive, ,Yes,Yes, , , , , , , , , , ,22,,,16,,797
-79.382312,43.679423,80000143,5000832268,2015,2015-05-19T04:00:00.000Z,823,8,ROXBOROUGH ST E,WRENTHAM PL, ,Collector,Toronto and East York,43.679423,-79.382312,Intersection, ,Stop Sign,Clear,"Daylight, artificial",Dry,Fatal,Cyclist Collisions,Cyclist,75 to 79,Fatal,26,North,Bicycle,Turning Left, , , , , ,Cyclist turned left across motorists path.,Improper Turn,Unknown, ,Yes,Yes, , , , , , , , , , ,53,,,98,,798
-79.382312,43.679423,80000144,5000832268,2015,2015-05-19T04:00:00.000Z,823,8,ROXBOROUGH ST E,WRENTHAM PL, ,Collector,Toronto and East York,43.679423,-79.382312,Intersection, ,Stop Sign,Clear,"Daylight, artificial",Dry,Fatal,Cyclist Collisions,Driver,40 to 44,Minimal,0,East,"Automobile, Station Wagon",Going Ahead,Driving Properly,Normal, , , , , , , ,Yes,Yes, , , , , , , , , , ,53,,,98,,799
-79.38379,43.663045,7456219,1311577,2012,2012-07-23T04:00:00.000Z,824,8,YONGE ST,GROSVENOR ST, ,Major Arterial,Toronto and East York,43.663045,-79.38379,Intersection,At Intersection,Traffic Signal,Clear,Daylight,Dry,Non-Fatal Injury,Cyclist Collisions,Driver,50 to 54,Minimal,0,East,"Automobile, Station Wagon",Turning Left,Driving Properly,Normal, , , , , , , ,Yes,Yes, , , , , , , , , , ,"51,52",,,75,,800
-79.38379,43.663045,7456220,1311577,2012,2012-07-23T04:00:00.000Z,824,8,YONGE ST,GROSVENOR ST, ,Major Arterial,Toronto and East York,43.663045,-79.38379,Intersection,At Intersection,Traffic Signal,Clear,Daylight,Dry,Non-Fatal Injury,Cyclist Collisions,Cyclist,25 to 29,Major,0,North,Bicycle,Going Ahead, , , , , ,Motorist turned left across cyclists path.,Disobeyed Traffic Control,Inattentive, ,Yes,Yes, , , , , , , , , , ,"51,52",,,75,,801
-79.407108,43.674845,80244877,5001212779,2015,2015-07-17T04:00:00.000Z,827,8,SPADINA RD,DUPONT ST, ,Major Arterial,Toronto and East York,43.674845,-79.407108,Intersection,Intersection Related,Traffic Signal,Clear,Daylight,Wet,Non-Fatal Injury,Cyclist Collisions,Truck Driver,60 to 64,None,0,North,Truck - Tank,Turning Right,Improper Turn,Inattentive, , , , , , , ,Yes, , ,Yes, , , , , , , , ,"14,53",,,95,,802
-79.407108,43.674845,80244878,5001212779,2015,2015-07-17T04:00:00.000Z,827,8,SPADINA RD,DUPONT ST, ,Major Arterial,Toronto and East York,43.674845,-79.407108,Intersection,Intersection Related,Traffic Signal,Clear,Daylight,Wet,Non-Fatal Injury,Cyclist Collisions,Cyclist,25 to 29,Major,0,North,Bicycle,Stopped, , , , , ,Motorist turning right on green or amber at signalized intersection strikes cyclist.,Driving Properly,Normal, ,Yes, , ,Yes, , , , , , , , ,"14,53",,,95,,803
-79.37704,43.771262,80241811,5001016196,2015,2015-06-17T04:00:00.000Z,830,8,ARROWSTOOK RD,BURBANK DR, ,Local,North York,43.771262,-79.37704,Intersection,At Intersection,Stop Sign,Clear,Daylight,Dry,Non-Fatal Injury,Cyclist Collisions,Driver,35 to 39,None,0,West,"Automobile, Station Wagon",Turning Right,Other,Unknown, , , , , , , ,Yes,Yes, , , , ,Yes, , , , , ,33,,,52,,804
-79.37704,43.771262,80241812,5001016196,2015,2015-06-17T04:00:00.000Z,830,8,ARROWSTOOK RD,BURBANK DR, ,Local,North York,43.771262,-79.37704,Intersection,At Intersection,Stop Sign,Clear,Daylight,Dry,Non-Fatal Injury,Cyclist Collisions,Cyclist,60 to 64,Major,0,South,Bicycle,Going Ahead, , , , , ,"Cyclist without ROW rides into path of motorist at inter, lnwy, dwy-Cyclist not turn.",Failed to Yield Right of Way,Inattentive, ,Yes,Yes, , , , ,Yes, , , , , ,33,,,52,,805
-79.37704,43.771262,80241813,5001016196,2015,2015-06-17T04:00:00.000Z,830,8,ARROWSTOOK RD,BURBANK DR, ,Local,North York,43.771262,-79.37704,Intersection,At Intersection,Stop Sign,Clear,Daylight,Dry,Non-Fatal Injury,Cyclist Collisions,Passenger,0 to 4,None,0, , , , , , , , , , , , ,Yes,Yes, , , , ,Yes, , , , , ,33,,,52,,806
-79.37704,43.771262,80241814,5001016196,2015,2015-06-17T04:00:00.000Z,830,8,ARROWSTOOK RD,BURBANK DR, ,Local,North York,43.771262,-79.37704,Intersection,At Intersection,Stop Sign,Clear,Daylight,Dry,Non-Fatal Injury,Cyclist Collisions,Passenger,5 to 9,None,0, , , , , , , , , , , , ,Yes,Yes, , , , ,Yes, , , , , ,33,,,52,,807
-79.450061,43.648932,80257195,5002035175,2015,2015-11-27T05:00:00.000Z,830,8,RONCESVALLES AVE,GRENADIER RD,5 m North of,Minor Arterial,Toronto and East York,43.648932,-79.450061,Intersection,Non Intersection,No Control,Clear,Daylight,Dry,Non-Fatal Injury,Cyclist Collisions,Driver,35 to 39,None,0,North,"Automobile, Station Wagon",Pulling Onto Shoulder or towardCurb,Failed to Yield Right of Way,Normal, , , , , , , ,Yes,Yes, , , , , , ,Yes, , , ,11,,,86,,808
-79.450061,43.648932,80257196,5002035175,2015,2015-11-27T05:00:00.000Z,830,8,RONCESVALLES AVE,GRENADIER RD,5 m North of,Minor Arterial,Toronto and East York,43.648932,-79.450061,Intersection,Non Intersection,No Control,Clear,Daylight,Dry,Non-Fatal Injury,Cyclist Collisions,Cyclist,15 to 19,Major,0,North,Bicycle,Going Ahead, , , , , ,Cyclist and Driver travelling in same direction. One vehicle sideswipes the other.,Driving Properly,Normal, ,Yes,Yes, , , , , , ,Yes, , , ,11,,,86,,809
-79.264446,43.724085,80784027,7001798069,2017,2017-10-04T04:00:00.000Z,830,8,KENNEDY RD,FOXRIDGE DR, ,Major Arterial,Scarborough,43.724085,-79.264446,Intersection,At Intersection,No Control,Clear,Daylight,Dry,Non-Fatal Injury,Cyclist Collisions,Driver,80 to 84,None,0,North,"Automobile, Station Wagon",Turning Left,Failed to Yield Right of Way,Inattentive, , , , , , , ,Yes,Yes, , , , , , ,Yes, , , ,41,,,124,,810
-79.55492,43.628993,80248481,5001450991,2015,2015-08-23T04:00:00.000Z,1147,11,DUNDAS ST W,CLOVERDALE MALL,100 m East of,Expressway,Etobicoke York,43.628993,-79.55492,Intersection,At Intersection,Traffic Signal,Clear,Daylight,Dry,Non-Fatal Injury,Cyclist Collisions,Cyclist,55 to 59,Major,0,East,Bicycle,Stopped, , , , , ,Motorist loses control and strikes cyclist.,Driving Properly,Normal, ,Yes,Yes, , , , ,Yes, , , , , ,22,,,14,,811
-79.55492,43.628993,80248482,5001450991,2015,2015-08-23T04:00:00.000Z,1147,11,DUNDAS ST W,CLOVERDALE MALL,100 m East of,Expressway,Etobicoke York,43.628993,-79.55492,Intersection,At Intersection,Traffic Signal,Clear,Daylight,Dry,Non-Fatal Injury,Cyclist Collisions,Passenger,40 to 44,Major,0, , , , , , , , , , , , ,Yes,Yes, , , , ,Yes, , , , , ,22,,,14,,812
-79.403827,43.666583,80784301,7001799357,2017,2017-10-04T04:00:00.000Z,1147,11,BLOOR ST W,SPADINA RD, ,Major Arterial,Toronto and East York,43.666583,-79.403827,Intersection,At Intersection,Traffic Signal,Clear,Daylight,Dry,Non-Fatal Injury,Cyclist Collisions,Cyclist,25 to 29,None,0,West,Bicycle,Overtaking, , , , , ,Cyclist and Driver travelling in same direction. One vehicle sideswipes the other.,Improper Passing,Other, ,Yes,Yes, , , , , , , , , , ,"14,53,52",,,79,,813
-79.403827,43.666583,80784302,7001799357,2017,2017-10-04T04:00:00.000Z,1147,11,BLOOR ST W,SPADINA RD, ,Major Arterial,Toronto and East York,43.666583,-79.403827,Intersection,At Intersection,Traffic Signal,Clear,Daylight,Dry,Non-Fatal Injury,Cyclist Collisions,Driver,35 to 39,None,0,West,"Automobile, Station Wagon",Going Ahead,Driving Properly,Normal, , , , , , , ,Yes,Yes, , , , , , , , , , ,"14,53,52",,,79,,814
-79.403827,43.666583,80784303,7001799357,2017,2017-10-04T04:00:00.000Z,1147,11,BLOOR ST W,SPADINA RD, ,Major Arterial,Toronto and East York,43.666583,-79.403827,Intersection,At Intersection,Traffic Signal,Clear,Daylight,Dry,Non-Fatal Injury,Cyclist Collisions,Cyclist,50 to 54,Major,0,West,Bicycle,Going Ahead, , , , , ,Cyclist and Driver travelling in same direction. One vehicle sideswipes the other.,Driving Properly,Normal, ,Yes,Yes, , , , , , , , , , ,"14,53,52",,,79,,815
-79.38299,43.655845,6608167,1225017,2011,2011-01-21T05:00:00.000Z,1150,11,DUNDAS ST W,BAY ST, ,Major Arterial,Toronto and East York,43.655845,-79.38299,Mid-Block, ,No Control,Clear,Daylight,Wet,Non-Fatal Injury,Cyclist Collisions,Driver,40 to 44,None,0,East,"Automobile, Station Wagon",Changing Lanes,Improper Lane Change,Inattentive, , , , , , , ,Yes,Yes, , , , , , , , , , ,52,,,76,,816
-79.38299,43.655845,6608168,1225017,2011,2011-01-21T05:00:00.000Z,1150,11,DUNDAS ST W,BAY ST, ,Major Arterial,Toronto and East York,43.655845,-79.38299,Mid-Block, ,No Control,Clear,Daylight,Wet,Non-Fatal Injury,Cyclist Collisions,Cyclist,20 to 24,Major,0,East,Bicycle,Overtaking, , , , , ,Cyclist and Driver travelling in same direction. One vehicle sideswipes the other.,Driving Properly,Normal, ,Yes,Yes, , , , , , , , , , ,52,,,76,,817
-79.452823,43.733313,80631888,4002987190,2014,2014-09-26T04:00:00.000Z,1153,11,WILSON AVE,BILLY BISHOP WAY,4 m South of,Major Arterial,North York,43.733313,-79.452823,Intersection,At Intersection,Traffic Signal,Clear,Daylight,Dry,Non-Fatal Injury,Cyclist Collisions,Driver,50 to 54,None,0,North,"Automobile, Station Wagon",Turning Right,Driving Properly,Normal, , , , , , , ,Yes,Yes, , , , , , , , , , ,32,,,33,,818
-79.452823,43.733313,80631889,4002987190,2014,2014-09-26T04:00:00.000Z,1153,11,WILSON AVE,BILLY BISHOP WAY,4 m South of,Major Arterial,North York,43.733313,-79.452823,Intersection,At Intersection,Traffic Signal,Clear,Daylight,Dry,Non-Fatal Injury,Cyclist Collisions,Cyclist,20 to 24,Major,0,East,Bicycle,Going Ahead, , , , , ,"Cyclist without ROW rides into path of motorist at inter, lnwy, dwy-Cyclist not turn.",Failed to Yield Right of Way,Normal, ,Yes,Yes, , , , , , , , , , ,32,,,33,,819
-79.343387,43.667445,5222835,1097106,2009,2009-03-10T04:00:00.000Z,1156,11,GERRARD St E,CARLAW Ave, ,Minor Arterial,Toronto and East York,43.667445,-79.343387,Mid-Block, ,No Control,Clear,Daylight,Dry,Non-Fatal Injury,Cyclist Collisions,Driver,50 to 54,None,0,West,"Automobile, Station Wagon",Parked,Other,Inattentive, , , , , , , ,Yes,Yes, , , , , , , , , , ,55,,,70,,820
-79.343387,43.667445,5222836,1097106,2009,2009-03-10T04:00:00.000Z,1156,11,GERRARD St E,CARLAW Ave, ,Minor Arterial,Toronto and East York,43.667445,-79.343387,Mid-Block, ,No Control,Clear,Daylight,Dry,Non-Fatal Injury,Cyclist Collisions,Cyclist,45 to 49,Major,0,West,Bicycle,Going Ahead, , , , , ,Cyclist struck opened vehicle door,Driving Properly,Normal, ,Yes,Yes, , , , , , , , , , ,55,,,70,,821
-79.34819,43.693645,7828765,1360626,2013,2013-06-12T04:00:00.000Z,1157,11,O CONNOR DR,RIVERCOURT BLVD, ,Major Arterial,Toronto and East York,43.693645,-79.34819,Intersection,At Intersection,Traffic Signal,Clear,Daylight,Dry,Non-Fatal Injury,Cyclist Collisions,Passenger,15 to 19,None,0, ,Other, , , , , , , , , , ,Yes,Yes, , , , ,Yes, , , , , ,54,,,58,,822
-79.34819,43.693645,7828766,1360626,2013,2013-06-12T04:00:00.000Z,1157,11,O CONNOR DR,RIVERCOURT BLVD, ,Major Arterial,Toronto and East York,43.693645,-79.34819,Intersection,At Intersection,Traffic Signal,Clear,Daylight,Dry,Non-Fatal Injury,Cyclist Collisions,Vehicle Owner,unknown, ,0, ,Other, , , , , , , , , , ,Yes,Yes, , , , ,Yes, , , , , ,54,,,58,,823
-79.34819,43.693645,7828767,1360626,2013,2013-06-12T04:00:00.000Z,1157,11,O CONNOR DR,RIVERCOURT BLVD, ,Major Arterial,Toronto and East York,43.693645,-79.34819,Intersection,At Intersection,Traffic Signal,Clear,Daylight,Dry,Non-Fatal Injury,Cyclist Collisions,Driver,50 to 54,None,0,West,"Automobile, Station Wagon",Going Ahead,Driving Properly,Normal, , , , , , , ,Yes,Yes, , , , ,Yes, , , , , ,54,,,58,,824
-79.34819,43.693645,7828768,1360626,2013,2013-06-12T04:00:00.000Z,1157,11,O CONNOR DR,RIVERCOURT BLVD, ,Major Arterial,Toronto and East York,43.693645,-79.34819,Intersection,At Intersection,Traffic Signal,Clear,Daylight,Dry,Non-Fatal Injury,Cyclist Collisions,Cyclist,35 to 39,Major,0,West,Bicycle,Turning Left, , , , , ,Cyclist turned left across motorists path.,Improper Turn,Inattentive, ,Yes,Yes, , , , ,Yes, , , , , ,54,,,58,,825
-79.40679,43.636345,6654066,1244722,2011,2011-06-05T04:00:00.000Z,1200,12,FLEET ST,FORT YORK BLVD, ,Minor Arterial,Toronto and East York,43.636345,-79.40679,Intersection,At Intersection,Traffic Signal,Clear,Daylight,Dry,Non-Fatal Injury,Cyclist Collisions,Driver,35 to 39,None,0,East,"Automobile, Station Wagon",Stopped,Driving Properly,Normal, , , , , , , ,Yes,Yes, , , , , , , , , , ,14,,,82,,826
-79.40679,43.636345,6654067,1244722,2011,2011-06-05T04:00:00.000Z,1200,12,FLEET ST,FORT YORK BLVD, ,Minor Arterial,Toronto and East York,43.636345,-79.40679,Intersection,At Intersection,Traffic Signal,Clear,Daylight,Dry,Non-Fatal Injury,Cyclist Collisions,Cyclist,25 to 29,Major,0,East,Bicycle,Going Ahead, , , , , ,Cyclist struck opened vehicle door,Improper Passing,Normal, ,Yes,Yes, , , , , , , , , , ,14,,,82,,827
-79.37499,43.649745,7431443,1301330,2012,2012-05-03T04:00:00.000Z,1200,12,95 KING ST E, , ,Major Arterial,Toronto and East York,43.649745,-79.37499,Mid-Block, ,No Control,Clear,Daylight,Dry,Non-Fatal Injury,Cyclist Collisions,Driver,40 to 44,None,0,East,"Automobile, Station Wagon",Stopped,Driving Properly,Normal, , , , , , , ,Yes,Yes, , , , , , , , , , ,51,,,75,,828
-79.37499,43.649745,7431444,1301330,2012,2012-05-03T04:00:00.000Z,1200,12,95 KING ST E, , ,Major Arterial,Toronto and East York,43.649745,-79.37499,Mid-Block, ,No Control,Clear,Daylight,Dry,Non-Fatal Injury,Cyclist Collisions,Cyclist,25 to 29,Major,0,East,Bicycle,Going Ahead, , , , , ,Cyclist struck opened vehicle door,Driving Properly,Normal, ,Yes,Yes, , , , , , , , , , ,51,,,75,,829
-79.373737,43.667224,80631880,4002824583,2014,2014-08-29T04:00:00.000Z,1200,12,WELLESLEY ST E,BLEECKER ST,18 m East of,Minor Arterial,Toronto and East York,43.667224,-79.373737,Intersection,Intersection Related,No Control,Clear,Daylight,Dry,Non-Fatal Injury,Cyclist Collisions,Driver,unknown,None,0,North,"Automobile, Station Wagon",Going Ahead,Failed to Yield Right of Way,Unknown, , , , , , , ,Yes,Yes, , , , , , ,Yes, , , ,51,,,71,,830
-79.373737,43.667224,80631881,4002824583,2014,2014-08-29T04:00:00.000Z,1200,12,WELLESLEY ST E,BLEECKER ST,18 m East of,Minor Arterial,Toronto and East York,43.667224,-79.373737,Intersection,Intersection Related,No Control,Clear,Daylight,Dry,Non-Fatal Injury,Cyclist Collisions,Cyclist,50 to 54,Major,0,West,Bicycle,Going Ahead, , , , , ,"Motorist without ROW drives into path of cyclist at inter, lnwy, dwy-Driver not turn.",Driving Properly,Normal, ,Yes,Yes, , , , , , ,Yes, , , ,51,,,71,,831
-79.39919,43.655845,5807803,1122417,2009,2009-09-01T04:00:00.000Z,1203,12,SPADINA AVE,NASSAU ST, ,Major Arterial,Toronto and East York,43.655845,-79.39919,Intersection, ,Traffic Signal,Clear,Daylight,Dry,Fatal,Cyclist Collisions,Driver,45 to 49,None,0,South,Municipal Transit Bus (TTC),Going Ahead,Driving Properly,Unknown, , , , , , , ,Yes, , , ,Yes, , , , , , , ,"14,52",,,78,,832
-79.39919,43.655845,5807804,1122417,2009,2009-09-01T04:00:00.000Z,1203,12,SPADINA AVE,NASSAU ST, ,Major Arterial,Toronto and East York,43.655845,-79.39919,Intersection, ,Traffic Signal,Clear,Daylight,Dry,Fatal,Cyclist Collisions,Cyclist,65 to 69,Fatal,25,South,Bicycle,Turning Left, , , , , ,Cyclist turned left across motorists path.,Disobeyed Traffic Control,Normal, ,Yes, , , ,Yes, , , , , , , ,"14,52",,,78,,833
-79.399799,43.667445,80944449,8001064286,2018,2018-06-12T04:00:00.000Z,1204,12,ST GEORGE ST,BLOOR ST W, ,Major Arterial,Toronto and East York,43.667445,-79.399799,Intersection,At Intersection,Traffic Signal,Clear,Daylight,Dry,Fatal,Cyclist Collisions,Driver,65 to 69,None,0,North,Truck - Open,Turning Right,Other,Normal, , , , , , , ,Yes, , ,Yes, , , , , , , , ,"53,52",,,79,,834
-79.399799,43.667445,80944450,8001064286,2018,2018-06-12T04:00:00.000Z,1204,12,ST GEORGE ST,BLOOR ST W, ,Major Arterial,Toronto and East York,43.667445,-79.399799,Intersection,At Intersection,Traffic Signal,Clear,Daylight,Dry,Fatal,Cyclist Collisions,Cyclist,55 to 59,Fatal,32,South,Bicycle,Going Ahead, , , , , ,Motorist turning right on green or amber at signalized intersection strikes cyclist.,Other,Unknown, ,Yes, , ,Yes, , , , , , , , ,"53,52",,,79,,835
-79.379688,43.647261,80974614,8001722956,2018,2018-09-17T04:00:00.000Z,1204,12,BAY ST,WELLINGTON ST W, ,Major Arterial,Toronto and East York,43.647261,-79.379688,Intersection,At Intersection,Traffic Signal,Clear,Daylight,Dry,Non-Fatal Injury,Cyclist Collisions,Driver,55 to 59,None,0,West,"Bus (Other) (Go Bus, Gray Coach)",Turning Right,Failed to Yield Right of Way,Normal, , , , , , , ,Yes, , , ,Yes, , , ,Yes, , , ,52,,,76,,836
-79.379688,43.647261,80974615,8001722956,2018,2018-09-17T04:00:00.000Z,1204,12,BAY ST,WELLINGTON ST W, ,Major Arterial,Toronto and East York,43.647261,-79.379688,Intersection,At Intersection,Traffic Signal,Clear,Daylight,Dry,Non-Fatal Injury,Cyclist Collisions,Cyclist,30 to 34,Major,0,West,Bicycle,Going Ahead, , , , , ,Motorist turning right on green or amber at signalized intersection strikes cyclist.,Driving Properly,Normal, ,Yes, , , ,Yes, , , ,Yes, , , ,52,,,76,,837
-79.565189,43.654746,7429802,1300673,2012,2012-06-25T04:00:00.000Z,1210,12,RATHBURN RD,THE EAST MALL, ,Expressway,Etobicoke York,43.654746,-79.565189,Mid-Block,At Intersection,No Control,Clear,Daylight,Dry,Non-Fatal Injury,Cyclist Collisions,Driver,60 to 64,None,0,West,"Automobile, Station Wagon",Merging,Improper Lane Change,Normal, , , , , , , ,Yes,Yes, , , , , , , , , , ,22,,,11,,838
-79.565189,43.654746,7429803,1300673,2012,2012-06-25T04:00:00.000Z,1210,12,RATHBURN RD,THE EAST MALL, ,Expressway,Etobicoke York,43.654746,-79.565189,Mid-Block,At Intersection,No Control,Clear,Daylight,Dry,Non-Fatal Injury,Cyclist Collisions,Cyclist,80 to 84,Major,0,West,Bicycle,Going Ahead, , , , , ,Cyclist and Driver travelling in same direction. One vehicle sideswipes the other.,Driving Properly,Normal, ,Yes,Yes, , , , , , , , , , ,22,,,11,,839
-79.367381,43.662856,80496212,5002232122,2015,2015-10-01T04:00:00.000Z,1212,12,PARLIAMENT ST,SPRUCE ST,500 m North of,Minor Arterial,Toronto and East York,43.662856,-79.367381,Mid-Block,Non Intersection,No Control,Clear,Daylight,Dry,Non-Fatal Injury,Cyclist Collisions,Driver,unknown,None,0,North,"Automobile, Station Wagon",Stopped,Other,Inattentive, , , , , , , ,Yes,Yes, , , , , , , , , , ,51,,,71,,840
-79.367381,43.662856,80496213,5002232122,2015,2015-10-01T04:00:00.000Z,1212,12,PARLIAMENT ST,SPRUCE ST,500 m North of,Minor Arterial,Toronto and East York,43.662856,-79.367381,Mid-Block,Non Intersection,No Control,Clear,Daylight,Dry,Non-Fatal Injury,Cyclist Collisions,Cyclist,60 to 64,Major,0,North,Bicycle,Overtaking, , , , , ,Cyclist struck opened vehicle door,Driving Properly,Normal, ,Yes,Yes, , , , , , , , , , ,51,,,71,,841