X,Y,Index_,ACCNUM,YEAR,DATE,TIME,Hour,STREET1,STREET2,OFFSET,ROAD_CLASS,District,LATITUDE,LONGITUDE,LOCCOORD,ACCLOC,TRAFFCTL,VISIBILITY,LIGHT,RDSFCOND,ACCLASS,IMPACTYPE,INVTYPE,INVAGE,INJURY,FATAL_NO,INITDIR,VEHTYPE,MANOEUVER,DRIVACT,DRIVCOND,PEDTYPE,PEDACT,PEDCOND,CYCLISTYPE,CYCACT,CYCCOND,PEDESTRIAN,CYCLIST,AUTOMOBILE,MOTORCYCLE,TRUCK,TRSN_CITY_,EMERG_VEH,PASSENGER,SPEEDING,AG_DRIV,REDLIGHT,ALCOHOL,DISABILITY,Division,Ward_Name,Ward_ID,Hood_ID,Hood_Name,ObjectId
-79.496135,43.677233,7805821,1350654,2013,2013-03-30T04:00:00.000Z,1214,12,JANE ST,DALRYMPLE DR, ,Major Arterial,Etobicoke York,43.677233,-79.496135,Intersection,At Intersection,No Control,Clear,Daylight,Dry,Non-Fatal Injury,Cyclist Collisions,Driver,unknown,None,0,North,"Automobile, Station Wagon",Turning Left,Failed to Yield Right of Way,Unknown, , , , , , , ,Yes,Yes, , , , , , ,Yes, , , ,12,,,111,,842
-79.496135,43.677233,7805822,1350654,2013,2013-03-30T04:00:00.000Z,1214,12,JANE ST,DALRYMPLE DR, ,Major Arterial,Etobicoke York,43.677233,-79.496135,Intersection,At Intersection,No Control,Clear,Daylight,Dry,Non-Fatal Injury,Cyclist Collisions,Cyclist,40 to 44,Major,0,South,Bicycle,Going Ahead, , , , , ,Motorist turned left across cyclists path.,Driving Properly,Normal, ,Yes,Yes, , , , , , ,Yes, , , ,12,,,111,,843
-79.48669,43.618545,5376328,1045776,2008,2008-05-25T04:00:00.000Z,1215,12,2300 LAKE SHORE BLVD W, , ,Major Arterial,Etobicoke York,43.618545,-79.48669,Mid-Block, ,No Control,Clear,Daylight,Dry,Non-Fatal Injury,Cyclist Collisions,Driver,20 to 24,None,0,West,"Automobile, Station Wagon",Stopped,Failed to Yield Right of Way,Unknown, , , , , , , ,Yes,Yes, , , , , , ,Yes, , , ,22,,,17,,844
-79.48669,43.618545,5376329,1045776,2008,2008-05-25T04:00:00.000Z,1215,12,2300 LAKE SHORE BLVD W, , ,Major Arterial,Etobicoke York,43.618545,-79.48669,Mid-Block, ,No Control,Clear,Daylight,Dry,Non-Fatal Injury,Cyclist Collisions,Cyclist,25 to 29,Major,0,North,Bicycle,Going Ahead, , , , , ,"Motorist without ROW drives into path of cyclist at inter, lnwy, dwy-Driver not turn.",Driving Properly,Normal, ,Yes,Yes, , , , , , ,Yes, , , ,22,,,17,,845
-79.35879,43.726645,7441006,1305291,2012,2012-06-02T04:00:00.000Z,1218,12,32 SUNCREST DR, , ,Local,North York,43.726645,-79.35879,Mid-Block, ,No Control,Clear,Daylight,Dry,Non-Fatal Injury,Cyclist Collisions,Driver,70 to 74,None,0,North,"Automobile, Station Wagon",Reversing,Other,Inattentive, , , , , , , ,Yes,Yes, , , , , , , , , , ,33,,,41,,846
-79.35879,43.726645,7441007,1305291,2012,2012-06-02T04:00:00.000Z,1218,12,32 SUNCREST DR, , ,Local,North York,43.726645,-79.35879,Mid-Block, ,No Control,Clear,Daylight,Dry,Non-Fatal Injury,Cyclist Collisions,Cyclist,50 to 54,Major,0,West,Bicycle,Going Ahead, , , , , ,Motorist reversing struck cyclist.,Other,Normal, ,Yes,Yes, , , , , , , , , , ,33,,,41,,847
-79.45949,43.654845,5388094,1050893,2008,2008-07-13T04:00:00.000Z,1220,12,BLOOR Stre W,KEELE Stre, ,Major Arterial,Toronto and East York,43.654845,-79.45949,Mid-Block, ,No Control,Clear,Daylight,Dry,Non-Fatal Injury,Cyclist Collisions,Driver,30 to 34,None,0,East,"Automobile, Station Wagon",Turning Left,Driving Properly,Normal, , , , , , , ,Yes,Yes, , , , , , , , , , ,11,,,88,,848
-79.45949,43.654845,5388095,1050893,2008,2008-07-13T04:00:00.000Z,1220,12,BLOOR Stre W,KEELE Stre, ,Major Arterial,Toronto and East York,43.654845,-79.45949,Mid-Block, ,No Control,Clear,Daylight,Dry,Non-Fatal Injury,Cyclist Collisions,Cyclist,55 to 59,Major,0,West,Bicycle,Going Ahead, , , , , ,Motorist turned left across cyclists path.,Improper Passing,Normal, ,Yes,Yes, , , , , , , , , , ,11,,,88,,849
-79.413425,43.66075,7883861,1384125,2013,2013-09-01T04:00:00.000Z,1220,12,HARBORD St,EUCLID Ave, ,Minor Arterial,Toronto and East York,43.66075,-79.413425,Intersection, ,Traffic Controller,Clear,Daylight,Dry,Non-Fatal Injury,Cyclist Collisions,Driver,70 to 74,None,0,East,"Automobile, Station Wagon",Going Ahead,Driving Properly,Normal, , , , , , , ,Yes,Yes, , , , , , , , , , ,14,,,80,,850
-79.413425,43.66075,7883862,1384125,2013,2013-09-01T04:00:00.000Z,1220,12,HARBORD St,EUCLID Ave, ,Minor Arterial,Toronto and East York,43.66075,-79.413425,Intersection, ,Traffic Controller,Clear,Daylight,Dry,Non-Fatal Injury,Cyclist Collisions,Cyclist,60 to 64,Major,0,East,Bicycle,Changing Lanes, , , , , ,Cyclist and Driver travelling in same direction. One vehicle sideswipes the other.,Improper Lane Change,Inattentive, ,Yes,Yes, , , , , , , , , , ,14,,,80,,851
-79.375842,43.666476,80251602,5001670080,2015,2015-09-27T04:00:00.000Z,1220,12,HOMEWOOD AVE,WELLESLEY ST E, ,Minor Arterial,Toronto and East York,43.666476,-79.375842,Intersection,At Intersection,Traffic Signal,Clear,Daylight,Dry,Non-Fatal Injury,Cyclist Collisions,Driver,40 to 44,None,0,South,"Automobile, Station Wagon",Turning Right,Failed to Yield Right of Way,Inattentive, , , , , , , ,Yes,Yes, , , , , ,Yes,Yes, , , ,51,,,71,,852
-79.375842,43.666476,80251603,5001670080,2015,2015-09-27T04:00:00.000Z,1220,12,HOMEWOOD AVE,WELLESLEY ST E, ,Minor Arterial,Toronto and East York,43.666476,-79.375842,Intersection,At Intersection,Traffic Signal,Clear,Daylight,Dry,Non-Fatal Injury,Cyclist Collisions,Cyclist,25 to 29,Major,0,East,Bicycle,Going Ahead, , , , , ,Motorist turning right on red at signalized intersection strikes cyclist.,Driving Properly,Normal, ,Yes,Yes, , , , , ,Yes,Yes, , , ,51,,,71,,853
-79.54919,43.686445,5280221,1122468,2009,2009-07-28T04:00:00.000Z,1230,12,WINCOTT DR,SHEFFLEY CRES, ,Collector,Etobicoke York,43.686445,-79.54919,Mid-Block, ,No Control,Clear,Daylight,Dry,Non-Fatal Injury,Cyclist Collisions,Driver,30 to 34,None,0,North,"Automobile, Station Wagon",Going Ahead,Driving Properly,Normal, , , , , , , ,Yes,Yes, , , , , , , , , , ,23,,,7,,854
-79.54919,43.686445,5280222,1122468,2009,2009-07-28T04:00:00.000Z,1230,12,WINCOTT DR,SHEFFLEY CRES, ,Collector,Etobicoke York,43.686445,-79.54919,Mid-Block, ,No Control,Clear,Daylight,Dry,Non-Fatal Injury,Cyclist Collisions,Cyclist,35 to 39,Major,0,South,Bicycle,Other, , , , , ,"Cyclist loses control and strikes object (pole, ttc track)",Lost control,Normal, ,Yes,Yes, , , , , , , , , , ,23,,,7,,855
-79.42979,43.719245,6641415,1239456,2011,2011-06-16T04:00:00.000Z,1230,12,BATHURST ST,LAWRENCE AVE W, ,Major Arterial,North York,43.719245,-79.42979,Intersection,At Intersection,Traffic Signal,Clear,Daylight,Dry,Non-Fatal Injury,Cyclist Collisions,Driver,unknown,None,0,South,"Automobile, Station Wagon",Turning Left,Failed to Yield Right of Way,Unknown, , , , , , , ,Yes,Yes, , , , , , ,Yes, , , ,"32,13,53",,,39,,856
-79.42979,43.719245,6641416,1239456,2011,2011-06-16T04:00:00.000Z,1230,12,BATHURST ST,LAWRENCE AVE W, ,Major Arterial,North York,43.719245,-79.42979,Intersection,At Intersection,Traffic Signal,Clear,Daylight,Dry,Non-Fatal Injury,Cyclist Collisions,Cyclist,20 to 24,Major,0,North,Bicycle,Going Ahead, , , , , ,Motorist turned left across cyclists path.,Other,Normal, ,Yes,Yes, , , , , , ,Yes, , , ,"32,13,53",,,39,,857
-79.384792,43.647643,6182228,1185756,2010,2010-07-22T04:00:00.000Z,1234,12,KING ST W,UNIVERSITY AVE, ,Major Arterial,Toronto and East York,43.647643,-79.384792,Intersection,At Intersection,Traffic Signal,Clear,Daylight,Dry,Non-Fatal Injury,Cyclist Collisions,Vehicle Owner,unknown, ,0, , , , , , , , , , , , ,Yes,Yes, , , , , , , , , , ,52,,,76,,858
-79.384792,43.647643,6182229,1185756,2010,2010-07-22T04:00:00.000Z,1234,12,KING ST W,UNIVERSITY AVE, ,Major Arterial,Toronto and East York,43.647643,-79.384792,Intersection,At Intersection,Traffic Signal,Clear,Daylight,Dry,Non-Fatal Injury,Cyclist Collisions,Driver,25 to 29,None,0,East,"Automobile, Station Wagon",Stopped,Driving Properly,Normal, , , , , , , ,Yes,Yes, , , , , , , , , , ,52,,,76,,859
-79.384792,43.647643,6182230,1185756,2010,2010-07-22T04:00:00.000Z,1234,12,KING ST W,UNIVERSITY AVE, ,Major Arterial,Toronto and East York,43.647643,-79.384792,Intersection,At Intersection,Traffic Signal,Clear,Daylight,Dry,Non-Fatal Injury,Cyclist Collisions,Cyclist,15 to 19,Major,0,East,Bicycle,Going Ahead, , , , , ,Cyclist and Driver travelling in same direction. One vehicle rear-ended the other.,Improper Passing,Inattentive, ,Yes,Yes, , , , , , , , , , ,52,,,76,,860
-79.348804,43.689421,80564417,6001220813,2016,2016-07-12T04:00:00.000Z,1235,12,PAPE AVE,COSBURN AVE,15 m South of,Major Arterial,Toronto and East York,43.689421,-79.348804,Intersection,Non Intersection,Traffic Signal,Clear,Daylight,Dry,Non-Fatal Injury,Cyclist Collisions,Cyclist,15 to 19,Major,0,North,Bicycle,Going Ahead, , , , , ,Insufficient information (to determine cyclist crash type).,Lost control,Inattentive, ,Yes,Yes, , , , , , , , , , ,54,,,59,,861
-79.348804,43.689421,80564418,6001220813,2016,2016-07-12T04:00:00.000Z,1235,12,PAPE AVE,COSBURN AVE,15 m South of,Major Arterial,Toronto and East York,43.689421,-79.348804,Intersection,Non Intersection,Traffic Signal,Clear,Daylight,Dry,Non-Fatal Injury,Cyclist Collisions,Driver,65 to 69,None,0,South,Passenger Van,Going Ahead,Driving Properly,Normal, , , , , , , ,Yes,Yes, , , , , , , , , , ,54,,,59,,862
-79.42239,43.673845,5368554,1042268,2008,2008-05-24T04:00:00.000Z,1238,12,CHRISTIE ST,LAMBERTLODGE AVE, ,Minor Arterial,Toronto and East York,43.673845,-79.42239,Intersection,At Intersection,Stop Sign,Clear,Daylight,Dry,Non-Fatal Injury,Cyclist Collisions,Driver,25 to 29,None,0,South,"Automobile, Station Wagon",Turning Right,Failed to Yield Right of Way,Inattentive, , , , , , , ,Yes,Yes, , , , , , ,Yes, , , ,13,,,94,,863
-79.42239,43.673845,5368555,1042268,2008,2008-05-24T04:00:00.000Z,1238,12,CHRISTIE ST,LAMBERTLODGE AVE, ,Minor Arterial,Toronto and East York,43.673845,-79.42239,Intersection,At Intersection,Stop Sign,Clear,Daylight,Dry,Non-Fatal Injury,Cyclist Collisions,Cyclist,35 to 39,Major,0,South,Bicycle,Going Ahead, , , , , ,"Motorist turns right at non-signal Inter.(stop, yield, no cont.,and dwy) and strikes cyclist.",Driving Properly,Normal, ,Yes,Yes, , , , , , ,Yes, , , ,13,,,94,,864
-79.43246,43.680205,80631515,4002621781,2014,2014-08-02T04:00:00.000Z,1240,12,ST CLAIR AVE W,WINONA DR, ,Major Arterial,Toronto and East York,43.680205,-79.43246,Intersection,Intersection Related,Traffic Signal,Clear,Daylight,Dry,Non-Fatal Injury,Cyclist Collisions,Driver,unknown,None,0,West,"Automobile, Station Wagon",Overtaking,Failed to Yield Right of Way,Unknown, , , , , , , ,Yes,Yes, , , , , , ,Yes, , , ,13,,,94,,865
-79.43246,43.680205,80631516,4002621781,2014,2014-08-02T04:00:00.000Z,1240,12,ST CLAIR AVE W,WINONA DR, ,Major Arterial,Toronto and East York,43.680205,-79.43246,Intersection,Intersection Related,Traffic Signal,Clear,Daylight,Dry,Non-Fatal Injury,Cyclist Collisions,Cyclist,35 to 39,Major,0,West,Bicycle,Going Ahead, , , , , ,Cyclist and Driver travelling in same direction. One vehicle sideswipes the other.,Driving Properly,Normal, ,Yes,Yes, , , , , , ,Yes, , , ,13,,,94,,866
-79.374179,43.646952,80543119,6001035189,2016,2016-06-14T04:00:00.000Z,1246,12,58 THE ESPLANADE, ,45 m West of,Collector,Toronto and East York,43.646952,-79.374179,Mid-Block,Non Intersection,No Control,Clear,Daylight,Dry,Non-Fatal Injury,Cyclist Collisions,Cyclist,30 to 34,Major,0,West,Bicycle,Pulling Onto Shoulder or towardCurb, , , , , ,Cyclist and Driver travelling in same direction. One vehicle rear-ended the other.,Following too Close,Normal, ,Yes,Yes, , , , , , , , , , ,51,,,77,,867
-79.374179,43.646952,80543120,6001035189,2016,2016-06-14T04:00:00.000Z,1246,12,58 THE ESPLANADE, ,45 m West of,Collector,Toronto and East York,43.646952,-79.374179,Mid-Block,Non Intersection,No Control,Clear,Daylight,Dry,Non-Fatal Injury,Cyclist Collisions,Driver,25 to 29,None,0,West,"Automobile, Station Wagon",Going Ahead,Driving Properly,Normal, , , , , , , ,Yes,Yes, , , , , , , , , , ,51,,,77,,868
-79.423724,43.671199,80545158,6001174772,2016,2016-07-05T04:00:00.000Z,1247,12,740 DUPONT ST, , ,Major Arterial,Toronto and East York,43.671199,-79.423724,Mid-Block,Non Intersection,No Control,Clear,Daylight,Dry,Fatal,Cyclist Collisions,Cyclist,70 to 74,Fatal,41,West,Bicycle,Overtaking, , , , , ,Cyclist strikes a parked vehicle.,Improper Passing,Unknown, ,Yes, , , , , , , , , , , ,14,,,93,,869
-79.423724,43.671199,80545159,6001174772,2016,2016-07-05T04:00:00.000Z,1247,12,740 DUPONT ST, , ,Major Arterial,Toronto and East York,43.671199,-79.423724,Mid-Block,Non Intersection,No Control,Clear,Daylight,Dry,Fatal,Cyclist Collisions,Driver - Not Hit,unknown,None,0, , , , , , , , , , , , ,Yes, , , , , , , , , , , ,14,,,93,,870
-79.423724,43.671199,80545160,6001174772,2016,2016-07-05T04:00:00.000Z,1247,12,740 DUPONT ST, , ,Major Arterial,Toronto and East York,43.671199,-79.423724,Mid-Block,Non Intersection,No Control,Clear,Daylight,Dry,Fatal,Cyclist Collisions,Other,unknown,None,0,West, ,Parked, , , , , , , , , ,Yes, , , , , , , , , , , ,14,,,93,,871
-79.381328,43.657344,80777413,7000797636,2017,2017-05-06T04:00:00.000Z,1248,12,YONGE  ST,GOULD ST, ,Major Arterial,Toronto and East York,43.657344,-79.381328,Intersection,At Intersection,Traffic Signal,Clear,Daylight,Dry,Non-Fatal Injury,Cyclist Collisions,Driver,30 to 34,None,0,South,"Automobile, Station Wagon",Going Ahead,Improper Passing,Normal, , , , , , , ,Yes,Yes, , , , , , ,Yes, , , ,"51,52",,,75,,872
-79.381328,43.657344,80777414,7000797636,2017,2017-05-06T04:00:00.000Z,1248,12,YONGE  ST,GOULD ST, ,Major Arterial,Toronto and East York,43.657344,-79.381328,Intersection,At Intersection,Traffic Signal,Clear,Daylight,Dry,Non-Fatal Injury,Cyclist Collisions,Cyclist,70 to 74,Major,0,South,Bicycle,Going Ahead, , , , , ,Cyclist and Driver travelling in same direction. One vehicle sideswipes the other.,Driving Properly,Normal, ,Yes,Yes, , , , , , ,Yes, , , ,"51,52",,,75,,873
-79.424808,43.643004,80490827,5001806026,2015,2015-10-20T04:00:00.000Z,1250,12,QUEEN ST W,BEACONSFIELD AVE,60 m West of,Major Arterial,Toronto and East York,43.643004,-79.424808,Intersection,Non Intersection,No Control,Clear,Daylight,Dry,Non-Fatal Injury,Cyclist Collisions,Driver,30 to 34,None,0,East,"Automobile, Station Wagon",Stopped,Other,Inattentive, , , , , , , ,Yes,Yes, , , , ,Yes, , , , , ,14,,,84,,874
-79.424808,43.643004,80490828,5001806026,2015,2015-10-20T04:00:00.000Z,1250,12,QUEEN ST W,BEACONSFIELD AVE,60 m West of,Major Arterial,Toronto and East York,43.643004,-79.424808,Intersection,Non Intersection,No Control,Clear,Daylight,Dry,Non-Fatal Injury,Cyclist Collisions,Cyclist,25 to 29,Major,0,East,Bicycle,Overtaking, , , , , ,Cyclist struck opened vehicle door,Driving Properly,Normal, ,Yes,Yes, , , , ,Yes, , , , , ,14,,,84,,875
-79.424808,43.643004,80490829,5001806026,2015,2015-10-20T04:00:00.000Z,1250,12,QUEEN ST W,BEACONSFIELD AVE,60 m West of,Major Arterial,Toronto and East York,43.643004,-79.424808,Intersection,Non Intersection,No Control,Clear,Daylight,Dry,Non-Fatal Injury,Cyclist Collisions,Passenger,0 to 4,None,0, , , , , , , , , , , , ,Yes,Yes, , , , ,Yes, , , , , ,14,,,84,,876
-79.32439,43.819645,7796511,1346813,2013,2013-03-16T04:00:00.000Z,1252,12,WARDEN AVE,STEELES AVE E, ,Major Arterial,Scarborough,43.819645,-79.32439,Intersection, ,Traffic Signal,Clear,Daylight,Dry,Non-Fatal Injury,Cyclist Collisions,Driver,30 to 34,None,0,South,"Automobile, Station Wagon",Turning Right,Improper Turn,Normal, , , , , , , ,Yes,Yes, , , , , , , , , , ,42,,,0,,877
-79.32439,43.819645,7796512,1346813,2013,2013-03-16T04:00:00.000Z,1252,12,WARDEN AVE,STEELES AVE E, ,Major Arterial,Scarborough,43.819645,-79.32439,Intersection, ,Traffic Signal,Clear,Daylight,Dry,Non-Fatal Injury,Cyclist Collisions,Cyclist,65 to 69,Major,0,East,Bicycle,Going Ahead, , , , , ,Motorist turning right on green or amber at signalized intersection strikes cyclist.,Other,Normal, ,Yes,Yes, , , , , , , , , , ,42,,,0,,878
-79.38869,43.650445,5056222,1140739,2009,2009-11-09T05:00:00.000Z,1255,12,QUEEN Stre W,ST PATRICK Stre, ,Major Arterial,Toronto and East York,43.650445,-79.38869,Intersection,At Intersection,Traffic Signal,Clear,Daylight,Dry,Non-Fatal Injury,Pedestrian Collisions,Pedestrian,35 to 39,Major,0,North,Other, , , ,Vehicle is going straight thru inter.while ped cross without ROW,Crossing without right of way,Inattentive, , , ,Yes,Yes, , , , , , , , , , , ,52,,,78,,879
-79.38869,43.650445,5056223,1140739,2009,2009-11-09T05:00:00.000Z,1255,12,QUEEN Stre W,ST PATRICK Stre, ,Major Arterial,Toronto and East York,43.650445,-79.38869,Intersection,At Intersection,Traffic Signal,Clear,Daylight,Dry,Non-Fatal Injury,Pedestrian Collisions,Cyclist,25 to 29,Minimal,0,East,Bicycle,Going Ahead, , , , , ,Cyclist strikes pedestrian.,Driving Properly,Normal,Yes,Yes, , , , , , , , , , , ,52,,,78,,880
-79.451267,43.698622,80933889,7001733942,2017,2017-09-24T04:00:00.000Z,1255,12,DUFFERIN ST,HOPEWELL AVE,1 m South of,Major Arterial,North York,43.698622,-79.451267,Intersection,At Intersection,Stop Sign,Clear,Daylight,Dry,Non-Fatal Injury,Cyclist Collisions,Driver,60 to 64,None,0,West,"Automobile, Station Wagon",Turning Right,Driving Properly,Normal, , , , , , , ,Yes,Yes, , , , , , , , , , ,13,,,108,,881
-79.451267,43.698622,80933890,7001733942,2017,2017-09-24T04:00:00.000Z,1255,12,DUFFERIN ST,HOPEWELL AVE,1 m South of,Major Arterial,North York,43.698622,-79.451267,Intersection,At Intersection,Stop Sign,Clear,Daylight,Dry,Non-Fatal Injury,Cyclist Collisions,Cyclist,30 to 34,Major,0,South,Bicycle,Going Ahead, , , , , ,"Cyclist without ROW rides into path of motorist at inter, lnwy, dwy-Cyclist not turn.",Failed to Yield Right of Way,Normal, ,Yes,Yes, , , , , , , , , , ,13,,,108,,882
-79.425082,43.661994,80972438,8001653005,2018,2018-08-02T04:00:00.000Z,1300,13,BLOOR ST W,OSSINGTON AVE,50 m East of,Major Arterial,Toronto and East York,43.661994,-79.425082,Mid-Block,Non Intersection,No Control,Clear,Daylight,Dry,Non-Fatal Injury,Cyclist Collisions,Driver,unknown,None,0,West,Pick Up Truck,Pulling Onto Shoulder or towardCurb,Failed to Yield Right of Way,Normal, , , , , , , ,Yes,Yes, , , , , , ,Yes, , , ,14,,,80,,883
-79.425082,43.661994,80972439,8001653005,2018,2018-08-02T04:00:00.000Z,1300,13,BLOOR ST W,OSSINGTON AVE,50 m East of,Major Arterial,Toronto and East York,43.661994,-79.425082,Mid-Block,Non Intersection,No Control,Clear,Daylight,Dry,Non-Fatal Injury,Cyclist Collisions,Cyclist,45 to 49,Major,0,West,Bicycle,Going Ahead, , , , , ,Cyclist and Driver travelling in same direction. One vehicle sideswipes the other.,Driving Properly,Normal, ,Yes,Yes, , , , , , ,Yes, , , ,14,,,80,,884
-79.33049,43.685345,6168065,1179966,2010,2010-06-03T04:00:00.000Z,1302,13,MILVERTON BLVD,LINNSMORE CRES, ,Local,Toronto and East York,43.685345,-79.33049,Mid-Block, ,No Control,Clear,Daylight,Dry,Non-Fatal Injury,Cyclist Collisions,Driver,35 to 39,None,0,West,"Automobile, Station Wagon",Parked,Other,Inattentive, , , , , , , ,Yes,Yes, , , , , , , , , , ,54,,,66,,885
-79.33049,43.685345,6168066,1179966,2010,2010-06-03T04:00:00.000Z,1302,13,MILVERTON BLVD,LINNSMORE CRES, ,Local,Toronto and East York,43.685345,-79.33049,Mid-Block, ,No Control,Clear,Daylight,Dry,Non-Fatal Injury,Cyclist Collisions,Cyclist,20 to 24,Major,0,West,Bicycle,Going Ahead, , , , , ,Cyclist struck opened vehicle door,Driving Properly,Normal, ,Yes,Yes, , , , , , , , , , ,54,,,66,,886
-79.494518,43.676146,80757123,7001169974,2017,2017-06-30T04:00:00.000Z,1304,13,847 JANE ST, , ,Collector,Etobicoke York,43.676146,-79.494518,Mid-Block,Non Intersection,No Control,Clear,Daylight,Dry,Fatal,Cyclist Collisions,Cyclist,70 to 74,Fatal,28,West,Bicycle,Going Ahead, , , , , ,"Motorist turns right at non-signal Inter.(stop, yield, no cont.,and dwy) and strikes cyclist.",Driving Properly,Normal, ,Yes,Yes, , , , , , , , , , ,12,,,111,,887
-79.494518,43.676146,80757189,7001169974,2017,2017-06-30T04:00:00.000Z,1304,13,847 JANE ST, , ,Collector,Etobicoke York,43.676146,-79.494518,Mid-Block,Non Intersection,No Control,Clear,Daylight,Dry,Fatal,Cyclist Collisions,Driver,60 to 64,None,0,West,Delivery Van,Turning Right,Improper Turn,Normal, , , , , , , ,Yes,Yes, , , , , , , , , , ,12,,,111,,888
-79.237384,43.795184,80563229,6001076116,2016,2016-06-20T04:00:00.000Z,1307,13,ORMEROD ST,VERNE CRES,32 m East of,Local,Scarborough,43.795184,-79.237384,Intersection,Intersection Related,No Control,Clear,Daylight,Dry,Non-Fatal Injury,Cyclist Collisions,Driver,50 to 54,None,0,West,"Automobile, Station Wagon",Overtaking,Improper Passing,Normal, , , , , , , ,Yes,Yes, , , , , , ,Yes, , , ,42,,,132,,889
-79.237384,43.795184,80563230,6001076116,2016,2016-06-20T04:00:00.000Z,1307,13,ORMEROD ST,VERNE CRES,32 m East of,Local,Scarborough,43.795184,-79.237384,Intersection,Intersection Related,No Control,Clear,Daylight,Dry,Non-Fatal Injury,Cyclist Collisions,Cyclist,65 to 69,Major,0,West,Bicycle,Turning Left, , , , , ,Cyclist turned left across motorists path.,Improper Turn,Normal, ,Yes,Yes, , , , , , ,Yes, , , ,42,,,132,,890
-79.41319,43.670045,7397575,1286830,2012,2012-01-24T05:00:00.000Z,1308,13,BATHURST ST,WELLS ST, ,Major Arterial,Toronto and East York,43.670045,-79.41319,Intersection,At Intersection,Traffic Signal,Snow,Daylight,Wet,Non-Fatal Injury,Cyclist Collisions,Truck Driver,30 to 34,None,0,West,Truck - Open,Turning Left,Failed to Yield Right of Way,Normal, , , , , , , ,Yes, , ,Yes, , , , ,Yes, , , ,14,,,95,,891
-79.41319,43.670045,7397576,1286830,2012,2012-01-24T05:00:00.000Z,1308,13,BATHURST ST,WELLS ST, ,Major Arterial,Toronto and East York,43.670045,-79.41319,Intersection,At Intersection,Traffic Signal,Snow,Daylight,Wet,Non-Fatal Injury,Cyclist Collisions,Cyclist,30 to 34,Major,0,East,Bicycle,Going Ahead, , , , , ,Motorist turned left across cyclists path.,Driving Properly,Normal, ,Yes, , ,Yes, , , , ,Yes, , , ,14,,,95,,892
-79.43729,43.698445,7825626,1359211,2013,2013-06-03T04:00:00.000Z,1309,13,EGLINTON AVE W,PARK HILL RD, ,Major Arterial,Toronto and East York,43.698445,-79.43729,Intersection,At Intersection,No Control,Clear,Daylight,Dry,Non-Fatal Injury,Cyclist Collisions,Vehicle Owner,unknown, ,0, ,Other, , , , , , , , , , ,Yes, , , ,Yes, , , , , , , ,13,,,107,,893
-79.43729,43.698445,7825627,1359211,2013,2013-06-03T04:00:00.000Z,1309,13,EGLINTON AVE W,PARK HILL RD, ,Major Arterial,Toronto and East York,43.698445,-79.43729,Intersection,At Intersection,No Control,Clear,Daylight,Dry,Non-Fatal Injury,Cyclist Collisions,Driver,50 to 54,None,0,East,Municipal Transit Bus (TTC),Going Ahead,Driving Properly,Normal, , , , , , , ,Yes, , , ,Yes, , , , , , , ,13,,,107,,894
-79.43729,43.698445,7825628,1359211,2013,2013-06-03T04:00:00.000Z,1309,13,EGLINTON AVE W,PARK HILL RD, ,Major Arterial,Toronto and East York,43.698445,-79.43729,Intersection,At Intersection,No Control,Clear,Daylight,Dry,Non-Fatal Injury,Cyclist Collisions,Cyclist,45 to 49,Major,0,West,Bicycle,Overtaking, , , , , ,Insufficient information (to determine cyclist crash type).,Improper Passing,Normal, ,Yes, , , ,Yes, , , , , , , ,13,,,107,,895
-79.41029,43.704245,5362590,1039584,2008,2008-05-22T04:00:00.000Z,1310,13,EGLINTON AVE W,ELMSTHORPE AVE, ,Major Arterial,Toronto and East York,43.704245,-79.41029,Mid-Block, ,No Control,Clear,Daylight,Dry,Fatal,Cyclist Collisions,Driver,55 to 59,None,0,East, ,Going Ahead,Driving Properly,Normal, , , , , , , ,Yes,Yes, , , , , , , , , , ,53,,,103,,896
-79.41029,43.704245,5362591,1039584,2008,2008-05-22T04:00:00.000Z,1310,13,EGLINTON AVE W,ELMSTHORPE AVE, ,Major Arterial,Toronto and East York,43.704245,-79.41029,Mid-Block, ,No Control,Clear,Daylight,Dry,Fatal,Cyclist Collisions,Vehicle Owner,unknown, ,0, ,Other, , , , , , , , , , ,Yes,Yes, , , , , , , , , , ,53,,,103,,897