X,Y,Index_,ACCNUM,YEAR,DATE,TIME,Hour,STREET1,STREET2,OFFSET,ROAD_CLASS,District,LATITUDE,LONGITUDE,LOCCOORD,ACCLOC,TRAFFCTL,VISIBILITY,LIGHT,RDSFCOND,ACCLASS,IMPACTYPE,INVTYPE,INVAGE,INJURY,FATAL_NO,INITDIR,VEHTYPE,MANOEUVER,DRIVACT,DRIVCOND,PEDTYPE,PEDACT,PEDCOND,CYCLISTYPE,CYCACT,CYCCOND,PEDESTRIAN,CYCLIST,AUTOMOBILE,MOTORCYCLE,TRUCK,TRSN_CITY_,EMERG_VEH,PASSENGER,SPEEDING,AG_DRIV,REDLIGHT,ALCOHOL,DISABILITY,Division,Ward_Name,Ward_ID,Hood_ID,Hood_Name,ObjectId
-79.42349,43.646145,5431408,1069861,2008,2008-11-14T05:00:00.000Z,226,2,DOVERCOURT RD,ARGYLE ST, ,Collector,Toronto and East York,43.646145,-79.42349,Intersection, ,No Control,Clear,Dark,Dry,Non-Fatal Injury,Cyclist Collisions,Cyclist,35 to 39,Major,0,North,Bicycle,Stopped, , , , , ,Motorist reversing struck cyclist.,Driving Properly,Unknown, ,Yes,Yes, , , , , , , , , , ,14,,,84,,953
-79.35819,43.661145,5277389,1121287,2009,2009-07-18T04:00:00.000Z,242,2,RIVER ST,DUNDAS ST E, ,Major Arterial,Toronto and East York,43.661145,-79.35819,Intersection,At Intersection,Traffic Signal,Clear,Dark,Dry,Non-Fatal Injury,Cyclist Collisions,Vehicle Owner,unknown, ,0, ,Other, , , , , , , , , , ,Yes,Yes, , , , , , , , , , ,51,,,72,,954
-79.35819,43.661145,5277390,1121287,2009,2009-07-18T04:00:00.000Z,242,2,RIVER ST,DUNDAS ST E, ,Major Arterial,Toronto and East York,43.661145,-79.35819,Intersection,At Intersection,Traffic Signal,Clear,Dark,Dry,Non-Fatal Injury,Cyclist Collisions,Driver,50 to 54,None,0,North,"Automobile, Station Wagon",Going Ahead,Driving Properly,Normal, , , , , , , ,Yes,Yes, , , , , , , , , , ,51,,,72,,955
-79.35819,43.661145,5277391,1121287,2009,2009-07-18T04:00:00.000Z,242,2,RIVER ST,DUNDAS ST E, ,Major Arterial,Toronto and East York,43.661145,-79.35819,Intersection,At Intersection,Traffic Signal,Clear,Dark,Dry,Non-Fatal Injury,Cyclist Collisions,Cyclist,20 to 24,Major,0,East,Bicycle,Going Ahead, , , , , ,"Cyclist without ROW rides into path of motorist at inter, lnwy, dwy-Cyclist not turn.",Disobeyed Traffic Control,Inattentive, ,Yes,Yes, , , , , , , , , , ,51,,,72,,956
-79.399577,43.656737,7855781,1372200,2013,2013-08-10T04:00:00.000Z,250,2,SPADINA AVE,OXFORD ST, ,Major Arterial,Toronto and East York,43.656737,-79.399577,Intersection,At Intersection,No Control,Clear,"Dark, artificial",Dry,Non-Fatal Injury,Cyclist Collisions,Driver,unknown,None,0,South,"Automobile, Station Wagon",Reversing,Other,Unknown, , , , , , , ,Yes,Yes, , , , , , , , , , ,"14,52",,,78,,957
-79.399577,43.656737,7855782,1372200,2013,2013-08-10T04:00:00.000Z,250,2,SPADINA AVE,OXFORD ST, ,Major Arterial,Toronto and East York,43.656737,-79.399577,Intersection,At Intersection,No Control,Clear,"Dark, artificial",Dry,Non-Fatal Injury,Cyclist Collisions,Cyclist,20 to 24,Major,0,South,Bicycle,Slowing or Stopping, , , , , ,Cyclist and Driver travelling in same direction. One vehicle rear-ended the other.,Other,Had Been Drinking, ,Yes,Yes, , , , , , , , , , ,"14,52",,,78,,958
-79.347935,43.659312,81070832,8002245364,2018,2018-12-07T05:00:00.000Z,300,3,758 QUEEN ST E,Queen St E, ,Minor Arterial,Toronto and East York,43.659312,-79.347935,Mid-Block,Non Intersection,No Control,Drifting Snow,"Dark, artificial",Loose Snow,Non-Fatal Injury,Cyclist Collisions,Driver,0 to 4,None,0,South,"Automobile, Station Wagon",Going Ahead,Other,Unknown, , , , , , , ,Yes,Yes, , , , , , , , , , ,55,,,70,,959
-79.347935,43.659312,81070833,8002245364,2018,2018-12-07T05:00:00.000Z,300,3,758 QUEEN ST E,Queen St E, ,Minor Arterial,Toronto and East York,43.659312,-79.347935,Mid-Block,Non Intersection,No Control,Drifting Snow,"Dark, artificial",Loose Snow,Non-Fatal Injury,Cyclist Collisions,Cyclist,40 to 44,Major,0,South,Bicycle,Going Ahead, , , , , , ,Driving Properly,Normal, ,Yes,Yes, , , , , , , , , , ,55,,,70,,960
-79.42359,43.639745,6149392,1171639,2010,2010-06-04T04:00:00.000Z,310,3,KING ST W,JOE SHUSTER WAY, ,Major Arterial,Toronto and East York,43.639745,-79.42359,Intersection,At Intersection,Traffic Signal,Clear,Dark,Dry,Non-Fatal Injury,Rear End,Driver,30 to 34,None,0,West,"Automobile, Station Wagon",Going Ahead,Other,Normal, , , , , , , ,Yes,Yes, , , , , , , , , , ,14,,,85,,961
-79.42359,43.639745,6149393,1171639,2010,2010-06-04T04:00:00.000Z,310,3,KING ST W,JOE SHUSTER WAY, ,Major Arterial,Toronto and East York,43.639745,-79.42359,Intersection,At Intersection,Traffic Signal,Clear,Dark,Dry,Non-Fatal Injury,Rear End,Moped Driver,35 to 39,Major,0,West,"Automobile, Station Wagon",Going Ahead,Other,Had Been Drinking, , , , , , , ,Yes,Yes, , , , , , , , , , ,14,,,85,,962
-79.270908,43.687747,80560102,5000058130,2015,2015-01-11T05:00:00.000Z,338,3,KINGSTON RD,WARDEN AVE, ,Major Arterial,Scarborough,43.687747,-79.270908,Intersection,At Intersection,Traffic Signal,Clear,"Dark, artificial",Dry,Non-Fatal Injury,Cyclist Collisions,Cyclist,25 to 29,Major,0,East,Bicycle,Other, , , , , ,Cyclist and Driver travelling in same direction. One vehicle sideswipes the other.,Disobeyed Traffic Control,Unknown, ,Yes,Yes, , , , , , , , , , ,41,,,122,,963
-79.270908,43.687747,80560103,5000058130,2015,2015-01-11T05:00:00.000Z,338,3,KINGSTON RD,WARDEN AVE, ,Major Arterial,Scarborough,43.687747,-79.270908,Intersection,At Intersection,Traffic Signal,Clear,"Dark, artificial",Dry,Non-Fatal Injury,Cyclist Collisions,Driver,40 to 44,None,0,East,"Automobile, Station Wagon",Going Ahead,Driving Properly,Normal, , , , , , , ,Yes,Yes, , , , , , , , , , ,41,,,122,,964
-79.43996,43.650939,80503244,6000478020,2016,2016-03-20T04:00:00.000Z,344,3,COLLEGE ST,LANSDOWNE AVE, ,Minor Arterial,Toronto and East York,43.650939,-79.43996,Intersection,At Intersection,Traffic Signal,Clear,"Dark, artificial",Dry,Non-Fatal Injury,Cyclist Collisions,Driver,40 to 44,None,0,West,"Automobile, Station Wagon",Turning Left,Failed to Yield Right of Way,Inattentive, , , , , , , ,Yes,Yes, , , , ,Yes, ,Yes, , , ,11,,,83,,965
-79.43996,43.650939,80503245,6000478020,2016,2016-03-20T04:00:00.000Z,344,3,COLLEGE ST,LANSDOWNE AVE, ,Minor Arterial,Toronto and East York,43.650939,-79.43996,Intersection,At Intersection,Traffic Signal,Clear,"Dark, artificial",Dry,Non-Fatal Injury,Cyclist Collisions,Cyclist,30 to 34,Major,0,East,Bicycle,Going Ahead, , , , , ,Motorist turned left across cyclists path.,Other,Had Been Drinking, ,Yes,Yes, , , , ,Yes, ,Yes, , , ,11,,,83,,966
-79.43996,43.650939,80503246,6000478020,2016,2016-03-20T04:00:00.000Z,344,3,COLLEGE ST,LANSDOWNE AVE, ,Minor Arterial,Toronto and East York,43.650939,-79.43996,Intersection,At Intersection,Traffic Signal,Clear,"Dark, artificial",Dry,Non-Fatal Injury,Cyclist Collisions,Passenger,40 to 44,None,0, , , , , , , , , , , , ,Yes,Yes, , , , ,Yes, ,Yes, , , ,11,,,83,,967
-79.44399,43.658045,7793634,1345603,2013,2013-03-10T05:00:00.000Z,400,4,BLOOR ST W,ST HELENS AVE, ,Major Arterial,Toronto and East York,43.658045,-79.44399,Intersection,At Intersection,Stop Sign,Clear,"Dark, artificial",Dry,Non-Fatal Injury,Cyclist Collisions,Passenger,20 to 24,Minimal,0, ,Other, , , , , , , , , , ,Yes,Yes, , , , ,Yes, , , , , ,11,,,83,,968
-79.44399,43.658045,7793635,1345603,2013,2013-03-10T05:00:00.000Z,400,4,BLOOR ST W,ST HELENS AVE, ,Major Arterial,Toronto and East York,43.658045,-79.44399,Intersection,At Intersection,Stop Sign,Clear,"Dark, artificial",Dry,Non-Fatal Injury,Cyclist Collisions,Driver,30 to 34,None,0,West,"Automobile, Station Wagon",Going Ahead,Driving Properly,Normal, , , , , , , ,Yes,Yes, , , , ,Yes, , , , , ,11,,,83,,969
-79.44399,43.658045,7793636,1345603,2013,2013-03-10T05:00:00.000Z,400,4,BLOOR ST W,ST HELENS AVE, ,Major Arterial,Toronto and East York,43.658045,-79.44399,Intersection,At Intersection,Stop Sign,Clear,"Dark, artificial",Dry,Non-Fatal Injury,Cyclist Collisions,Cyclist,20 to 24,Major,0,North,Bicycle,Turning Right, , , , , ,Cyclist turns right across motorists path,Improper Turn,Other, ,Yes,Yes, , , , ,Yes, , , , , ,11,,,83,,970
-79.399638,43.636473,7895115,1388488,2013,2013-11-01T04:00:00.000Z,500,5,LAKE SHORE BLVD W,BATHURST ST, ,Major Arterial,Toronto and East York,43.636473,-79.399638,Intersection, ,Traffic Signal,Rain,Dark,Wet,Non-Fatal Injury,Cyclist Collisions,Cyclist,30 to 34,Major,0,South,Bicycle,Going Ahead, , , , , ,Cyclist and Driver travelling in same direction. One vehicle rear-ended the other.,Disobeyed Traffic Control,Inattentive, ,Yes,Yes, , , , , , , , , , ,14,,,77,,971
-79.399638,43.636473,7895116,1388488,2013,2013-11-01T04:00:00.000Z,500,5,LAKE SHORE BLVD W,BATHURST ST, ,Major Arterial,Toronto and East York,43.636473,-79.399638,Intersection, ,Traffic Signal,Rain,Dark,Wet,Non-Fatal Injury,Cyclist Collisions,Driver,20 to 24,None,0,West,"Automobile, Station Wagon",Going Ahead,Driving Properly,Normal, , , , , , , ,Yes,Yes, , , , , , , , , , ,14,,,77,,972
-79.40709,43.674845,6581555,1210091,2011,2011-01-01T05:00:00.000Z,513,5,SPADINA RD,DUPONT ST, ,Major Arterial,Toronto and East York,43.674845,-79.40709,Intersection,At Intersection,Traffic Signal,Clear,Dark,Wet,Non-Fatal Injury,Cyclist Collisions,Driver,60 to 64,None,0,South,"Automobile, Station Wagon",Turning Left,Failed to Yield Right of Way,Normal, , , , , , , ,Yes,Yes, , , , , , ,Yes, , , ,"14,53",,,95,,973
-79.40709,43.674845,6581556,1210091,2011,2011-01-01T05:00:00.000Z,513,5,SPADINA RD,DUPONT ST, ,Major Arterial,Toronto and East York,43.674845,-79.40709,Intersection,At Intersection,Traffic Signal,Clear,Dark,Wet,Non-Fatal Injury,Cyclist Collisions,Cyclist,20 to 24,Major,0,North,Bicycle,Going Ahead, , , , , ,Motorist turned left across cyclists path.,Driving Properly,Had Been Drinking, ,Yes,Yes, , , , , , ,Yes, , , ,"14,53",,,95,,974
-79.25129,43.771545,7411978,1292881,2012,2012-03-16T04:00:00.000Z,534,5,MCCOWAN Rd,ELLESMERE Rd, ,Major Arterial,Scarborough,43.771545,-79.25129,Mid-Block, ,No Control,Clear,"Dark, artificial",Dry,Non-Fatal Injury,Cyclist Collisions,Driver,25 to 29,None,0,North,"Automobile, Station Wagon",Going Ahead,Improper Passing,Normal, , , , , , , ,Yes,Yes, , , , , , ,Yes, , , ,43,,,137,,975
-79.25129,43.771545,7411979,1292881,2012,2012-03-16T04:00:00.000Z,534,5,MCCOWAN Rd,ELLESMERE Rd, ,Major Arterial,Scarborough,43.771545,-79.25129,Mid-Block, ,No Control,Clear,"Dark, artificial",Dry,Non-Fatal Injury,Cyclist Collisions,Cyclist,50 to 54,Major,0,North,Bicycle,Going Ahead, , , , , ,Cyclist and Driver travelling in same direction. One vehicle rear-ended the other.,Driving Properly,Normal, ,Yes,Yes, , , , , , ,Yes, , , ,43,,,137,,976
-79.40459,43.648845,7842401,1366444,2013,2013-06-02T04:00:00.000Z,535,5,BATHURST ST,ROBINSON ST, ,Major Arterial,Toronto and East York,43.648845,-79.40459,Intersection,At Intersection,Traffic Signal,Rain,"Dawn, artificial",Wet,Non-Fatal Injury,Cyclist Collisions,Vehicle Owner,unknown, ,0, ,Other, , , , , , , , , , ,Yes,Yes, , , , , , ,Yes, , , ,14,,,78,,977
-79.40459,43.648845,7842402,1366444,2013,2013-06-02T04:00:00.000Z,535,5,BATHURST ST,ROBINSON ST, ,Major Arterial,Toronto and East York,43.648845,-79.40459,Intersection,At Intersection,Traffic Signal,Rain,"Dawn, artificial",Wet,Non-Fatal Injury,Cyclist Collisions,Driver,25 to 29,None,0,North,"Automobile, Station Wagon",Turning Left,Failed to Yield Right of Way,Normal, , , , , , , ,Yes,Yes, , , , , , ,Yes, , , ,14,,,78,,978
-79.40459,43.648845,7842403,1366444,2013,2013-06-02T04:00:00.000Z,535,5,BATHURST ST,ROBINSON ST, ,Major Arterial,Toronto and East York,43.648845,-79.40459,Intersection,At Intersection,Traffic Signal,Rain,"Dawn, artificial",Wet,Non-Fatal Injury,Cyclist Collisions,Cyclist,35 to 39,Major,0,South,Bicycle,Going Ahead, , , , , ,Motorist turned left across cyclists path.,Driving Properly,Normal, ,Yes,Yes, , , , , , ,Yes, , , ,14,,,78,,979
-79.23519,43.785345,6617136,1228987,2011,2011-04-20T04:00:00.000Z,538,5,MARKHAM RD,HIGHWAY 401 C  E, ,Expressway,Scarborough,43.785345,-79.23519,Mid-Block, ,No Control,Rain,Dark,Wet,Non-Fatal Injury,Cyclist Collisions,Driver,50 to 54,None,0,North,"Automobile, Station Wagon",Going Ahead,Speed too Fast For Condition,Inattentive, , , , , , , ,Yes,Yes, , , , , ,Yes,Yes, , , ,"42,43",,,137,,980
-79.23519,43.785345,6617137,1228987,2011,2011-04-20T04:00:00.000Z,538,5,MARKHAM RD,HIGHWAY 401 C  E, ,Expressway,Scarborough,43.785345,-79.23519,Mid-Block, ,No Control,Rain,Dark,Wet,Non-Fatal Injury,Cyclist Collisions,Cyclist,35 to 39,Major,0,North,Bicycle,Going Ahead, , , , , ,Cyclist and Driver travelling in same direction. One vehicle rear-ended the other.,Driving Properly,Normal, ,Yes,Yes, , , , , ,Yes,Yes, , , ,"42,43",,,137,,981
-79.270458,43.738246,7856672,1372585,2013,2013-08-28T04:00:00.000Z,545,5,KENNEDY RD,STRATTON AVE, ,Major Arterial,Scarborough,43.738246,-79.270458,Intersection, ,Stop Sign,Clear,Dark,Dry,Non-Fatal Injury,Cyclist Collisions,Driver,35 to 39,None,0,South,"Automobile, Station Wagon",Going Ahead,Driving Properly,Normal, , , , , , , ,Yes,Yes, , , , , , , , , , ,41,,,125,,982
-79.270458,43.738246,7856673,1372585,2013,2013-08-28T04:00:00.000Z,545,5,KENNEDY RD,STRATTON AVE, ,Major Arterial,Scarborough,43.738246,-79.270458,Intersection, ,Stop Sign,Clear,Dark,Dry,Non-Fatal Injury,Cyclist Collisions,Cyclist,40 to 44,Major,0,West,Bicycle,Going Ahead, , , , , ,"Cyclist without ROW rides into path of motorist at inter, lnwy, dwy-Cyclist not turn.",Failed to Yield Right of Way,Inattentive, ,Yes,Yes, , , , , , , , , , ,41,,,125,,983
-79.48839,43.753045,5808638,1139402,2009,2009-11-06T05:00:00.000Z,600,6,3655 KEELE ST, , ,Major Arterial,North York,43.753045,-79.48839,Mid-Block, ,No Control,Clear,Dark,Dry,Non-Fatal Injury,Turning Movement,Driver,25 to 29,None,0,South, ,Turning Left,Improper Turn,Normal, , , , , , , ,Yes, , , , , , , , , , , ,31,,,27,,984
-79.48839,43.753045,5808639,1139402,2009,2009-11-06T05:00:00.000Z,600,6,3655 KEELE ST, , ,Major Arterial,North York,43.753045,-79.48839,Mid-Block, ,No Control,Clear,Dark,Dry,Non-Fatal Injury,Turning Movement,Moped Driver,55 to 59,Major,0,North,Moped,Going Ahead,Driving Properly,Normal, , , , , , , ,Yes, , , , , , , , , , , ,31,,,27,,985
-79.26449,43.724045,7476109,1320057,2012,2012-09-06T04:00:00.000Z,615,6,KENNEDY RD,FOXRIDGE DR, ,Major Arterial,Scarborough,43.724045,-79.26449,Intersection,At Intersection,No Control,Clear,"Daylight, artificial",Dry,Non-Fatal Injury,Cyclist Collisions,Driver,50 to 54,None,0,North,"Automobile, Station Wagon",Turning Left,Failed to Yield Right of Way,Normal, , , , , , , ,Yes,Yes, , , , , , ,Yes, , , ,41,,,124,,986
-79.26449,43.724045,7476110,1320057,2012,2012-09-06T04:00:00.000Z,615,6,KENNEDY RD,FOXRIDGE DR, ,Major Arterial,Scarborough,43.724045,-79.26449,Intersection,At Intersection,No Control,Clear,"Daylight, artificial",Dry,Non-Fatal Injury,Cyclist Collisions,Cyclist,35 to 39,Major,0,South,Bicycle,Going Ahead, , , , , ,Motorist turned left across cyclists path.,Driving Properly,Normal, ,Yes,Yes, , , , , , ,Yes, , , ,41,,,124,,987
-79.50589,43.709145,7491581,1326621,2012,2012-10-10T04:00:00.000Z,617,6,CHURCH St,JANE St, ,Collector,Etobicoke York,43.709145,-79.50589,Mid-Block, ,No Control,Clear,"Dark, artificial",Dry,Non-Fatal Injury,Cyclist Collisions,Vehicle Owner,unknown, ,0, ,Other, , , , , , , , , , ,Yes,Yes, , , , , , ,Yes, , , ,12,,,113,,988
-79.50589,43.709145,7491582,1326621,2012,2012-10-10T04:00:00.000Z,617,6,CHURCH St,JANE St, ,Collector,Etobicoke York,43.709145,-79.50589,Mid-Block, ,No Control,Clear,"Dark, artificial",Dry,Non-Fatal Injury,Cyclist Collisions,Driver,25 to 29,None,0,East,"Automobile, Station Wagon",Turning Left,Failed to Yield Right of Way,Normal, , , , , , , ,Yes,Yes, , , , , , ,Yes, , , ,12,,,113,,989
-79.50589,43.709145,7491583,1326621,2012,2012-10-10T04:00:00.000Z,617,6,CHURCH St,JANE St, ,Collector,Etobicoke York,43.709145,-79.50589,Mid-Block, ,No Control,Clear,"Dark, artificial",Dry,Non-Fatal Injury,Cyclist Collisions,Cyclist,30 to 34,Major,0,West,Bicycle,Going Ahead, , , , , ,Motorist turned left across cyclists path.,Driving Properly,Normal, ,Yes,Yes, , , , , , ,Yes, , , ,12,,,113,,990
-79.27329,43.767445,5795765,1143058,2009,2009-11-26T05:00:00.000Z,630,6,1050 ELLESMERE Rd, , ,Major Arterial,Scarborough,43.767445,-79.27329,Mid-Block, ,No Control,Rain,Dark,Wet,Non-Fatal Injury,Cyclist Collisions,Driver,70 to 74,None,0,East,"Automobile, Station Wagon",Going Ahead,Failed to Yield Right of Way,Inattentive, , , , , , , ,Yes,Yes, , , , , , ,Yes, , , ,41,,,126,,991
-79.27329,43.767445,5795766,1143058,2009,2009-11-26T05:00:00.000Z,630,6,1050 ELLESMERE Rd, , ,Major Arterial,Scarborough,43.767445,-79.27329,Mid-Block, ,No Control,Rain,Dark,Wet,Non-Fatal Injury,Cyclist Collisions,Cyclist,40 to 44,Major,0,East,Bicycle,Going Ahead, , , , , ,Cyclist and Driver travelling in same direction. One vehicle rear-ended the other.,Driving Properly,Normal, ,Yes,Yes, , , , , , ,Yes, , , ,41,,,126,,992
-79.406482,43.656649,80503369,6000543310,2016,2016-03-31T04:00:00.000Z,637,6,COLLEGE ST,LIPPINCOTT ST,1 m East of,Major Arterial,Toronto and East York,43.656649,-79.406482,Intersection,At Intersection,Stop Sign,Rain,"Daylight, artificial",Wet,Non-Fatal Injury,Cyclist Collisions,Cyclist,65 to 69,Major,0,South,Bicycle,Going Ahead, , , , , ,"Cyclist without ROW rides into path of motorist at inter, lnwy, dwy-Cyclist not turn.",Disobeyed Traffic Control,Inattentive, ,Yes,Yes, , , , ,Yes, , , , , ,14,,,78,,993
-79.406482,43.656649,80503370,6000543310,2016,2016-03-31T04:00:00.000Z,637,6,COLLEGE ST,LIPPINCOTT ST,1 m East of,Major Arterial,Toronto and East York,43.656649,-79.406482,Intersection,At Intersection,Stop Sign,Rain,"Daylight, artificial",Wet,Non-Fatal Injury,Cyclist Collisions,Driver,65 to 69,None,0,West,"Automobile, Station Wagon",Going Ahead,Driving Properly,Normal, , , , , , , ,Yes,Yes, , , , ,Yes, , , , , ,14,,,78,,994
-79.406482,43.656649,80503371,6000543310,2016,2016-03-31T04:00:00.000Z,637,6,COLLEGE ST,LIPPINCOTT ST,1 m East of,Major Arterial,Toronto and East York,43.656649,-79.406482,Intersection,At Intersection,Stop Sign,Rain,"Daylight, artificial",Wet,Non-Fatal Injury,Cyclist Collisions,Passenger,60 to 64,None,0, , , , , , , , , , , , ,Yes,Yes, , , , ,Yes, , , , , ,14,,,78,,995
-79.440799,43.672553,80495499,5002178129,2015,2015-12-20T05:00:00.000Z,639,6,DUFFERIN ST,DAVENPORT RD,41 m South of,Major Arterial,Toronto and East York,43.672553,-79.440799,Mid-Block,Intersection Related,No Control,Clear,"Dark, artificial",Dry,Non-Fatal Injury,Cyclist Collisions,Cyclist,30 to 34,Major,0,West,Bicycle,Going Ahead, , , , , ,"Cyclist without ROW rides into path of motorist at inter, lnwy, dwy-Cyclist not turn.",Failed to Yield Right of Way,"Ability Impaired, Alcohol", ,Yes,Yes, , , , , , , , , , ,13,,,93,,996
-79.440799,43.672553,80495500,5002178129,2015,2015-12-20T05:00:00.000Z,639,6,DUFFERIN ST,DAVENPORT RD,41 m South of,Major Arterial,Toronto and East York,43.672553,-79.440799,Mid-Block,Intersection Related,No Control,Clear,"Dark, artificial",Dry,Non-Fatal Injury,Cyclist Collisions,Driver,35 to 39,None,0,South,"Automobile, Station Wagon",Going Ahead,Driving Properly,Normal, , , , , , , ,Yes,Yes, , , , , , , , , , ,13,,,93,,997
-79.44479,43.680945,7437666,1303942,2012,2012-05-21T04:00:00.000Z,640,6,GOODWOOD AVE,SELLERS AVE, ,Local,Toronto and East York,43.680945,-79.44479,Mid-Block, ,No Control,Clear,Daylight,Dry,Non-Fatal Injury,Cyclist Collisions,Vehicle Owner,unknown, ,0, ,Other, , , , , , , , , , ,Yes,Yes, , , , , , , , , , ,13,,,92,,998
-79.44479,43.680945,7437667,1303942,2012,2012-05-21T04:00:00.000Z,640,6,GOODWOOD AVE,SELLERS AVE, ,Local,Toronto and East York,43.680945,-79.44479,Mid-Block, ,No Control,Clear,Daylight,Dry,Non-Fatal Injury,Cyclist Collisions,Driver,25 to 29,None,0,West,"Automobile, Station Wagon",Going Ahead,Driving Properly,Normal, , , , , , , ,Yes,Yes, , , , , , , , , , ,13,,,92,,999
-79.44479,43.680945,7437668,1303942,2012,2012-05-21T04:00:00.000Z,640,6,GOODWOOD AVE,SELLERS AVE, ,Local,Toronto and East York,43.680945,-79.44479,Mid-Block, ,No Control,Clear,Daylight,Dry,Non-Fatal Injury,Cyclist Collisions,Cyclist,10 to 14,Major,0,South,Bicycle,Going Ahead, , , , , ,"Cyclist without ROW rides into path of motorist at inter, lnwy, dwy-Cyclist not turn.",Failed to Yield Right of Way,Inattentive, ,Yes,Yes, , , , , , , , , , ,13,,,92,,1000
-79.563464,43.653208,80632056,6001283246,2016,2016-07-21T04:00:00.000Z,2127,21,THE EAST MALL,RATHBURN RD,137 m South of,Minor Arterial,Etobicoke York,43.653208,-79.563464,Mid-Block,Non Intersection,No Control,Clear,"Dark, artificial",Dry,Non-Fatal Injury,Cyclist Collisions,Passenger,35 to 39,None,0, , , , , , , , , , , , ,Yes,Yes, , , , ,Yes, , , , , ,22,,,14,,1001
-79.420291,43.654845,7892790,1387644,2013,2013-09-26T04:00:00.000Z,1830,18,COLLEGE St,SHAW St, ,Major Arterial,Toronto and East York,43.654845,-79.420291,Intersection, ,Stop Sign,Clear,Daylight,Dry,Non-Fatal Injury,Cyclist Collisions,Driver,25 to 29,None,0,South,"Automobile, Station Wagon",Turning Left,Failed to Yield Right of Way,Inattentive, , , , , , , ,Yes,Yes, , , , , , ,Yes, , , ,14,,,81,,1002
-79.43309,43.676245,6645162,1240985,2011,2011-05-07T04:00:00.000Z,2128,21,MOUNT ROYAL Aven,THOME Cres, ,Local,Toronto and East York,43.676245,-79.43309,Intersection,At Intersection,Stop Sign,Clear,Dark,Dry,Non-Fatal Injury,Cyclist Collisions,Vehicle Owner,unknown, ,0, ,Other, , , , , , , , , , ,Yes,Yes, , , , , , ,Yes, , , ,13,,,94,,1003
-79.43309,43.676245,6645163,1240985,2011,2011-05-07T04:00:00.000Z,2128,21,MOUNT ROYAL Aven,THOME Cres, ,Local,Toronto and East York,43.676245,-79.43309,Intersection,At Intersection,Stop Sign,Clear,Dark,Dry,Non-Fatal Injury,Cyclist Collisions,Driver,70 to 74,None,0,North,"Automobile, Station Wagon",Turning Left,Failed to Yield Right of Way,Inattentive, , , , , , , ,Yes,Yes, , , , , , ,Yes, , , ,13,,,94,,1004
-79.420291,43.654845,7892791,1387644,2013,2013-09-26T04:00:00.000Z,1830,18,COLLEGE St,SHAW St, ,Major Arterial,Toronto and East York,43.654845,-79.420291,Intersection, ,Stop Sign,Clear,Daylight,Dry,Non-Fatal Injury,Cyclist Collisions,Cyclist,40 to 44,Major,0,West,Bicycle,Going Ahead, , , , , ,Motorist turned left across cyclists path.,Driving Properly,Normal, ,Yes,Yes, , , , , , ,Yes, , , ,14,,,81,,1005
-79.43309,43.676245,6645164,1240985,2011,2011-05-07T04:00:00.000Z,2128,21,MOUNT ROYAL Aven,THOME Cres, ,Local,Toronto and East York,43.676245,-79.43309,Intersection,At Intersection,Stop Sign,Clear,Dark,Dry,Non-Fatal Injury,Cyclist Collisions,Cyclist,85 to 89,Major,0,South,Bicycle,Going Ahead, , , , , ,Motorist turned left across cyclists path.,Driving Properly,Normal, ,Yes,Yes, , , , , , ,Yes, , , ,13,,,94,,1006
-79.381549,43.661402,80238359,5000780857,2015,2015-05-10T04:00:00.000Z,1830,18,50 CARLTON ST, ,4 m South of,Major Arterial,Toronto and East York,43.661402,-79.381549,Mid-Block,Non Intersection,No Control,Clear,Daylight,Dry,Non-Fatal Injury,Cyclist Collisions,Cyclist,60 to 64,Major,0,East,Bicycle,Changing Lanes, , , , , ,Cyclist and Driver travelling in same direction. One vehicle sideswipes the other.,Improper Lane Change,Had Been Drinking, ,Yes, , ,Yes, , , , , , , , ,51,,,75,,1007
-79.47289,43.651845,6688357,1259578,2011,2011-08-19T04:00:00.000Z,2128,21,BLOOR ST W,HARCROFT RD, ,Major Arterial,Toronto and East York,43.651845,-79.47289,Intersection, ,No Control,Clear,Dark,Dry,Non-Fatal Injury,Cyclist Collisions,Driver,unknown,None,0,East,"Automobile, Station Wagon",Overtaking,Improper Passing,Unknown, , , , , , , ,Yes,Yes, , , , , , ,Yes, , , ,11,,,87,,1008