X,Y,Index_,ACCNUM,YEAR,DATE,TIME,Hour,STREET1,STREET2,OFFSET,ROAD_CLASS,District,LATITUDE,LONGITUDE,LOCCOORD,ACCLOC,TRAFFCTL,VISIBILITY,LIGHT,RDSFCOND,ACCLASS,IMPACTYPE,INVTYPE,INVAGE,INJURY,FATAL_NO,INITDIR,VEHTYPE,MANOEUVER,DRIVACT,DRIVCOND,PEDTYPE,PEDACT,PEDCOND,CYCLISTYPE,CYCACT,CYCCOND,PEDESTRIAN,CYCLIST,AUTOMOBILE,MOTORCYCLE,TRUCK,TRSN_CITY_,EMERG_VEH,PASSENGER,SPEEDING,AG_DRIV,REDLIGHT,ALCOHOL,DISABILITY,Division,Ward_Name,Ward_ID,Hood_ID,Hood_Name,ObjectId
-79.381549,43.661402,80238360,5000780857,2015,2015-05-10T04:00:00.000Z,1830,18,50 CARLTON ST, ,4 m South of,Major Arterial,Toronto and East York,43.661402,-79.381549,Mid-Block,Non Intersection,No Control,Clear,Daylight,Dry,Non-Fatal Injury,Cyclist Collisions,Truck Driver,45 to 49,None,0,West,"Truck - Closed (Blazer, etc)",Going Ahead,Driving Properly,Normal, , , , , , , ,Yes, , ,Yes, , , , , , , , ,51,,,75,,1009
-79.47289,43.651845,6688358,1259578,2011,2011-08-19T04:00:00.000Z,2128,21,BLOOR ST W,HARCROFT RD, ,Major Arterial,Toronto and East York,43.651845,-79.47289,Intersection, ,No Control,Clear,Dark,Dry,Non-Fatal Injury,Cyclist Collisions,Cyclist,45 to 49,Major,0,East,Bicycle,Going Ahead, , , , , ,Cyclist and Driver travelling in same direction. One vehicle sideswipes the other.,Driving Properly,Normal, ,Yes,Yes, , , , , , ,Yes, , , ,11,,,87,,1010
-79.402156,43.725032,80240865,5000955442,2015,2015-06-07T04:00:00.000Z,1830,18,YONGE ST,LAWRENCE AVE E, ,Major Arterial,North York,43.725032,-79.402156,Intersection,At Intersection,Traffic Signal,Clear,Daylight,Dry,Non-Fatal Injury,Cyclist Collisions,Cyclist,50 to 54,Major,0,North,Bicycle,Going Ahead, , , , , ,Cyclist and Driver travelling in same direction. One vehicle sideswipes the other.,Lost control,Normal, ,Yes, , , ,Yes, , , , , , , ,"32,53",,,103,,1011
-79.45882,43.67483,80944723,8001034649,2018,2018-06-07T04:00:00.000Z,2128,21,BLACKTHORN AVE,ST CLAIR AVE W,33 m North of,Local,Toronto and East York,43.67483,-79.45882,Intersection,Laneway,No Control,Clear,"Dark, artificial",Dry,Non-Fatal Injury,Cyclist Collisions,Driver,50 to 54,Minor,0,South,Pick Up Truck,Turning Left,Other,Normal, , , , , , , ,Yes,Yes, , , , , , , , , , ,12,,,91,,1012
-79.402156,43.725032,80240866,5000955442,2015,2015-06-07T04:00:00.000Z,1830,18,YONGE ST,LAWRENCE AVE E, ,Major Arterial,North York,43.725032,-79.402156,Intersection,At Intersection,Traffic Signal,Clear,Daylight,Dry,Non-Fatal Injury,Cyclist Collisions,Driver,45 to 49,None,0,North,Municipal Transit Bus (TTC),Going Ahead,Driving Properly,Normal, , , , , , , ,Yes, , , ,Yes, , , , , , , ,"32,53",,,103,,1013
-79.45882,43.67483,80944724,8001034649,2018,2018-06-07T04:00:00.000Z,2128,21,BLACKTHORN AVE,ST CLAIR AVE W,33 m North of,Local,Toronto and East York,43.67483,-79.45882,Intersection,Laneway,No Control,Clear,"Dark, artificial",Dry,Non-Fatal Injury,Cyclist Collisions,Cyclist,55 to 59,Major,0,North,Bicycle,Going Ahead, , , , , ,Motorist turned left across cyclists path.,Other,Unknown, ,Yes,Yes, , , , , , , , , , ,12,,,91,,1014
-79.402004,43.642199,80491000,5001821227,2015,2015-10-22T04:00:00.000Z,2130,21,BATHURST ST,NIAGARA ST,25 m South of,Major Arterial,Toronto and East York,43.642199,-79.402004,Intersection,At/Near Private Drive,Traffic Signal,Clear,"Dark, artificial",Dry,Non-Fatal Injury,Cyclist Collisions,Cyclist,30 to 34,Major,0,West,Bicycle,Turning Left, , , , , ,Cyclist turned left across motorists path.,Speed too Fast For Condition,Inattentive, ,Yes,Yes, , , , , , , , , , ,14,,,77,,1015
-79.402004,43.642199,80491001,5001821227,2015,2015-10-22T04:00:00.000Z,2130,21,BATHURST ST,NIAGARA ST,25 m South of,Major Arterial,Toronto and East York,43.642199,-79.402004,Intersection,At/Near Private Drive,Traffic Signal,Clear,"Dark, artificial",Dry,Non-Fatal Injury,Cyclist Collisions,Driver,20 to 24,None,0,North,"Automobile, Station Wagon",Turning Left,Driving Properly,Normal, , , , , , , ,Yes,Yes, , , , , , , , , , ,14,,,77,,1016
-79.189586,43.767646,7527653,1307650,2012,2012-07-27T04:00:00.000Z,2133,21,KINGSTON RD,LAWRENCE AVE E, ,Major Arterial,Scarborough,43.767646,-79.189586,Intersection,At Intersection,Traffic Signal,Clear,"Dusk, artificial",Dry,Fatal,Cyclist Collisions,Vehicle Owner,unknown, ,0, ,Other, , , , , , , , , , ,Yes,Yes, , , , , , , , , , ,43,,,136,,1017
-79.189586,43.767646,7527654,1307650,2012,2012-07-27T04:00:00.000Z,2133,21,KINGSTON RD,LAWRENCE AVE E, ,Major Arterial,Scarborough,43.767646,-79.189586,Intersection,At Intersection,Traffic Signal,Clear,"Dusk, artificial",Dry,Fatal,Cyclist Collisions,Driver,15 to 19,None,0,East,"Automobile, Station Wagon",Going Ahead,Driving Properly,Normal, , , , , , , ,Yes,Yes, , , , , , , , , , ,43,,,136,,1018
-79.189586,43.767646,7527655,1307650,2012,2012-07-27T04:00:00.000Z,2133,21,KINGSTON RD,LAWRENCE AVE E, ,Major Arterial,Scarborough,43.767646,-79.189586,Intersection,At Intersection,Traffic Signal,Clear,"Dusk, artificial",Dry,Fatal,Cyclist Collisions,Cyclist,15 to 19,Fatal,24,South,Bicycle,Going Ahead, , , , , ,"Cyclist without ROW rides into path of motorist at inter, lnwy, dwy-Cyclist not turn.",Disobeyed Traffic Control,Unknown, ,Yes,Yes, , , , , , , , , , ,43,,,136,,1019
-79.48429,43.659045,5253167,1110667,2009,2009-05-22T04:00:00.000Z,2135,21,675 ANNETTE Stre, , ,Minor Arterial,Toronto and East York,43.659045,-79.48429,Mid-Block, ,No Control,Clear,Dark,Dry,Non-Fatal Injury,Cyclist Collisions,Driver,35 to 39,None,0,East,"Automobile, Station Wagon",Going Ahead,Following too Close,Normal, , , , , , , ,Yes,Yes, , , , , , ,Yes, , , ,11,,,89,,1020
-79.48429,43.659045,5253168,1110667,2009,2009-05-22T04:00:00.000Z,2135,21,675 ANNETTE Stre, , ,Minor Arterial,Toronto and East York,43.659045,-79.48429,Mid-Block, ,No Control,Clear,Dark,Dry,Non-Fatal Injury,Cyclist Collisions,Cyclist,15 to 19,Major,0,East,Bicycle,Turning Left, , , , , ,Cyclist and Driver travelling in same direction. One vehicle rear-ended the other.,Other,Normal, ,Yes,Yes, , , , , , ,Yes, , , ,11,,,89,,1021
-79.264797,43.698958,80251660,5001672708,2015,2015-09-27T04:00:00.000Z,2136,21,336 BIRCHMOUNT RD, ,3 m South of,Minor Arterial,Scarborough,43.698958,-79.264797,Mid-Block,Non Intersection,No Control,Clear,"Dark, artificial",Dry,Non-Fatal Injury,Cyclist Collisions,Driver,65 to 69,None,0,South,"Automobile, Station Wagon",Going Ahead,Following too Close,Inattentive, , , , , , , ,Yes,Yes, , , , , , ,Yes, , , ,41,,,122,,1022
-79.264797,43.698958,80251661,5001672708,2015,2015-09-27T04:00:00.000Z,2136,21,336 BIRCHMOUNT RD, ,3 m South of,Minor Arterial,Scarborough,43.698958,-79.264797,Mid-Block,Non Intersection,No Control,Clear,"Dark, artificial",Dry,Non-Fatal Injury,Cyclist Collisions,Cyclist,35 to 39,Major,0,South,Bicycle,Stopped, , , , , ,Cyclist and Driver travelling in same direction. One vehicle rear-ended the other.,Driving Properly,Normal, ,Yes,Yes, , , , , , ,Yes, , , ,41,,,122,,1023
-79.38949,43.676945,7492267,1326911,2012,2012-10-11T04:00:00.000Z,2140,21,YONGE St,CRESCENT Rd, ,Major Arterial,Toronto and East York,43.676945,-79.38949,Intersection,At Intersection,Traffic Signal,Clear,"Dark, artificial",Dry,Non-Fatal Injury,Cyclist Collisions,Driver,75 to 79,None,0,South,"Automobile, Station Wagon",Turning Left,Failed to Yield Right of Way,Inattentive, , , , , , , ,Yes,Yes, , , , , , ,Yes, , , ,53,,,98,,1024
-79.38949,43.676945,7492268,1326911,2012,2012-10-11T04:00:00.000Z,2140,21,YONGE St,CRESCENT Rd, ,Major Arterial,Toronto and East York,43.676945,-79.38949,Intersection,At Intersection,Traffic Signal,Clear,"Dark, artificial",Dry,Non-Fatal Injury,Cyclist Collisions,Cyclist,20 to 24,Major,0,North,Bicycle,Going Ahead, , , , , ,Motorist turned left across cyclists path.,Driving Properly,Normal, ,Yes,Yes, , , , , , ,Yes, , , ,53,,,98,,1025
-79.403972,43.647116,7891610,1387238,2013,2013-09-21T04:00:00.000Z,2140,21,QUEEN ST W,BATHURST ST, ,Major Arterial,Toronto and East York,43.647116,-79.403972,Intersection,At Intersection,Traffic Signal,Clear,"Dark, artificial",Dry,Non-Fatal Injury,Cyclist Collisions,Driver,15 to 19,None,0,East,"Automobile, Station Wagon",Changing Lanes,Improper Lane Change,Had Been Drinking, , , , , , , ,Yes,Yes, , , , , , , , , , ,14,,,77,,1026
-79.403972,43.647116,7891611,1387238,2013,2013-09-21T04:00:00.000Z,2140,21,QUEEN ST W,BATHURST ST, ,Major Arterial,Toronto and East York,43.647116,-79.403972,Intersection,At Intersection,Traffic Signal,Clear,"Dark, artificial",Dry,Non-Fatal Injury,Cyclist Collisions,Cyclist,40 to 44,Major,0,East,Bicycle,Going Ahead, , , , , ,Cyclist and Driver travelling in same direction. One vehicle sideswipes the other.,Driving Properly,Normal, ,Yes,Yes, , , , , , , , , , ,14,,,77,,1027
-79.40209,43.636045,6182149,1185727,2010,2010-07-20T04:00:00.000Z,2141,21,FLEET ST,FLEET LAKE SHORE BLVD RAMP ST, ,Major Arterial,Toronto and East York,43.636045,-79.40209,Mid-Block, ,Traffic Signal,Clear,Dark,Dry,Non-Fatal Injury,Cyclist Collisions,Vehicle Owner,unknown, ,0, ,Other, , , , , , , , , , ,Yes, , , ,Yes, , , , , , , ,14,,,82,,1028
-79.40209,43.636045,6182150,1185727,2010,2010-07-20T04:00:00.000Z,2141,21,FLEET ST,FLEET LAKE SHORE BLVD RAMP ST, ,Major Arterial,Toronto and East York,43.636045,-79.40209,Mid-Block, ,Traffic Signal,Clear,Dark,Dry,Non-Fatal Injury,Cyclist Collisions,Driver,50 to 54,None,0,West,Municipal Transit Bus (TTC),Going Ahead,Driving Properly,Normal, , , , , , , ,Yes, , , ,Yes, , , , , , , ,14,,,82,,1029
-79.40209,43.636045,6182151,1185727,2010,2010-07-20T04:00:00.000Z,2141,21,FLEET ST,FLEET LAKE SHORE BLVD RAMP ST, ,Major Arterial,Toronto and East York,43.636045,-79.40209,Mid-Block, ,Traffic Signal,Clear,Dark,Dry,Non-Fatal Injury,Cyclist Collisions,Cyclist,50 to 54,Major,0,North,Bicycle,Going Ahead, , , , , ,"Cyclist without ROW rides into path of motorist at inter, lnwy, dwy-Cyclist not turn.",Disobeyed Traffic Control,Normal, ,Yes, , , ,Yes, , , , , , , ,14,,,82,,1030
-79.404529,43.73429,80781828,7001580093,2017,2017-08-31T04:00:00.000Z,2141,21,YONGE ST,YONGE BLVD, ,Major Arterial,North York,43.73429,-79.404529,Intersection,At Intersection,Traffic Controller,Clear,"Daylight, artificial",Dry,Non-Fatal Injury,Cyclist Collisions,Driver,20 to 24,None,0,East,Pick Up Truck,Turning Right,Improper Turn,Normal, , , , , , , ,Yes,Yes, , , , , , , , , , ,32,,,41,,1031
-79.404529,43.73429,80781829,7001580093,2017,2017-08-31T04:00:00.000Z,2141,21,YONGE ST,YONGE BLVD, ,Major Arterial,North York,43.73429,-79.404529,Intersection,At Intersection,Traffic Controller,Clear,"Daylight, artificial",Dry,Non-Fatal Injury,Cyclist Collisions,Cyclist,20 to 24,Major,0,North,Bicycle,Going Ahead, , , , , ,Motorist turning right on red at signalized intersection strikes cyclist.,Improper Passing,Normal, ,Yes,Yes, , , , , , , , , , ,32,,,41,,1032
-79.343715,43.775824,7491963,1326780,2012,2012-10-11T04:00:00.000Z,2148,21,SHEPPARD AVE E,PARKWAY FOREST DR, ,Major Arterial,North York,43.775824,-79.343715,Intersection,At Intersection,Traffic Signal,Rain,Dark,Wet,Non-Fatal Injury,Turning Movement,Vehicle Owner,unknown, ,0, ,Other, , , , , , , , , , ,Yes,Yes, , , , , , ,Yes, , , ,33,,,53,,1033
-79.343715,43.775824,7491964,1326780,2012,2012-10-11T04:00:00.000Z,2148,21,SHEPPARD AVE E,PARKWAY FOREST DR, ,Major Arterial,North York,43.775824,-79.343715,Intersection,At Intersection,Traffic Signal,Rain,Dark,Wet,Non-Fatal Injury,Turning Movement,Driver,35 to 39,None,0,West,"Automobile, Station Wagon",Turning Left,Failed to Yield Right of Way,Inattentive, , , , , , , ,Yes,Yes, , , , , , ,Yes, , , ,33,,,53,,1034
-79.343715,43.775824,7491965,1326780,2012,2012-10-11T04:00:00.000Z,2148,21,SHEPPARD AVE E,PARKWAY FOREST DR, ,Major Arterial,North York,43.775824,-79.343715,Intersection,At Intersection,Traffic Signal,Rain,Dark,Wet,Non-Fatal Injury,Turning Movement,Moped Driver,50 to 54,Major,0,East,Other,Going Ahead,Driving Properly,Normal, , , , , , , ,Yes,Yes, , , , , , ,Yes, , , ,33,,,53,,1035
-79.398639,43.654383,80559729,5000051256,2015,2015-01-09T05:00:00.000Z,2148,21,SPADINA AVE,ST ANDREW ST,6 m North of,Major Arterial,Toronto and East York,43.654383,-79.398639,Intersection,Intersection Related,Traffic Signal,Clear,"Dark, artificial",Wet,Non-Fatal Injury,Cyclist Collisions,Cyclist,35 to 39,Major,0,South,Bicycle,Turning Left, , , , , ,Cyclist turned left across motorists path.,Improper Turn,Had Been Drinking, ,Yes, , , ,Yes, , , , , , , ,"14,52",,,78,,1036
-79.398639,43.654383,80559730,5000051256,2015,2015-01-09T05:00:00.000Z,2148,21,SPADINA AVE,ST ANDREW ST,6 m North of,Major Arterial,Toronto and East York,43.654383,-79.398639,Intersection,Intersection Related,Traffic Signal,Clear,"Dark, artificial",Wet,Non-Fatal Injury,Cyclist Collisions,Driver,35 to 39,None,0,South,Street Car,Going Ahead,Driving Properly,Normal, , , , , , , ,Yes, , , ,Yes, , , , , , , ,"14,52",,,78,,1037
-79.391185,43.711058,80777025,7000925099,2017,2017-05-25T04:00:00.000Z,2150,21,MOUNT PLEASANT RD,BROADWAY AVE, ,Major Arterial,Toronto and East York,43.711058,-79.391185,Intersection,At Intersection,Traffic Signal,Rain,"Dark, artificial",Wet,Non-Fatal Injury,Cyclist Collisions,Driver,15 to 19,None,0,South,"Automobile, Station Wagon",Turning Left,Failed to Yield Right of Way,Inattentive, , , , , , , ,Yes,Yes, , , , ,Yes, ,Yes, , , ,53,,,99,,1038
-79.391185,43.711058,80777026,7000925099,2017,2017-05-25T04:00:00.000Z,2150,21,MOUNT PLEASANT RD,BROADWAY AVE, ,Major Arterial,Toronto and East York,43.711058,-79.391185,Intersection,At Intersection,Traffic Signal,Rain,"Dark, artificial",Wet,Non-Fatal Injury,Cyclist Collisions,Cyclist,65 to 69,Major,0,North,Bicycle,Going Ahead, , , , , ,Motorist turned left across cyclists path.,Driving Properly,Normal, ,Yes,Yes, , , , ,Yes, ,Yes, , , ,53,,,99,,1039
-79.391185,43.711058,80777027,7000925099,2017,2017-05-25T04:00:00.000Z,2150,21,MOUNT PLEASANT RD,BROADWAY AVE, ,Major Arterial,Toronto and East York,43.711058,-79.391185,Intersection,At Intersection,Traffic Signal,Rain,"Dark, artificial",Wet,Non-Fatal Injury,Cyclist Collisions,Passenger,15 to 19,None,0, , , , , , , , , , , , ,Yes,Yes, , , , ,Yes, ,Yes, , , ,53,,,99,,1040
-79.56599,43.642237,7858531,1373362,2013,2013-09-02T04:00:00.000Z,2152,21,THE WEST MALL,CIVIC CENTRE CRT, ,Minor Arterial,Etobicoke York,43.642237,-79.56599,Intersection, ,Traffic Signal,Clear,Dark,Dry,Non-Fatal Injury,Cyclist Collisions,Driver,unknown,None,0,West,"Automobile, Station Wagon",Turning Right,Failed to Yield Right of Way,Normal, , , , , , , ,Yes,Yes, , , , , , ,Yes, , , ,22,,,13,,1041
-79.56599,43.642237,7858532,1373362,2013,2013-09-02T04:00:00.000Z,2152,21,THE WEST MALL,CIVIC CENTRE CRT, ,Minor Arterial,Etobicoke York,43.642237,-79.56599,Intersection, ,Traffic Signal,Clear,Dark,Dry,Non-Fatal Injury,Cyclist Collisions,Cyclist,25 to 29,Major,0,North,Bicycle,Going Ahead, , , , , ,Motorist turning right on red at signalized intersection strikes cyclist.,Driving Properly,Normal, ,Yes,Yes, , , , , , ,Yes, , , ,22,,,13,,1042
-79.29889,43.704745,6254436,1194386,2010,2010-09-09T04:00:00.000Z,2158,21,SQUIRES Aven,FERRIS Road, ,Collector,Toronto and East York,43.704745,-79.29889,Intersection,At Intersection,Stop Sign,Clear,Dark,Dry,Non-Fatal Injury,Cyclist Collisions,Vehicle Owner,unknown, ,0, ,Other, , , , , , , , , , ,Yes, , , ,Yes, , , , , , , ,54,,,54,,1043
-79.29889,43.704745,6254437,1194386,2010,2010-09-09T04:00:00.000Z,2158,21,SQUIRES Aven,FERRIS Road, ,Collector,Toronto and East York,43.704745,-79.29889,Intersection,At Intersection,Stop Sign,Clear,Dark,Dry,Non-Fatal Injury,Cyclist Collisions,Driver,50 to 54,None,0,West,Municipal Transit Bus (TTC),Going Ahead,Driving Properly,Normal, , , , , , , ,Yes, , , ,Yes, , , , , , , ,54,,,54,,1044
-79.29889,43.704745,6254438,1194386,2010,2010-09-09T04:00:00.000Z,2158,21,SQUIRES Aven,FERRIS Road, ,Collector,Toronto and East York,43.704745,-79.29889,Intersection,At Intersection,Stop Sign,Clear,Dark,Dry,Non-Fatal Injury,Cyclist Collisions,Cyclist,20 to 24,Major,0,South,Bicycle,Turning Left, , , , , ,Cyclist turned left across motorists path.,Failed to Yield Right of Way,Inattentive, ,Yes, , , ,Yes, , , , , , , ,54,,,54,,1045
-79.289912,43.680213,80631963,4000009508,2014,2014-08-17T04:00:00.000Z,2159,21,KINGSTON RD,PICKERING ST,10 m East of,Major Arterial,Toronto and East York,43.680213,-79.289912,Intersection,At Intersection,No Control,Clear,"Dark, artificial",Dry,Non-Fatal Injury,Cyclist Collisions,Cyclist,15 to 19,Major,0,West,Bicycle,Changing Lanes, , , , , ,Cyclist and Driver travelling in same direction. One vehicle sideswipes the other.,Improper Lane Change,Inattentive, ,Yes,Yes, , , , , , , , , , ,55,,,63,,1046
-79.289912,43.680213,80631964,4000009508,2014,2014-08-17T04:00:00.000Z,2159,21,KINGSTON RD,PICKERING ST,10 m East of,Major Arterial,Toronto and East York,43.680213,-79.289912,Intersection,At Intersection,No Control,Clear,"Dark, artificial",Dry,Non-Fatal Injury,Cyclist Collisions,Driver,50 to 54,None,0,West,"Automobile, Station Wagon",Going Ahead,Driving Properly,Normal, , , , , , , ,Yes,Yes, , , , , , , , , , ,55,,,63,,1047
-79.289921,43.680282,80932999,4002723007,2014,2014-08-17T04:00:00.000Z,2159,21,KINGSTON RD,PICKERING ST, ,Major Arterial,Toronto and East York,43.680282,-79.289921,Mid-Block,Non Intersection,No Control,Clear,"Dark, artificial",Dry,Non-Fatal Injury,Cyclist Collisions,Driver,50 to 54,None,0,West,"Automobile, Station Wagon",Going Ahead,Driving Properly,Normal, , , , , , , ,Yes,Yes, , , , , , , , , , ,55,,,63,,1048
-79.289921,43.680282,80933000,4002723007,2014,2014-08-17T04:00:00.000Z,2159,21,KINGSTON RD,PICKERING ST, ,Major Arterial,Toronto and East York,43.680282,-79.289921,Mid-Block,Non Intersection,No Control,Clear,"Dark, artificial",Dry,Non-Fatal Injury,Cyclist Collisions,Cyclist,15 to 19,Major,0,West,Bicycle,Changing Lanes, , , , , , ,Improper Lane Change,Inattentive, ,Yes,Yes, , , , , , , , , , ,55,,,63,,1049
-79.516086,43.601107,80250667,5001604572,2015,2015-09-16T04:00:00.000Z,2200,22,BIRMINGHAM ST,SIXTEENTH ST,1 m East of,Collector,Etobicoke York,43.601107,-79.516086,Intersection,Non Intersection,No Control,Clear,"Dark, artificial",Dry,Non-Fatal Injury,Cyclist Collisions,Cyclist,50 to 54,Major,0,West,Bicycle,Changing Lanes, , , , , ,Cyclist and Driver travelling in same direction. One vehicle sideswipes the other.,Improper Lane Change,Inattentive, ,Yes,Yes, , , , , , , , , , ,22,,,18,,1050
-79.516086,43.601107,80250668,5001604572,2015,2015-09-16T04:00:00.000Z,2200,22,BIRMINGHAM ST,SIXTEENTH ST,1 m East of,Collector,Etobicoke York,43.601107,-79.516086,Intersection,Non Intersection,No Control,Clear,"Dark, artificial",Dry,Non-Fatal Injury,Cyclist Collisions,Driver,50 to 54,None,0,West,"Automobile, Station Wagon",Going Ahead,Driving Properly,Normal, , , , , , , ,Yes,Yes, , , , , , , , , , ,22,,,18,,1051
-79.415561,43.787329,80911902,7001903339,2017,2017-10-21T04:00:00.000Z,2200,22,45 CUMMER  AVE, , ,Minor Arterial,North York,43.787329,-79.415561,Mid-Block,Non Intersection,No Control,Clear,"Dark, artificial",Dry,Non-Fatal Injury,Cyclist Collisions,Cyclist,30 to 34,Major,0,East,Bicycle,Going Ahead, , , , , ,Cyclist and Driver travelling in same direction. One vehicle rear-ended the other.,Driving Properly,Unknown, ,Yes,Yes, , , , , , , , , , ,32,,,50,,1052
-79.415561,43.787329,80911903,7001903339,2017,2017-10-21T04:00:00.000Z,2200,22,45 CUMMER  AVE, , ,Minor Arterial,North York,43.787329,-79.415561,Mid-Block,Non Intersection,No Control,Clear,"Dark, artificial",Dry,Non-Fatal Injury,Cyclist Collisions,Driver,unknown,None,0,East,"Automobile, Station Wagon",Going Ahead,Lost control,Unknown, , , , , , , ,Yes,Yes, , , , , , , , , , ,32,,,50,,1053
-79.43879,43.774545,5394362,1053740,2008,2008-08-06T04:00:00.000Z,2210,22,ANCONA ST,FINCH AVE W, ,Major Arterial,North York,43.774545,-79.43879,Intersection,At Intersection,Stop Sign,Clear,Dark,Dry,Non-Fatal Injury,Cyclist Collisions,Driver,unknown,None,0,North,"Automobile, Station Wagon",Turning Left,Improper Turn,Inattentive, , , , , , , ,Yes,Yes, , , , , , , , , , ,32,,,37,,1054
-79.43879,43.774545,5394363,1053740,2008,2008-08-06T04:00:00.000Z,2210,22,ANCONA ST,FINCH AVE W, ,Major Arterial,North York,43.774545,-79.43879,Intersection,At Intersection,Stop Sign,Clear,Dark,Dry,Non-Fatal Injury,Cyclist Collisions,Cyclist,40 to 44,Major,0,West,Bicycle,Going Ahead, , , , , ,Motorist turned left across cyclists path.,Driving Properly,Normal, ,Yes,Yes, , , , , , , , , , ,32,,,37,,1055
-79.412273,43.780406,80775260,7000525658,2017,2017-03-24T04:00:00.000Z,2213,22,FINCH AVE E,DORIS AVE, ,Major Arterial,North York,43.780406,-79.412273,Intersection,At Intersection,Traffic Signal,Rain,"Dark, artificial",Wet,Non-Fatal Injury,Cyclist Collisions,Driver,50 to 54,None,0,North,"Automobile, Station Wagon",Turning Left,Improper Turn,Inattentive, , , , , , , ,Yes,Yes, , , , , , , , , , ,32,,,51,,1056
-79.412273,43.780406,80775261,7000525658,2017,2017-03-24T04:00:00.000Z,2213,22,FINCH AVE E,DORIS AVE, ,Major Arterial,North York,43.780406,-79.412273,Intersection,At Intersection,Traffic Signal,Rain,"Dark, artificial",Wet,Non-Fatal Injury,Cyclist Collisions,Cyclist,20 to 24,Major,0,South,Bicycle,Going Ahead, , , , , ,Motorist turned left across cyclists path.,Disobeyed Traffic Control,Inattentive, ,Yes,Yes, , , , , , , , , , ,32,,,51,,1057
-79.367328,43.674296,80632253,6001779522,2016,2016-10-05T04:00:00.000Z,2215,22,BLOOR ST E,DRUMSNAB RD, ,Major Arterial,Toronto and East York,43.674296,-79.367328,Intersection,Intersection Related,No Control,Clear,"Dark, artificial",Dry,Non-Fatal Injury,Cyclist Collisions,Driver,unknown,None,0,East,"Automobile, Station Wagon",Turning Left,Improper Turn,Unknown, , , , , , , ,Yes,Yes, , , , , , , , , , ,"51,53",,,71,,1058
-79.367328,43.674296,80632254,6001779522,2016,2016-10-05T04:00:00.000Z,2215,22,BLOOR ST E,DRUMSNAB RD, ,Major Arterial,Toronto and East York,43.674296,-79.367328,Intersection,Intersection Related,No Control,Clear,"Dark, artificial",Dry,Non-Fatal Injury,Cyclist Collisions,Cyclist,35 to 39,Major,0,West,Bicycle,Going Ahead, , , , , ,Motorist turned left across cyclists path.,Driving Properly,Normal, ,Yes,Yes, , , , , , , , , , ,"51,53",,,71,,1059
-79.598361,43.65576,80972403,8001765943,2018,2018-09-23T04:00:00.000Z,2228,22,CENTENNIAL PARK BLVD,EGLINTON  AVE W, ,Major Arterial,Etobicoke York,43.65576,-79.598361,Intersection,At Intersection,Traffic Signal,Clear,"Dark, artificial",Dry,Non-Fatal Injury,Cyclist Collisions,Driver,55 to 59,None,0,North,"Automobile, Station Wagon",Turning Right,Failed to Yield Right of Way,Normal, , , , , , , ,Yes,Yes, , , , , , ,Yes, , , ,22,,,11,,1060
-79.598361,43.65576,80972404,8001765943,2018,2018-09-23T04:00:00.000Z,2228,22,CENTENNIAL PARK BLVD,EGLINTON  AVE W, ,Major Arterial,Etobicoke York,43.65576,-79.598361,Intersection,At Intersection,Traffic Signal,Clear,"Dark, artificial",Dry,Non-Fatal Injury,Cyclist Collisions,Cyclist,35 to 39,Major,0,East,Bicycle,Going Ahead, , , , , ,Motorist turning right on red at signalized intersection strikes cyclist.,Driving Properly,Normal, ,Yes,Yes, , , , , , ,Yes, , , ,22,,,11,,1061
-79.43149,43.649645,6704036,1266347,2011,2011-09-21T04:00:00.000Z,2233,22,DUFFERIN Stre,DUNDAS Stre W, ,Minor Arterial,Toronto and East York,43.649645,-79.43149,Intersection,At Intersection,Traffic Signal,Clear,"Dark, artificial",Wet,Non-Fatal Injury,Cyclist Collisions,Driver,25 to 29,None,0,North,"Automobile, Station Wagon",Going Ahead,Driving Properly,Unknown, , , , , , , ,Yes,Yes, , , , , , , , , , ,"11,14",,,84,,1062