X,Y,Index_,ACCNUM,YEAR,DATE,TIME,Hour,STREET1,STREET2,OFFSET,ROAD_CLASS,District,LATITUDE,LONGITUDE,LOCCOORD,ACCLOC,TRAFFCTL,VISIBILITY,LIGHT,RDSFCOND,ACCLASS,IMPACTYPE,INVTYPE,INVAGE,INJURY,FATAL_NO,INITDIR,VEHTYPE,MANOEUVER,DRIVACT,DRIVCOND,PEDTYPE,PEDACT,PEDCOND,CYCLISTYPE,CYCACT,CYCCOND,PEDESTRIAN,CYCLIST,AUTOMOBILE,MOTORCYCLE,TRUCK,TRSN_CITY_,EMERG_VEH,PASSENGER,SPEEDING,AG_DRIV,REDLIGHT,ALCOHOL,DISABILITY,Division,Ward_Name,Ward_ID,Hood_ID,Hood_Name,ObjectId
-79.26588,43.727336,80566002,6001309573,2016,2016-07-25T04:00:00.000Z,2359,23,KENNEDY RD,MERRIAN RD, ,Major Arterial,Scarborough,43.727336,-79.26588,Intersection,At Intersection,Traffic Signal,Clear,"Dark, artificial",Dry,Non-Fatal Injury,Cyclist Collisions,Cyclist,35 to 39,Major,0,West,Bicycle,Going Ahead, , , , , ,"Cyclist without ROW rides into path of motorist at inter, lnwy, dwy-Cyclist not turn.",Disobeyed Traffic Control,Inattentive, ,Yes, , , , ,Yes, , , , , , ,41,,,124,,1118
-79.26588,43.727336,80566003,6001309573,2016,2016-07-25T04:00:00.000Z,2359,23,KENNEDY RD,MERRIAN RD, ,Major Arterial,Scarborough,43.727336,-79.26588,Intersection,At Intersection,Traffic Signal,Clear,"Dark, artificial",Dry,Non-Fatal Injury,Cyclist Collisions,Driver,35 to 39,None,0,North,Police Vehicle,Going Ahead,Driving Properly,Normal, , , , , , , ,Yes, , , , ,Yes, , , , , , ,41,,,124,,1119
-79.34179,43.679545,5266119,1116367,2009,2009-06-21T04:00:00.000Z,1838,18,DANFORTH AVE,WOODYCREST AVE, ,Major Arterial,Toronto and East York,43.679545,-79.34179,Intersection, ,No Control,Clear,Daylight,Dry,Non-Fatal Injury,Cyclist Collisions,Driver,30 to 34,None,0,East,"Automobile, Station Wagon",Parked,Other,Inattentive, , , , , , , ,Yes,Yes, , , , , , , , , , ,"54,55",,,69,,1120
-79.34179,43.679545,5266120,1116367,2009,2009-06-21T04:00:00.000Z,1838,18,DANFORTH AVE,WOODYCREST AVE, ,Major Arterial,Toronto and East York,43.679545,-79.34179,Intersection, ,No Control,Clear,Daylight,Dry,Non-Fatal Injury,Cyclist Collisions,Cyclist,35 to 39,Major,0,East,Bicycle,Overtaking, , , , , ,Cyclist struck opened vehicle door,Driving Properly,Normal, ,Yes,Yes, , , , , , , , , , ,"54,55",,,69,,1121
-79.477252,43.692324,80935880,7002025111,2017,2017-11-08T05:00:00.000Z,1838,18,TRETHEWEY DR,IRVING RD,20 m North of,Minor Arterial,Etobicoke York,43.692324,-79.477252,Intersection,Non Intersection,No Control,Clear,"Dark, artificial",Dry,Non-Fatal Injury,Cyclist Collisions,Cyclist,55 to 59,Major,0,West,Bicycle,Going Ahead, , , , , ,Cyclist and Driver travelling in same direction. One vehicle rear-ended the other.,Driving Properly,Normal, ,Yes,Yes, , , , , ,Yes,Yes, , , ,12,,,112,,1122
-79.477252,43.692324,80935881,7002025111,2017,2017-11-08T05:00:00.000Z,1838,18,TRETHEWEY DR,IRVING RD,20 m North of,Minor Arterial,Etobicoke York,43.692324,-79.477252,Intersection,Non Intersection,No Control,Clear,"Dark, artificial",Dry,Non-Fatal Injury,Cyclist Collisions,Driver,60 to 64,None,0,West,"Automobile, Station Wagon",Going Ahead,Improper Passing,Inattentive, , , , , , , ,Yes,Yes, , , , , ,Yes,Yes, , , ,12,,,112,,1123
-79.32397,43.664683,7875283,1380620,2013,2013-07-28T04:00:00.000Z,1840,18,QUEEN St E,VANCOUVER Ave, ,Minor Arterial,Toronto and East York,43.664683,-79.32397,Intersection,At Intersection,No Control,Clear,Daylight,Dry,Non-Fatal Injury,Cyclist Collisions,Vehicle Owner,unknown, ,0, ,Other, , , , , , , , , , ,Yes,Yes, , , , , , , , , , ,55,,,65,,1124
-79.32397,43.664683,7875284,1380620,2013,2013-07-28T04:00:00.000Z,1840,18,QUEEN St E,VANCOUVER Ave, ,Minor Arterial,Toronto and East York,43.664683,-79.32397,Intersection,At Intersection,No Control,Clear,Daylight,Dry,Non-Fatal Injury,Cyclist Collisions,Driver,25 to 29,None,0,West,"Automobile, Station Wagon",Going Ahead,Driving Properly,Normal, , , , , , , ,Yes,Yes, , , , , , , , , , ,55,,,65,,1125
-79.32397,43.664683,7875285,1380620,2013,2013-07-28T04:00:00.000Z,1840,18,QUEEN St E,VANCOUVER Ave, ,Minor Arterial,Toronto and East York,43.664683,-79.32397,Intersection,At Intersection,No Control,Clear,Daylight,Dry,Non-Fatal Injury,Cyclist Collisions,Vehicle Owner,unknown, ,0, ,Other, , , , , , , , , , ,Yes,Yes, , , , , , , , , , ,55,,,65,,1126
-79.32397,43.664683,7875286,1380620,2013,2013-07-28T04:00:00.000Z,1840,18,QUEEN St E,VANCOUVER Ave, ,Minor Arterial,Toronto and East York,43.664683,-79.32397,Intersection,At Intersection,No Control,Clear,Daylight,Dry,Non-Fatal Injury,Cyclist Collisions,Driver,35 to 39,None,0,West,"Automobile, Station Wagon",Parked,Other,Inattentive, , , , , , , ,Yes,Yes, , , , , , , , , , ,55,,,65,,1127
-79.32397,43.664683,7875287,1380620,2013,2013-07-28T04:00:00.000Z,1840,18,QUEEN St E,VANCOUVER Ave, ,Minor Arterial,Toronto and East York,43.664683,-79.32397,Intersection,At Intersection,No Control,Clear,Daylight,Dry,Non-Fatal Injury,Cyclist Collisions,Cyclist,40 to 44,Major,0,West,Bicycle,Going Ahead, , , , , ,Cyclist struck opened vehicle door,Driving Properly,Normal, ,Yes,Yes, , , , , , , , , , ,55,,,65,,1128
-79.47149,43.683345,6681679,1256606,2011,2011-08-03T04:00:00.000Z,1842,18,AILEEN AVE,KEELE ST, ,Local,Etobicoke York,43.683345,-79.47149,Mid-Block, ,No Control,Rain,Daylight,Wet,Non-Fatal Injury,Cyclist Collisions,Driver,45 to 49,None,0,East,"Automobile, Station Wagon",Going Ahead,Driving Properly,Normal, , , , , , , ,Yes,Yes, , , , , , , , , , ,12,,,110,,1129
-79.47149,43.683345,6681680,1256606,2011,2011-08-03T04:00:00.000Z,1842,18,AILEEN AVE,KEELE ST, ,Local,Etobicoke York,43.683345,-79.47149,Mid-Block, ,No Control,Rain,Daylight,Wet,Non-Fatal Injury,Cyclist Collisions,Cyclist,10 to 14,Major,0,North,Bicycle,Going Ahead, , , , , ,"Cyclist without ROW rides into path of motorist at inter, lnwy, dwy-Cyclist not turn.",Failed to Yield Right of Way,Inattentive, ,Yes,Yes, , , , , , , , , , ,12,,,110,,1130
-79.36649,43.660645,5252135,1110181,2009,2009-06-19T04:00:00.000Z,1844,18,PARLIAMENT ST,OAK ST, ,Minor Arterial,Toronto and East York,43.660645,-79.36649,Intersection,At Intersection,Pedestrian Crossover,Clear,Daylight,Dry,Non-Fatal Injury,Cyclist Collisions,Passenger,30 to 34,None,0, ,Other, , , , , , , , , , ,Yes,Yes, , , , ,Yes, ,Yes, , , ,51,,,72,,1131
-79.36649,43.660645,5252136,1110181,2009,2009-06-19T04:00:00.000Z,1844,18,PARLIAMENT ST,OAK ST, ,Minor Arterial,Toronto and East York,43.660645,-79.36649,Intersection,At Intersection,Pedestrian Crossover,Clear,Daylight,Dry,Non-Fatal Injury,Cyclist Collisions,Driver,25 to 29,None,0,South,"Automobile, Station Wagon",Going Ahead,Disobeyed Traffic Control,Inattentive, , , , , , , ,Yes,Yes, , , , ,Yes, ,Yes, , , ,51,,,72,,1132
-79.36649,43.660645,5252137,1110181,2009,2009-06-19T04:00:00.000Z,1844,18,PARLIAMENT ST,OAK ST, ,Minor Arterial,Toronto and East York,43.660645,-79.36649,Intersection,At Intersection,Pedestrian Crossover,Clear,Daylight,Dry,Non-Fatal Injury,Cyclist Collisions,Cyclist,5 to 9,Major,0,West,Bicycle,Going Ahead, , , , , ,Cyclist struck at PXO(cyclist either travel in same dir. as veh. or ride across xwalk),Other,Normal, ,Yes,Yes, , , , ,Yes, ,Yes, , , ,51,,,72,,1133
-79.391277,43.643408,7875093,1380543,2013,2013-07-24T04:00:00.000Z,1845,18,FRONT ST W,BLUE JAYS WAY, ,Minor Arterial,Toronto and East York,43.643408,-79.391277,Intersection, ,Traffic Signal,Clear,Daylight,Dry,Non-Fatal Injury,Cyclist Collisions,Driver,35 to 39,None,0,West,"Automobile, Station Wagon",Turning Left,Failed to Yield Right of Way,Normal, , , , , , , ,Yes,Yes, , , , , , ,Yes, , , ,52,,,77,,1134
-79.391277,43.643408,7875094,1380543,2013,2013-07-24T04:00:00.000Z,1845,18,FRONT ST W,BLUE JAYS WAY, ,Minor Arterial,Toronto and East York,43.643408,-79.391277,Intersection, ,Traffic Signal,Clear,Daylight,Dry,Non-Fatal Injury,Cyclist Collisions,Cyclist,25 to 29,Major,0,East,Bicycle,Going Ahead, , , , , ,Motorist turned left across cyclists path.,Driving Properly,Unknown, ,Yes,Yes, , , , , , ,Yes, , , ,52,,,77,,1135
-79.595607,43.717257,80178884,4003213460,2014,2014-10-31T04:00:00.000Z,1845,18,REXDALE BLVD,HIGHWAY 27  S, ,Major Arterial,Etobicoke York,43.717257,-79.595607,Intersection,At Intersection,Traffic Signal,Rain,"Dark, artificial",Wet,Non-Fatal Injury,Cyclist Collisions,Driver,25 to 29,None,0,East,"Automobile, Station Wagon",Going Ahead,Driving Properly,Normal, , , , , , , ,Yes,Yes, , , , ,Yes, , , , , ,23,,,1,,1136
-79.595607,43.717257,80178885,4003213460,2014,2014-10-31T04:00:00.000Z,1845,18,REXDALE BLVD,HIGHWAY 27  S, ,Major Arterial,Etobicoke York,43.717257,-79.595607,Intersection,At Intersection,Traffic Signal,Rain,"Dark, artificial",Wet,Non-Fatal Injury,Cyclist Collisions,Passenger,30 to 34,None,0, , , , , , , , , , , , ,Yes,Yes, , , , ,Yes, , , , , ,23,,,1,,1137
-79.595607,43.717257,80178886,4003213460,2014,2014-10-31T04:00:00.000Z,1845,18,REXDALE BLVD,HIGHWAY 27  S, ,Major Arterial,Etobicoke York,43.717257,-79.595607,Intersection,At Intersection,Traffic Signal,Rain,"Dark, artificial",Wet,Non-Fatal Injury,Cyclist Collisions,Passenger,10 to 14,None,0, , , , , , , , , , , , ,Yes,Yes, , , , ,Yes, , , , , ,23,,,1,,1138
-79.595607,43.717257,80178887,4003213460,2014,2014-10-31T04:00:00.000Z,1845,18,REXDALE BLVD,HIGHWAY 27  S, ,Major Arterial,Etobicoke York,43.717257,-79.595607,Intersection,At Intersection,Traffic Signal,Rain,"Dark, artificial",Wet,Non-Fatal Injury,Cyclist Collisions,Passenger,10 to 14,None,0, , , , , , , , , , , , ,Yes,Yes, , , , ,Yes, , , , , ,23,,,1,,1139
-79.595607,43.717257,80178888,4003213460,2014,2014-10-31T04:00:00.000Z,1845,18,REXDALE BLVD,HIGHWAY 27  S, ,Major Arterial,Etobicoke York,43.717257,-79.595607,Intersection,At Intersection,Traffic Signal,Rain,"Dark, artificial",Wet,Non-Fatal Injury,Cyclist Collisions,Passenger,5 to 9,None,0, , , , , , , , , , , , ,Yes,Yes, , , , ,Yes, , , , , ,23,,,1,,1140
-79.595607,43.717257,80178889,4003213460,2014,2014-10-31T04:00:00.000Z,1845,18,REXDALE BLVD,HIGHWAY 27  S, ,Major Arterial,Etobicoke York,43.717257,-79.595607,Intersection,At Intersection,Traffic Signal,Rain,"Dark, artificial",Wet,Non-Fatal Injury,Cyclist Collisions,Cyclist,75 to 79,Major,0,East,Bicycle,Unknown, , , , , ,Cyclist and Driver travelling in same direction. One vehicle sideswipes the other.,Other,Normal, ,Yes,Yes, , , , ,Yes, , , , , ,23,,,1,,1141
-79.43279,43.669645,6153492,1173424,2010,2010-06-15T04:00:00.000Z,1846,18,DOVERCOURT RD,DUPONT ST, ,Major Arterial,Toronto and East York,43.669645,-79.43279,Intersection,At Intersection,Traffic Signal,Clear,Daylight,Dry,Non-Fatal Injury,Cyclist Collisions,Driver,45 to 49,None,0,North,"Automobile, Station Wagon",Going Ahead,Disobeyed Traffic Control,"Ability Impaired, Alcohol Over .08", , , , , , , ,Yes,Yes, , , , , ,Yes,Yes,Yes,Yes, ,14,,,93,,1142
-79.43279,43.669645,6153493,1173424,2010,2010-06-15T04:00:00.000Z,1846,18,DOVERCOURT RD,DUPONT ST, ,Major Arterial,Toronto and East York,43.669645,-79.43279,Intersection,At Intersection,Traffic Signal,Clear,Daylight,Dry,Non-Fatal Injury,Cyclist Collisions,Cyclist,25 to 29,Major,0,East,Bicycle,Going Ahead, , , , , ,"Cyclist without ROW rides into path of motorist at inter, lnwy, dwy-Cyclist not turn.",Disobeyed Traffic Control,Normal, ,Yes,Yes, , , , , ,Yes,Yes,Yes,Yes, ,14,,,93,,1143
-79.283893,43.773146,7808065,1351606,2013,2013-04-13T04:00:00.000Z,1846,18,KENNEDY RD,401 C E KENNEDY RAMP RD E, ,Expressway,Scarborough,43.773146,-79.283893,Intersection,At Intersection,Traffic Signal,Clear,Dusk,Dry,Fatal,Cyclist Collisions,Driver,40 to 44,None,0,South,"Automobile, Station Wagon",Going Ahead,Driving Properly,Normal, , , , , , , ,Yes,Yes, , , , ,Yes,Yes,Yes,Yes,Yes, ,41,,,126,,1144
-79.283893,43.773146,7808066,1351606,2013,2013-04-13T04:00:00.000Z,1846,18,KENNEDY RD,401 C E KENNEDY RAMP RD E, ,Expressway,Scarborough,43.773146,-79.283893,Intersection,At Intersection,Traffic Signal,Clear,Dusk,Dry,Fatal,Cyclist Collisions,Driver,75 to 79,None,0,South,"Automobile, Station Wagon",Going Ahead,Driving Properly,Normal, , , , , , , ,Yes,Yes, , , , ,Yes,Yes,Yes,Yes,Yes, ,41,,,126,,1145
-79.283893,43.773146,7808067,1351606,2013,2013-04-13T04:00:00.000Z,1846,18,KENNEDY RD,401 C E KENNEDY RAMP RD E, ,Expressway,Scarborough,43.773146,-79.283893,Intersection,At Intersection,Traffic Signal,Clear,Dusk,Dry,Fatal,Cyclist Collisions,Passenger,20 to 24,Minimal,0, , , , , , , , , , , , ,Yes,Yes, , , , ,Yes,Yes,Yes,Yes,Yes, ,41,,,126,,1146
-79.283893,43.773146,7808068,1351606,2013,2013-04-13T04:00:00.000Z,1846,18,KENNEDY RD,401 C E KENNEDY RAMP RD E, ,Expressway,Scarborough,43.773146,-79.283893,Intersection,At Intersection,Traffic Signal,Clear,Dusk,Dry,Fatal,Cyclist Collisions,Passenger,20 to 24,Minor,0, , , , , , , , , , , , ,Yes,Yes, , , , ,Yes,Yes,Yes,Yes,Yes, ,41,,,126,,1147
-79.283893,43.773146,7808069,1351606,2013,2013-04-13T04:00:00.000Z,1846,18,KENNEDY RD,401 C E KENNEDY RAMP RD E, ,Expressway,Scarborough,43.773146,-79.283893,Intersection,At Intersection,Traffic Signal,Clear,Dusk,Dry,Fatal,Cyclist Collisions,Driver,20 to 24,Minor,0,North,"Automobile, Station Wagon",Stopped,Driving Properly,Normal, , , , , , , ,Yes,Yes, , , , ,Yes,Yes,Yes,Yes,Yes, ,41,,,126,,1148
-79.283893,43.773146,7808070,1351606,2013,2013-04-13T04:00:00.000Z,1846,18,KENNEDY RD,401 C E KENNEDY RAMP RD E, ,Expressway,Scarborough,43.773146,-79.283893,Intersection,At Intersection,Traffic Signal,Clear,Dusk,Dry,Fatal,Cyclist Collisions,Driver,45 to 49,None,0,East,"Automobile, Station Wagon",Going Ahead,Disobeyed Traffic Control,"Ability Impaired, Alcohol Over .08", , , , , , , ,Yes,Yes, , , , ,Yes,Yes,Yes,Yes,Yes, ,41,,,126,,1149
-79.283893,43.773146,7808071,1351606,2013,2013-04-13T04:00:00.000Z,1846,18,KENNEDY RD,401 C E KENNEDY RAMP RD E, ,Expressway,Scarborough,43.773146,-79.283893,Intersection,At Intersection,Traffic Signal,Clear,Dusk,Dry,Fatal,Cyclist Collisions,Driver,25 to 29,Minor,0,South,"Automobile, Station Wagon",Going Ahead,Driving Properly,Normal, , , , , , , ,Yes,Yes, , , , ,Yes,Yes,Yes,Yes,Yes, ,41,,,126,,1150
-79.283893,43.773146,7808072,1351606,2013,2013-04-13T04:00:00.000Z,1846,18,KENNEDY RD,401 C E KENNEDY RAMP RD E, ,Expressway,Scarborough,43.773146,-79.283893,Intersection,At Intersection,Traffic Signal,Clear,Dusk,Dry,Fatal,Cyclist Collisions,Passenger,50 to 54,Major,0, , , , , , , , , , , , ,Yes,Yes, , , , ,Yes,Yes,Yes,Yes,Yes, ,41,,,126,,1151
-79.283893,43.773146,7808073,1351606,2013,2013-04-13T04:00:00.000Z,1846,18,KENNEDY RD,401 C E KENNEDY RAMP RD E, ,Expressway,Scarborough,43.773146,-79.283893,Intersection,At Intersection,Traffic Signal,Clear,Dusk,Dry,Fatal,Cyclist Collisions,Driver,25 to 29,None,0,South,"Automobile, Station Wagon",Going Ahead,Driving Properly,Normal, , , , , , , ,Yes,Yes, , , , ,Yes,Yes,Yes,Yes,Yes, ,41,,,126,,1152
-79.283893,43.773146,7808074,1351606,2013,2013-04-13T04:00:00.000Z,1846,18,KENNEDY RD,401 C E KENNEDY RAMP RD E, ,Expressway,Scarborough,43.773146,-79.283893,Intersection,At Intersection,Traffic Signal,Clear,Dusk,Dry,Fatal,Cyclist Collisions,Cyclist,35 to 39,Fatal,10,North,Bicycle,Going Ahead, , , , , ,"Motorist without ROW drives into path of cyclist at inter, lnwy, dwy-Driver not turn.",Driving Properly,Unknown, ,Yes,Yes, , , , ,Yes,Yes,Yes,Yes,Yes, ,41,,,126,,1153
-79.35449,43.692345,6116475,1157271,2010,2010-02-04T05:00:00.000Z,1848,18,O CONNOR Driv,BEECHWOOD Cres, ,Minor Arterial,Toronto and East York,43.692345,-79.35449,Mid-Block, ,No Control,Clear,Dark,Dry,Non-Fatal Injury,Cyclist Collisions,Other,unknown,None,0, ,Other,Parked, , , , , , , , , ,Yes, , , , , , , , , , , ,54,,,57,,1154
-79.35449,43.692345,6116476,1157271,2010,2010-02-04T05:00:00.000Z,1848,18,O CONNOR Driv,BEECHWOOD Cres, ,Minor Arterial,Toronto and East York,43.692345,-79.35449,Mid-Block, ,No Control,Clear,Dark,Dry,Non-Fatal Injury,Cyclist Collisions,Cyclist,50 to 54,Major,0,West,Bicycle,Going Ahead, , , , , ,Cyclist strikes a parked vehicle.,Lost control,Normal, ,Yes, , , , , , , , , , , ,54,,,57,,1155
-79.40479,43.652145,6665450,1249542,2011,2011-07-06T04:00:00.000Z,1850,18,DUNDAS ST W,CARLYLE ST, ,Major Arterial,Toronto and East York,43.652145,-79.40479,Intersection,At Intersection,Stop Sign,Clear,Daylight,Dry,Non-Fatal Injury,Cyclist Collisions,Driver,55 to 59,None,0,South,"Automobile, Station Wagon",Stopped,Driving Properly,Normal, , , , , , , ,Yes,Yes, , , , , , , , , , ,14,,,78,,1156
-79.40479,43.652145,6665451,1249542,2011,2011-07-06T04:00:00.000Z,1850,18,DUNDAS ST W,CARLYLE ST, ,Major Arterial,Toronto and East York,43.652145,-79.40479,Intersection,At Intersection,Stop Sign,Clear,Daylight,Dry,Non-Fatal Injury,Cyclist Collisions,Cyclist,40 to 44,Major,0,East,Bicycle,Going Ahead, , , , , ,"Cyclist without ROW rides into path of motorist at inter, lnwy, dwy-Cyclist not turn.",Wrong Way on One Way Road,Inattentive, ,Yes,Yes, , , , , , , , , , ,14,,,78,,1157
-79.35139,43.665745,7840756,1365804,2013,2013-05-23T04:00:00.000Z,1850,18,GERRARD St E,BROADVIEW Ave, ,Minor Arterial,Toronto and East York,43.665745,-79.35139,Mid-Block, ,No Control,Clear,Daylight,Dry,Non-Fatal Injury,Cyclist Collisions,Driver,50 to 54,None,0,East,"Automobile, Station Wagon",Parked,Failed to Yield Right of Way,Normal, , , , , , , ,Yes,Yes, , , , , , ,Yes, , , ,55,,,68,,1158
-79.35139,43.665745,7840757,1365804,2013,2013-05-23T04:00:00.000Z,1850,18,GERRARD St E,BROADVIEW Ave, ,Minor Arterial,Toronto and East York,43.665745,-79.35139,Mid-Block, ,No Control,Clear,Daylight,Dry,Non-Fatal Injury,Cyclist Collisions,Cyclist,35 to 39,Major,0,East,Bicycle,Going Ahead, , , , , ,Cyclist struck opened vehicle door,Driving Properly,Normal, ,Yes,Yes, , , , , , ,Yes, , , ,55,,,68,,1159
-79.401088,43.646899,80632050,6001269035,2016,2016-07-19T04:00:00.000Z,1850,18,RICHMOND ST W,PORTLAND ST,27 m West of,Major Arterial,Toronto and East York,43.646899,-79.401088,Intersection,At/Near Private Drive,No Control,Clear,Daylight,Dry,Non-Fatal Injury,Cyclist Collisions,Driver,50 to 54,None,0,West,"Automobile, Station Wagon",Turning Right,Failed to Yield Right of Way,Inattentive, , , , , , , ,Yes,Yes, , , , , , ,Yes, , , ,14,,,77,,1160
-79.401088,43.646899,80632051,6001269035,2016,2016-07-19T04:00:00.000Z,1850,18,RICHMOND ST W,PORTLAND ST,27 m West of,Major Arterial,Toronto and East York,43.646899,-79.401088,Intersection,At/Near Private Drive,No Control,Clear,Daylight,Dry,Non-Fatal Injury,Cyclist Collisions,Cyclist,25 to 29,Major,0,West,Bicycle,Going Ahead, , , , , ,"Motorist turns right at non-signal Inter.(stop, yield, no cont.,and dwy) and strikes cyclist.",Driving Properly,Normal, ,Yes,Yes, , , , , , ,Yes, , , ,14,,,77,,1161
-79.49829,43.615945,5269889,1118031,2009,2009-08-09T04:00:00.000Z,1851,18,ROYAL YORK Road,JUDSON Stre, ,Minor Arterial,Etobicoke York,43.615945,-79.49829,Mid-Block,At Intersection,No Control,Clear,Daylight,Dry,Non-Fatal Injury,Cyclist Collisions,Cyclist,50 to 54,Major,0,South,Bicycle,Going Ahead, , , , , ,"Cyclist loses control and strikes object (pole, ttc track)",Lost control,Normal, ,Yes, , , , , , , , , , , ,22,,,17,,1162
-79.328388,43.659243,7559958,1326953,2012,2012-11-07T05:00:00.000Z,1853,18,LESLIE ST,LAKE SHORE BLVD E, ,Major Arterial,Toronto and East York,43.659243,-79.328388,Intersection,At Intersection,Traffic Signal,Clear,Dark,Dry,Non-Fatal Injury,Cyclist Collisions,Driver,unknown,None,0,South,"Automobile, Station Wagon",Unknown,Other,Unknown, , , , , , , ,Yes,Yes, , , , , , , , , , ,55,,,70,,1163
-79.328388,43.659243,7559959,1326953,2012,2012-11-07T05:00:00.000Z,1853,18,LESLIE ST,LAKE SHORE BLVD E, ,Major Arterial,Toronto and East York,43.659243,-79.328388,Intersection,At Intersection,Traffic Signal,Clear,Dark,Dry,Non-Fatal Injury,Cyclist Collisions,Cyclist,45 to 49,Major,0,East,Bicycle,Going Ahead, , , , , ,Insufficient information (to determine cyclist crash type).,Other,Unknown, ,Yes,Yes, , , , , , , , , , ,55,,,70,,1164
-79.49259,43.688145,7475084,1319643,2012,2012-09-02T04:00:00.000Z,1855,18,WESTON RD,GLENVALLEY DR, ,Minor Arterial,Etobicoke York,43.688145,-79.49259,Intersection,At Intersection,Stop Sign,Clear,Daylight,Dry,Non-Fatal Injury,Cyclist Collisions,Driver,45 to 49,None,0,North,"Automobile, Station Wagon",Turning Left,Failed to Yield Right of Way,Inattentive, , , , , , , ,Yes,Yes, , , , , , ,Yes, , , ,12,,,115,,1165
-79.49259,43.688145,7475085,1319643,2012,2012-09-02T04:00:00.000Z,1855,18,WESTON RD,GLENVALLEY DR, ,Minor Arterial,Etobicoke York,43.688145,-79.49259,Intersection,At Intersection,Stop Sign,Clear,Daylight,Dry,Non-Fatal Injury,Cyclist Collisions,Cyclist,45 to 49,Major,0,South,Bicycle,Going Ahead, , , , , ,Motorist turned left across cyclists path.,Driving Properly,Normal, ,Yes,Yes, , , , , , ,Yes, , , ,12,,,115,,1166
-79.48289,43.665545,5214237,1093260,2009,2009-02-08T05:00:00.000Z,1856,18,DUNDAS ST W,BERESFORD AVE, ,Major Arterial,Toronto and East York,43.665545,-79.48289,Mid-Block, ,No Control,Clear,Dark,Dry,Non-Fatal Injury,Cyclist Collisions,Driver,50 to 54,None,0,West,"Automobile, Station Wagon",Going Ahead,Driving Properly,Normal, , , , , , , ,Yes,Yes, , , , , , , , , , ,11,,,89,,1167
-79.48289,43.665545,5214238,1093260,2009,2009-02-08T05:00:00.000Z,1856,18,DUNDAS ST W,BERESFORD AVE, ,Major Arterial,Toronto and East York,43.665545,-79.48289,Mid-Block, ,No Control,Clear,Dark,Dry,Non-Fatal Injury,Cyclist Collisions,Cyclist,45 to 49,Major,0,East,Bicycle,Changing Lanes, , , , , ,Insufficient information (to determine cyclist crash type).,Failed to Yield Right of Way,Had Been Drinking, ,Yes,Yes, , , , , , , , , , ,11,,,89,,1168
-79.289165,43.680293,80901586,7003056643,2017,2017-11-23T05:00:00.000Z,1856,18,KINGSTON RD,BALSAM AVE, ,Major Arterial,Toronto and East York,43.680293,-79.289165,Intersection,At Intersection,No Control,Clear,Dark,Dry,Non-Fatal Injury,Cyclist Collisions,Cyclist,55 to 59,Major,0,East,Bicycle,Going Ahead, , , , , ,Motorist turned left across cyclists path.,Driving Properly,Normal, ,Yes,Yes, , , , , , , , , , ,55,,,63,,1169
-79.289165,43.680293,80901587,7003056643,2017,2017-11-23T05:00:00.000Z,1856,18,KINGSTON RD,BALSAM AVE, ,Major Arterial,Toronto and East York,43.680293,-79.289165,Intersection,At Intersection,No Control,Clear,Dark,Dry,Non-Fatal Injury,Cyclist Collisions,Driver,15 to 19,None,0,West,"Automobile, Station Wagon",Turning Left,Improper Turn,Inattentive, , , , , , , ,Yes,Yes, , , , , , , , , , ,55,,,63,,1170
-79.40849,43.651745,5266944,1116707,2009,2009-06-23T04:00:00.000Z,1900,19,PALMERSTON AVE,DUNDAS ST W, ,Major Arterial,Toronto and East York,43.651745,-79.40849,Intersection, ,Stop Sign,Clear,Daylight,Dry,Non-Fatal Injury,Pedestrian Collisions,Pedestrian,90 to 94,Major,0, ,Other, , , ,Vehicle turns left while ped crosses with ROW at inter.,Crossing with right of way,Normal, , , ,Yes,Yes, , , , , , , , , , , ,14,,,81,,1171
-79.40849,43.651745,5266945,1116707,2009,2009-06-23T04:00:00.000Z,1900,19,PALMERSTON AVE,DUNDAS ST W, ,Major Arterial,Toronto and East York,43.651745,-79.40849,Intersection, ,Stop Sign,Clear,Daylight,Dry,Non-Fatal Injury,Pedestrian Collisions,Cyclist,15 to 19,None,0,East,Bicycle,Turning Left, , , , , ,Cyclist strikes pedestrian.,Failed to Yield Right of Way,Normal,Yes,Yes, , , , , , , , , , , ,14,,,81,,1172
-79.404735,43.668891,80975432,8002063591,2018,2018-11-08T05:00:00.000Z,1900,19,LOWTHER AVE,SPADINA RD, ,Minor Arterial,Toronto and East York,43.668891,-79.404735,Intersection,At Intersection,Traffic Signal,Clear,Dark,Dry,Non-Fatal Injury,Cyclist Collisions,Cyclist,20 to 24,Major,0,West,Bicycle,Turning Left, , , , , ,Cyclist turned left across motorists path.,Improper Turn,Normal, ,Yes,Yes, , , , , , , , , , ,"14,53",,,95,,1173