X,Y,Index_,ACCNUM,YEAR,DATE,TIME,Hour,STREET1,STREET2,OFFSET,ROAD_CLASS,District,LATITUDE,LONGITUDE,LOCCOORD,ACCLOC,TRAFFCTL,VISIBILITY,LIGHT,RDSFCOND,ACCLASS,IMPACTYPE,INVTYPE,INVAGE,INJURY,FATAL_NO,INITDIR,VEHTYPE,MANOEUVER,DRIVACT,DRIVCOND,PEDTYPE,PEDACT,PEDCOND,CYCLISTYPE,CYCACT,CYCCOND,PEDESTRIAN,CYCLIST,AUTOMOBILE,MOTORCYCLE,TRUCK,TRSN_CITY_,EMERG_VEH,PASSENGER,SPEEDING,AG_DRIV,REDLIGHT,ALCOHOL,DISABILITY,Division,Ward_Name,Ward_ID,Hood_ID,Hood_Name,ObjectId
-79.404735,43.668891,80975433,8002063591,2018,2018-11-08T05:00:00.000Z,1900,19,LOWTHER AVE,SPADINA RD, ,Minor Arterial,Toronto and East York,43.668891,-79.404735,Intersection,At Intersection,Traffic Signal,Clear,Dark,Dry,Non-Fatal Injury,Cyclist Collisions,Driver,25 to 29,None,0,West,"Automobile, Station Wagon",Turning Left,Driving Properly,Normal, , , , , , , ,Yes,Yes, , , , , , , , , , ,"14,53",,,95,,1174
-79.445606,43.672,7884642,1384542,2013,2013-10-28T04:00:00.000Z,1902,19,DAVENPORT Rd,GREENLAW Ave, ,Minor Arterial,Toronto and East York,43.672,-79.445606,Intersection,At Intersection,No Control,Clear,Dusk,Dry,Non-Fatal Injury,Cyclist Collisions,Driver,25 to 29,Minimal,0,East,"Automobile, Station Wagon",Turning Left,Failed to Yield Right of Way,Normal, , , , , , , ,Yes,Yes, , , , , , ,Yes, , , ,13,,,93,,1175
-79.445606,43.672,7884643,1384542,2013,2013-10-28T04:00:00.000Z,1902,19,DAVENPORT Rd,GREENLAW Ave, ,Minor Arterial,Toronto and East York,43.672,-79.445606,Intersection,At Intersection,No Control,Clear,Dusk,Dry,Non-Fatal Injury,Cyclist Collisions,Cyclist,30 to 34,Major,0,West,Bicycle,Going Ahead, , , , , ,Motorist turned left across cyclists path.,Driving Properly,Normal, ,Yes,Yes, , , , , , ,Yes, , , ,13,,,93,,1176
-79.456088,43.754843,6198693,1192624,2010,2010-09-01T04:00:00.000Z,1905,19,SHAFTESBURY ST,CODSELL AVE, ,Local,North York,43.754843,-79.456088,Intersection, ,Stop Sign,Clear,Dusk,Dry,Non-Fatal Injury,SMV Other,Moped Driver,55 to 59,Major,0,South,Moped,Going Ahead, , , , , , , , , ,Yes, , , , , , , , , , , ,32,,,34,,1177
-79.52539,43.703045,7438895,1304471,2012,2012-05-24T04:00:00.000Z,1905,19,CHURCH ST,WESTON RD, ,Minor Arterial,Etobicoke York,43.703045,-79.52539,Intersection,At Intersection,Traffic Signal,Clear,Daylight,Dry,Non-Fatal Injury,Cyclist Collisions,Driver,35 to 39,None,0,West,"Automobile, Station Wagon",Turning Right,Improper Turn,Inattentive, , , , , , , ,Yes,Yes, , , , , , , , , , ,12,,,113,,1178
-79.52539,43.703045,7438896,1304471,2012,2012-05-24T04:00:00.000Z,1905,19,CHURCH ST,WESTON RD, ,Minor Arterial,Etobicoke York,43.703045,-79.52539,Intersection,At Intersection,Traffic Signal,Clear,Daylight,Dry,Non-Fatal Injury,Cyclist Collisions,Cyclist,60 to 64,Major,0,South,Bicycle,Stopped, , , , , ,Motorist turning right on red at signalized intersection strikes cyclist.,Driving Properly,Normal, ,Yes,Yes, , , , , , , , , , ,12,,,113,,1179
-79.482257,43.679877,80563739,6001139376,2016,2016-06-29T04:00:00.000Z,1908,19,99 HUMBER BLVD, , ,Collector,Etobicoke York,43.679877,-79.482257,Mid-Block,At Intersection,No Control,Clear,Daylight,Dry,Non-Fatal Injury,Cyclist Collisions,Cyclist,10 to 14,Major,0,West,Bicycle,Going Ahead, , , , , ,"Cyclist without ROW rides into path of motorist at inter, lnwy, dwy-Cyclist not turn.",Failed to Yield Right of Way,Normal, ,Yes,Yes, , , , , , , , , , ,12,,,111,,1180
-79.482257,43.679877,80563740,6001139376,2016,2016-06-29T04:00:00.000Z,1908,19,99 HUMBER BLVD, , ,Collector,Etobicoke York,43.679877,-79.482257,Mid-Block,At Intersection,No Control,Clear,Daylight,Dry,Non-Fatal Injury,Cyclist Collisions,Driver,35 to 39,None,0,North,Pick Up Truck,Going Ahead,Driving Properly,Normal, , , , , , , ,Yes,Yes, , , , , , , , , , ,12,,,111,,1181
-79.447261,43.734576,7433999,1302395,2012,2012-06-27T04:00:00.000Z,1910,19,TIPPET RD,WILSON AVE, ,Major Arterial,North York,43.734576,-79.447261,Intersection,At Intersection,Traffic Signal,Clear,Daylight,Dry,Non-Fatal Injury,Cyclist Collisions,Driver,60 to 64,None,0,North,"Automobile, Station Wagon",Going Ahead,Driving Properly,Normal, , , , , , , ,Yes,Yes, , , , , , , , , , ,32,,,33,,1182
-79.447261,43.734576,7434000,1302395,2012,2012-06-27T04:00:00.000Z,1910,19,TIPPET RD,WILSON AVE, ,Major Arterial,North York,43.734576,-79.447261,Intersection,At Intersection,Traffic Signal,Clear,Daylight,Dry,Non-Fatal Injury,Cyclist Collisions,Cyclist,55 to 59,Major,0,East,Bicycle,Going Ahead, , , , , ,"Cyclist without ROW rides into path of motorist at inter, lnwy, dwy-Cyclist not turn.",Disobeyed Traffic Control,Inattentive, ,Yes,Yes, , , , , , , , , , ,32,,,33,,1183
-79.371478,43.663439,80632178,6001577121,2016,2016-09-05T04:00:00.000Z,1913,19,CARLTON ST,SEATON ST,37 m East of,Minor Arterial,Toronto and East York,43.663439,-79.371478,Intersection,Intersection Related,No Control,Clear,Daylight,Dry,Non-Fatal Injury,Cyclist Collisions,Driver,35 to 39,None,0,East,"Automobile, Station Wagon",Going Ahead,Speed too Fast For Condition,Normal, , , , , , , ,Yes,Yes, , , , , ,Yes,Yes, , , ,51,,,73,,1184
-79.371478,43.663439,80632179,6001577121,2016,2016-09-05T04:00:00.000Z,1913,19,CARLTON ST,SEATON ST,37 m East of,Minor Arterial,Toronto and East York,43.663439,-79.371478,Intersection,Intersection Related,No Control,Clear,Daylight,Dry,Non-Fatal Injury,Cyclist Collisions,Cyclist,45 to 49,Major,0,East,Bicycle,Going Ahead, , , , , ,Cyclist and Driver travelling in same direction. One vehicle rear-ended the other.,Driving Properly,Normal, ,Yes,Yes, , , , , ,Yes,Yes, , , ,51,,,73,,1185
-79.222263,43.817439,7878337,1381878,2013,2013-10-21T04:00:00.000Z,1914,19,5930 FINCH AVE E, , ,Minor Arterial,Scarborough,43.817439,-79.222263,Mid-Block, ,No Control,Rain,Daylight,Wet,Non-Fatal Injury,Cyclist Collisions,Driver,60 to 64,None,0,East,"Automobile, Station Wagon",Going Ahead,Following too Close,Inattentive, , , , , , , ,Yes,Yes, , , , , , ,Yes, , , ,42,,,132,,1186
-79.222263,43.817439,7878338,1381878,2013,2013-10-21T04:00:00.000Z,1914,19,5930 FINCH AVE E, , ,Minor Arterial,Scarborough,43.817439,-79.222263,Mid-Block, ,No Control,Rain,Daylight,Wet,Non-Fatal Injury,Cyclist Collisions,Cyclist,60 to 64,Major,0,East,Bicycle,Going Ahead, , , , , ,Cyclist and Driver travelling in same direction. One vehicle rear-ended the other.,Driving Properly,Inattentive, ,Yes,Yes, , , , , , ,Yes, , , ,42,,,132,,1187
-79.46329,43.682745,5243010,1106184,2009,2009-05-26T04:00:00.000Z,1915,19,ROGERS Road,SILVERTHORN Aven, ,Minor Arterial,Toronto and East York,43.682745,-79.46329,Intersection, ,Traffic Signal,Rain,Daylight,Wet,Non-Fatal Injury,Cyclist Collisions,Driver,25 to 29,None,0,West,"Automobile, Station Wagon",Turning Right,Improper Turn,Inattentive, , , , , , , ,Yes,Yes, , , , , , , , , , ,12,,,110,,1188
-79.46329,43.682745,5243011,1106184,2009,2009-05-26T04:00:00.000Z,1915,19,ROGERS Road,SILVERTHORN Aven, ,Minor Arterial,Toronto and East York,43.682745,-79.46329,Intersection, ,Traffic Signal,Rain,Daylight,Wet,Non-Fatal Injury,Cyclist Collisions,Cyclist,50 to 54,Major,0,West,Bicycle,Going Ahead, , , , , ,Motorist turning right on red at signalized intersection strikes cyclist.,Driving Properly,Normal, ,Yes,Yes, , , , , , , , , , ,12,,,110,,1189
-79.443607,43.660639,80240982,5000961885,2015,2015-06-08T04:00:00.000Z,1915,19,PATON RD,LANSDOWNE AVE, ,Minor Arterial,Toronto and East York,43.660639,-79.443607,Intersection,At Intersection,Stop Sign,Other,Daylight,Other,Non-Fatal Injury,Angle,Driver,40 to 44,None,0,East, ,Going Ahead,Failed to Yield Right of Way,Unknown, , , , , , , ,Yes, , , , , , , ,Yes, , , ,11,,,93,,1190
-79.443607,43.660639,80240983,5000961885,2015,2015-06-08T04:00:00.000Z,1915,19,PATON RD,LANSDOWNE AVE, ,Minor Arterial,Toronto and East York,43.660639,-79.443607,Intersection,At Intersection,Stop Sign,Other,Daylight,Other,Non-Fatal Injury,Angle,Moped Driver,50 to 54,Major,0,North,Moped,Going Ahead,Driving Properly,Unknown, , , , , , , ,Yes, , , , , , , ,Yes, , , ,11,,,93,,1191
-79.41379,43.664545,7442504,1305919,2012,2012-06-10T04:00:00.000Z,1916,19,BLOOR Stre W,PALMERSTON Boul, ,Major Arterial,Toronto and East York,43.664545,-79.41379,Intersection, ,Traffic Signal,Clear,Daylight,Dry,Non-Fatal Injury,Cyclist Collisions,Driver,50 to 54,None,0,East,"Automobile, Station Wagon",Parked,Other,Normal, , , , , , , ,Yes,Yes, , , , , , , , , , ,14,,,80,,1192
-79.41379,43.664545,7442505,1305919,2012,2012-06-10T04:00:00.000Z,1916,19,BLOOR Stre W,PALMERSTON Boul, ,Major Arterial,Toronto and East York,43.664545,-79.41379,Intersection, ,Traffic Signal,Clear,Daylight,Dry,Non-Fatal Injury,Cyclist Collisions,Cyclist,45 to 49,Major,0,East,Bicycle,Overtaking, , , , , ,Cyclist struck opened vehicle door,Driving Properly,Normal, ,Yes,Yes, , , , , , , , , , ,14,,,80,,1193
-79.29568,43.708121,80167138,4002478309,2014,2014-07-11T04:00:00.000Z,1918,19,VICTORIA PARK AVE,GLENCREST BLVD, ,Major Arterial,Scarborough,43.708121,-79.29568,Intersection,At Intersection,No Control,Clear,Daylight,Dry,Non-Fatal Injury,Cyclist Collisions,Driver,50 to 54,None,0,South,"Automobile, Station Wagon",Going Ahead,Driving Properly,Normal, , , , , , , ,Yes,Yes, , , , , , , , , , ,"54,41",,,120,,1194
-79.29568,43.708121,80167139,4002478309,2014,2014-07-11T04:00:00.000Z,1918,19,VICTORIA PARK AVE,GLENCREST BLVD, ,Major Arterial,Scarborough,43.708121,-79.29568,Intersection,At Intersection,No Control,Clear,Daylight,Dry,Non-Fatal Injury,Cyclist Collisions,Cyclist,60 to 64,Major,0,South,Bicycle,Turning Left, , , , , ,Cyclist turned left across motorists path.,Improper Turn,Inattentive, ,Yes,Yes, , , , , , , , , , ,"54,41",,,120,,1195
-79.55466,43.685553,80913986,8000663907,2018,2018-04-13T04:00:00.000Z,1918,19,THE WESTWAY,KIPLING  AVE,11 m South of,Major Arterial,Etobicoke York,43.685553,-79.55466,Intersection,At Intersection,Traffic Signal,Rain,"Dark, artificial",Wet,Non-Fatal Injury,Cyclist Collisions,Driver,50 to 54,None,0,North,"Automobile, Station Wagon",Going Ahead,Driving Properly,Normal, , , , , , , ,Yes,Yes, , , , , , , , , , ,23,,,7,,1196
-79.55466,43.685553,80913987,8000663907,2018,2018-04-13T04:00:00.000Z,1918,19,THE WESTWAY,KIPLING  AVE,11 m South of,Major Arterial,Etobicoke York,43.685553,-79.55466,Intersection,At Intersection,Traffic Signal,Rain,"Dark, artificial",Wet,Non-Fatal Injury,Cyclist Collisions,Cyclist,20 to 24,Major,0,East,Bicycle,Turning Left, , , , , ,Cyclist turned left across motorists path.,Disobeyed Traffic Control,Normal, ,Yes,Yes, , , , , , , , , , ,23,,,7,,1197
-79.41979,43.724845,5368592,1042286,2008,2008-05-15T04:00:00.000Z,1920,19,WOBURN AVE,GREY RD, ,Collector,North York,43.724845,-79.41979,Intersection,At Intersection,Stop Sign,Clear,Daylight,Dry,Non-Fatal Injury,Cyclist Collisions,Driver,60 to 64,None,0,West,"Automobile, Station Wagon",Going Ahead,Driving Properly,Normal, , , , , , , ,Yes,Yes, , , , , , , , , , ,32,,,39,,1198
-79.41979,43.724845,5368593,1042286,2008,2008-05-15T04:00:00.000Z,1920,19,WOBURN AVE,GREY RD, ,Collector,North York,43.724845,-79.41979,Intersection,At Intersection,Stop Sign,Clear,Daylight,Dry,Non-Fatal Injury,Cyclist Collisions,Cyclist,35 to 39,Major,0,North,Bicycle,Going Ahead, , , , , ,"Cyclist without ROW rides into path of motorist at inter, lnwy, dwy-Cyclist not turn.",Failed to Yield Right of Way,Normal, ,Yes,Yes, , , , , , , , , , ,32,,,39,,1199
-79.37789,43.658245,6724677,1277761,2011,2011-10-29T04:00:00.000Z,1920,19,CHURCH ST,GOULD ST, ,Minor Arterial,Toronto and East York,43.658245,-79.37789,Intersection,At Intersection,Traffic Signal,Clear,Dark,Dry,Non-Fatal Injury,Cyclist Collisions,Other,unknown,None,0, ,Other,Parked, , , , , , , , , ,Yes,Yes, , , , , , , , , , ,51,,,75,,1200
-79.37789,43.658245,6724678,1277761,2011,2011-10-29T04:00:00.000Z,1920,19,CHURCH ST,GOULD ST, ,Minor Arterial,Toronto and East York,43.658245,-79.37789,Intersection,At Intersection,Traffic Signal,Clear,Dark,Dry,Non-Fatal Injury,Cyclist Collisions,Vehicle Owner,unknown, ,0, ,Other, , , , , , , , , , ,Yes,Yes, , , , , , , , , , ,51,,,75,,1201
-79.37789,43.658245,6724679,1277761,2011,2011-10-29T04:00:00.000Z,1920,19,CHURCH ST,GOULD ST, ,Minor Arterial,Toronto and East York,43.658245,-79.37789,Intersection,At Intersection,Traffic Signal,Clear,Dark,Dry,Non-Fatal Injury,Cyclist Collisions,Driver,50 to 54,None,0,North,"Automobile, Station Wagon",Overtaking,Other,Other, , , , , , , ,Yes,Yes, , , , , , , , , , ,51,,,75,,1202
-79.37789,43.658245,6724680,1277761,2011,2011-10-29T04:00:00.000Z,1920,19,CHURCH ST,GOULD ST, ,Minor Arterial,Toronto and East York,43.658245,-79.37789,Intersection,At Intersection,Traffic Signal,Clear,Dark,Dry,Non-Fatal Injury,Cyclist Collisions,Cyclist,20 to 24,None,0,North,Bicycle,Overtaking, , , , , ,Cyclist and Driver travelling in same direction. One vehicle sideswipes the other.,Driving Properly,Normal, ,Yes,Yes, , , , , , , , , , ,51,,,75,,1203
-79.37789,43.658245,6724681,1277761,2011,2011-10-29T04:00:00.000Z,1920,19,CHURCH ST,GOULD ST, ,Minor Arterial,Toronto and East York,43.658245,-79.37789,Intersection,At Intersection,Traffic Signal,Clear,Dark,Dry,Non-Fatal Injury,Cyclist Collisions,Cyclist,25 to 29,Major,0,North,Bicycle,Going Ahead, , , , , ,Cyclist and Driver travelling in same direction. One vehicle sideswipes the other.,Driving Properly,Normal, ,Yes,Yes, , , , , , , , , , ,51,,,75,,1204
-79.32799,43.694145,5430668,1069547,2008,2008-10-22T04:00:00.000Z,1927,19,COXWELL AVE,COSBURN AVE, ,Minor Arterial,Toronto and East York,43.694145,-79.32799,Intersection,At Intersection,Traffic Signal,Clear,Dark,Dry,Non-Fatal Injury,Cyclist Collisions,Driver,25 to 29,None,0,East,"Automobile, Station Wagon",Turning Left,Improper Turn,Normal, , , , , , , ,Yes,Yes, , , , , , , , , , ,54,,,58,,1205
-79.32799,43.694145,5430669,1069547,2008,2008-10-22T04:00:00.000Z,1927,19,COXWELL AVE,COSBURN AVE, ,Minor Arterial,Toronto and East York,43.694145,-79.32799,Intersection,At Intersection,Traffic Signal,Clear,Dark,Dry,Non-Fatal Injury,Cyclist Collisions,Cyclist,25 to 29,Major,0,West,Bicycle,Going Ahead, , , , , ,Motorist turned left across cyclists path.,Driving Properly,Normal, ,Yes,Yes, , , , , , , , , , ,54,,,58,,1206
-79.365978,43.659369,80949682,8001299322,2018,2018-07-16T04:00:00.000Z,1928,19,DUNDAS ST E,PARLIAMENT ST, ,Major Arterial,Toronto and East York,43.659369,-79.365978,Intersection,At Intersection,Traffic Signal,Clear,Daylight,Dry,Non-Fatal Injury,Cyclist Collisions,Cyclist,35 to 39,Major,0,South,Bicycle,Going Ahead, , , , , ,"Cyclist without ROW rides into path of motorist at inter, lnwy, dwy-Cyclist not turn.",Disobeyed Traffic Control,Unknown, ,Yes,Yes, , , , , , , , , , ,51,,,72,,1207
-79.365978,43.659369,80949683,8001299322,2018,2018-07-16T04:00:00.000Z,1928,19,DUNDAS ST E,PARLIAMENT ST, ,Major Arterial,Toronto and East York,43.659369,-79.365978,Intersection,At Intersection,Traffic Signal,Clear,Daylight,Dry,Non-Fatal Injury,Cyclist Collisions,Driver,55 to 59,None,0,West,"Automobile, Station Wagon",Going Ahead,Driving Properly,Normal, , , , , , , ,Yes,Yes, , , , , , , , , , ,51,,,72,,1208
-79.56569,43.738145,5444788,1075887,2008,2008-11-30T05:00:00.000Z,1930,19,BARKWIN DR,ISLINGTON AVE, ,Major Arterial,Etobicoke York,43.738145,-79.56569,Intersection,At Intersection,Stop Sign,Clear,Dark,Dry,Non-Fatal Injury,Cyclist Collisions,Driver,unknown,None,0,West,"Automobile, Station Wagon",Slowing or Stopping,Driving Properly,Unknown, , , , , , , ,Yes,Yes, , , , , , , , , , ,23,,,3,,1209
-79.56569,43.738145,5444789,1075887,2008,2008-11-30T05:00:00.000Z,1930,19,BARKWIN DR,ISLINGTON AVE, ,Major Arterial,Etobicoke York,43.738145,-79.56569,Intersection,At Intersection,Stop Sign,Clear,Dark,Dry,Non-Fatal Injury,Cyclist Collisions,Cyclist,45 to 49,Major,0,South,Bicycle,Going Ahead, , , , , ,"Cyclist without ROW rides into path of motorist at inter, lnwy, dwy-Cyclist not turn.",Failed to Yield Right of Way,Inattentive, ,Yes,Yes, , , , , , , , , , ,23,,,3,,1210
-79.43849,43.645445,6805446,1255302,2011,2011-08-30T04:00:00.000Z,1930,19,LANSDOWNE Aven,RIDEAU Aven, ,Minor Arterial,Toronto and East York,43.645445,-79.43849,Mid-Block, ,No Control,Clear,"Dark, artificial",Dry,Non-Fatal Injury,Cyclist Collisions,Vehicle Owner,unknown, ,0, ,Other, , , , , , , , , , ,Yes,Yes, , , , , ,Yes,Yes, , , ,11,,,86,,1211
-79.43849,43.645445,6805447,1255302,2011,2011-08-30T04:00:00.000Z,1930,19,LANSDOWNE Aven,RIDEAU Aven, ,Minor Arterial,Toronto and East York,43.645445,-79.43849,Mid-Block, ,No Control,Clear,"Dark, artificial",Dry,Non-Fatal Injury,Cyclist Collisions,Driver,20 to 24,None,0,South,"Automobile, Station Wagon",Parked,Other,Unknown, , , , , , , ,Yes,Yes, , , , , ,Yes,Yes, , , ,11,,,86,,1212
-79.43849,43.645445,6805448,1255302,2011,2011-08-30T04:00:00.000Z,1930,19,LANSDOWNE Aven,RIDEAU Aven, ,Minor Arterial,Toronto and East York,43.645445,-79.43849,Mid-Block, ,No Control,Clear,"Dark, artificial",Dry,Non-Fatal Injury,Cyclist Collisions,Cyclist,35 to 39,Major,0,South,Bicycle,Going Ahead, , , , , ,Cyclist struck opened vehicle door,Speed too Fast For Condition,Unknown, ,Yes,Yes, , , , , ,Yes,Yes, , , ,11,,,86,,1213
-79.38239,43.671145,7456571,1311734,2012,2012-08-13T04:00:00.000Z,1930,19,BLOOR ST E,ST PAULS SQ, ,Major Arterial,Toronto and East York,43.671145,-79.38239,Intersection, ,No Control,Clear,Daylight,Dry,Non-Fatal Injury,Cyclist Collisions,Driver,25 to 29,None,0,East,"Automobile, Station Wagon",Changing Lanes,Improper Lane Change,Unknown, , , , , , , ,Yes,Yes, , , , , , , , , , ,"51,53",,,75,,1214
-79.38239,43.671145,7456572,1311734,2012,2012-08-13T04:00:00.000Z,1930,19,BLOOR ST E,ST PAULS SQ, ,Major Arterial,Toronto and East York,43.671145,-79.38239,Intersection, ,No Control,Clear,Daylight,Dry,Non-Fatal Injury,Cyclist Collisions,Vehicle Owner,unknown, ,0, ,Other, , , , , , , , , , ,Yes,Yes, , , , , , , , , , ,"51,53",,,75,,1215
-79.38239,43.671145,7456573,1311734,2012,2012-08-13T04:00:00.000Z,1930,19,BLOOR ST E,ST PAULS SQ, ,Major Arterial,Toronto and East York,43.671145,-79.38239,Intersection, ,No Control,Clear,Daylight,Dry,Non-Fatal Injury,Cyclist Collisions,Cyclist,60 to 64,Major,0,East,Bicycle,Going Ahead, , , , , ,Cyclist and Driver travelling in same direction. One vehicle sideswipes the other.,Driving Properly,Normal, ,Yes,Yes, , , , , , , , , , ,"51,53",,,75,,1216
-79.562839,43.75064,80163970,4002291464,2014,2014-06-14T04:00:00.000Z,1930,19,92 DUNCANWOODS DR, , ,Collector,Etobicoke York,43.75064,-79.562839,Mid-Block,At/Near Private Drive,No Control,Clear,Daylight,Dry,Non-Fatal Injury,Cyclist Collisions,Driver,75 to 79,None,0,North,"Automobile, Station Wagon",Going Ahead,Failed to Yield Right of Way,Inattentive, , , , , , , ,Yes,Yes, , , , , , ,Yes, , , ,31,,,21,,1217
-79.562839,43.75064,80163971,4002291464,2014,2014-06-14T04:00:00.000Z,1930,19,92 DUNCANWOODS DR, , ,Collector,Etobicoke York,43.75064,-79.562839,Mid-Block,At/Near Private Drive,No Control,Clear,Daylight,Dry,Non-Fatal Injury,Cyclist Collisions,Cyclist,5 to 9,Major,0,West,Bicycle,Going Ahead, , , , , ,"Motorist without ROW drives into path of cyclist at inter, lnwy, dwy-Driver not turn.",Driving Properly,Normal, ,Yes,Yes, , , , , , ,Yes, , , ,31,,,21,,1218
-79.424739,43.649428,80164617,4002366263,2014,2014-06-19T04:00:00.000Z,1930,19,DUNDAS ST W,DOVERCOURT RD, ,Minor Arterial,Toronto and East York,43.649428,-79.424739,Intersection,Non Intersection,No Control,Clear,Daylight,Dry,Non-Fatal Injury,Cyclist Collisions,Passenger,25 to 29,None,0, , , , , , , , , , , , ,Yes,Yes, , , , ,Yes, ,Yes, , , ,14,,,81,,1219
-79.424739,43.649428,80164618,4002366263,2014,2014-06-19T04:00:00.000Z,1930,19,DUNDAS ST W,DOVERCOURT RD, ,Minor Arterial,Toronto and East York,43.649428,-79.424739,Intersection,Non Intersection,No Control,Clear,Daylight,Dry,Non-Fatal Injury,Cyclist Collisions,Driver,20 to 24,None,0,West,"Automobile, Station Wagon",Turning Left,Failed to Yield Right of Way,Normal, , , , , , , ,Yes,Yes, , , , ,Yes, ,Yes, , , ,14,,,81,,1220
-79.424739,43.649428,80164619,4002366263,2014,2014-06-19T04:00:00.000Z,1930,19,DUNDAS ST W,DOVERCOURT RD, ,Minor Arterial,Toronto and East York,43.649428,-79.424739,Intersection,Non Intersection,No Control,Clear,Daylight,Dry,Non-Fatal Injury,Cyclist Collisions,Cyclist,25 to 29,Major,0,East,Bicycle,Going Ahead, , , , , ,Motorist turned left across cyclists path.,Driving Properly,Normal, ,Yes,Yes, , , , ,Yes, ,Yes, , , ,14,,,81,,1221
-79.36629,43.694045,7465292,1315507,2012,2012-08-08T04:00:00.000Z,1935,19,BAYVIEW AVE,NESBITT DR, ,Major Arterial,Toronto and East York,43.694045,-79.36629,Intersection,At Intersection,Traffic Signal,Clear,Daylight,Dry,Non-Fatal Injury,Cyclist Collisions,Driver,70 to 74,None,0,North,"Automobile, Station Wagon",Turning Left,Failed to Yield Right of Way,Inattentive, , , , , , , ,Yes,Yes, , , , , , ,Yes, , , ,53,,,56,,1222
-79.36629,43.694045,7465293,1315507,2012,2012-08-08T04:00:00.000Z,1935,19,BAYVIEW AVE,NESBITT DR, ,Major Arterial,Toronto and East York,43.694045,-79.36629,Intersection,At Intersection,Traffic Signal,Clear,Daylight,Dry,Non-Fatal Injury,Cyclist Collisions,Cyclist,25 to 29,Major,0,South,Bicycle,Going Ahead, , , , , ,Motorist turned left across cyclists path.,Driving Properly,Normal, ,Yes,Yes, , , , , , ,Yes, , , ,53,,,56,,1223
-79.43275,43.669692,7890669,1386897,2013,2013-09-15T04:00:00.000Z,1937,19,DUPONT St,DOVERCOURT Rd, ,Major Arterial,Toronto and East York,43.669692,-79.43275,Intersection, ,Traffic Signal,Rain,"Dark, artificial",Wet,Non-Fatal Injury,Cyclist Collisions,Driver,20 to 24,None,0,West,"Automobile, Station Wagon",Going Ahead,Improper Passing,Inattentive, , , , , , , ,Yes,Yes, , , , , , ,Yes, , , ,14,,,93,,1224
-79.43275,43.669692,7890670,1386897,2013,2013-09-15T04:00:00.000Z,1937,19,DUPONT St,DOVERCOURT Rd, ,Major Arterial,Toronto and East York,43.669692,-79.43275,Intersection, ,Traffic Signal,Rain,"Dark, artificial",Wet,Non-Fatal Injury,Cyclist Collisions,Cyclist,30 to 34,Major,0,West,Bicycle,Stopped, , , , , ,Cyclist and Driver travelling in same direction. One vehicle rear-ended the other.,Driving Properly,Normal, ,Yes,Yes, , , , , , ,Yes, , , ,14,,,93,,1225
-79.35889,43.676545,7841568,1366122,2013,2013-07-11T04:00:00.000Z,1939,19,BROADVIEW Ave,DANFORTH Ave, ,Minor Arterial,Toronto and East York,43.676545,-79.35889,Mid-Block, ,No Control,Clear,Daylight,Dry,Non-Fatal Injury,Pedestrian Collisions,Pedestrian,unknown,None,0,East,"Automobile, Station Wagon",Going Ahead, , ,Pedestrian hit at mid-block,"Crossing, no Traffic Control",Inattentive, , , ,Yes,Yes,Yes, , , , , , , , , , ,54,,,67,,1226
-79.35889,43.676545,7841569,1366122,2013,2013-07-11T04:00:00.000Z,1939,19,BROADVIEW Ave,DANFORTH Ave, ,Minor Arterial,Toronto and East York,43.676545,-79.35889,Mid-Block, ,No Control,Clear,Daylight,Dry,Non-Fatal Injury,Pedestrian Collisions,Cyclist,35 to 39,Major,0,South,Bicycle,Going Ahead, , , , , ,Cyclist strikes pedestrian.,Driving Properly,Normal,Yes,Yes,Yes, , , , , , , , , , ,54,,,67,,1227
-79.435558,43.649817,80542794,6000951747,2016,2016-06-01T04:00:00.000Z,1940,19,DUNDAS ST W,BROCK AVE, ,Minor Arterial,Toronto and East York,43.649817,-79.435558,Intersection,At Intersection,Traffic Signal,Clear,Daylight,Dry,Non-Fatal Injury,Cyclist Collisions,Cyclist,30 to 34,Major,0,West,Bicycle,Turning Left, , , , , ,Cyclist turned left across motorists path.,Disobeyed Traffic Control,Inattentive, ,Yes,Yes, , , , , , , , , , ,11,,,84,,1228
-79.435558,43.649817,80542795,6000951747,2016,2016-06-01T04:00:00.000Z,1940,19,DUNDAS ST W,BROCK AVE, ,Minor Arterial,Toronto and East York,43.649817,-79.435558,Intersection,At Intersection,Traffic Signal,Clear,Daylight,Dry,Non-Fatal Injury,Cyclist Collisions,Driver,25 to 29,None,0,South,"Automobile, Station Wagon",Going Ahead,Driving Properly,Normal, , , , , , , ,Yes,Yes, , , , , , , , , , ,11,,,84,,1229