X,Y,Index_,ACCNUM,YEAR,DATE,TIME,Hour,STREET1,STREET2,OFFSET,ROAD_CLASS,District,LATITUDE,LONGITUDE,LOCCOORD,ACCLOC,TRAFFCTL,VISIBILITY,LIGHT,RDSFCOND,ACCLASS,IMPACTYPE,INVTYPE,INVAGE,INJURY,FATAL_NO,INITDIR,VEHTYPE,MANOEUVER,DRIVACT,DRIVCOND,PEDTYPE,PEDACT,PEDCOND,CYCLISTYPE,CYCACT,CYCCOND,PEDESTRIAN,CYCLIST,AUTOMOBILE,MOTORCYCLE,TRUCK,TRSN_CITY_,EMERG_VEH,PASSENGER,SPEEDING,AG_DRIV,REDLIGHT,ALCOHOL,DISABILITY,Division,Ward_Name,Ward_ID,Hood_ID,Hood_Name,ObjectId
-79.30259,43.677545,5059944,1142399,2009,2009-12-15T05:00:00.000Z,1943,19,505 KINGSTON RD, , ,Major Arterial,Toronto and East York,43.677545,-79.30259,Mid-Block, ,No Control,Clear,Dark,Dry,Non-Fatal Injury,Cyclist Collisions,Driver,unknown,None,0,Unknown,"Automobile, Station Wagon",Parked,Other,Unknown, , , , , , , ,Yes,Yes, , , , , , , , , , ,55,,,63,,1230
-79.30259,43.677545,5059945,1142399,2009,2009-12-15T05:00:00.000Z,1943,19,505 KINGSTON RD, , ,Major Arterial,Toronto and East York,43.677545,-79.30259,Mid-Block, ,No Control,Clear,Dark,Dry,Non-Fatal Injury,Cyclist Collisions,Driver,unknown,None,0,West,"Automobile, Station Wagon",Parked,Other,Unknown, , , , , , , ,Yes,Yes, , , , , , , , , , ,55,,,63,,1231
-79.30259,43.677545,5059946,1142399,2009,2009-12-15T05:00:00.000Z,1943,19,505 KINGSTON RD, , ,Major Arterial,Toronto and East York,43.677545,-79.30259,Mid-Block, ,No Control,Clear,Dark,Dry,Non-Fatal Injury,Cyclist Collisions,Cyclist,40 to 44,Major,0,West,Bicycle,Going Ahead, , , , , ,Cyclist strikes a parked vehicle.,Improper Passing,"Ability Impaired, Alcohol", ,Yes,Yes, , , , , , , , , , ,55,,,63,,1232
-79.574855,43.764334,7876444,1381080,2013,2013-08-01T04:00:00.000Z,1943,19,STEELES AVE W,ISLINGTON AVE, ,Major Arterial,Etobicoke York,43.764334,-79.574855,Intersection,At Intersection,Traffic Signal,Clear,Dusk,Dry,Non-Fatal Injury,Cyclist Collisions,Driver,55 to 59,None,0,North,"Automobile, Station Wagon",Turning Left,Failed to Yield Right of Way,Normal, , , , , , , ,Yes,Yes, , , , , , ,Yes, , , ,31,,,21,,1233
-79.574855,43.764334,7876445,1381080,2013,2013-08-01T04:00:00.000Z,1943,19,STEELES AVE W,ISLINGTON AVE, ,Major Arterial,Etobicoke York,43.764334,-79.574855,Intersection,At Intersection,Traffic Signal,Clear,Dusk,Dry,Non-Fatal Injury,Cyclist Collisions,Cyclist,50 to 54,Major,0,South,Bicycle,Going Ahead, , , , , ,Motorist turned left across cyclists path.,Other,Normal, ,Yes,Yes, , , , , , ,Yes, , , ,31,,,21,,1234
-79.39669,43.693045,6696581,1263122,2011,2011-08-25T04:00:00.000Z,1944,19,LAWTON Blvd,WALMSLEY Blvd, ,Local,Toronto and East York,43.693045,-79.39669,Intersection, ,No Control,Clear,Daylight,Dry,Non-Fatal Injury,Cyclist Collisions,Driver,40 to 44,None,0,North,"Automobile, Station Wagon",Overtaking,Driving Properly,Normal, , , , , , , ,Yes,Yes, , , , , , , , , , ,53,,,97,,1235
-79.39669,43.693045,6696582,1263122,2011,2011-08-25T04:00:00.000Z,1944,19,LAWTON Blvd,WALMSLEY Blvd, ,Local,Toronto and East York,43.693045,-79.39669,Intersection, ,No Control,Clear,Daylight,Dry,Non-Fatal Injury,Cyclist Collisions,Cyclist,50 to 54,Major,0,North,Bicycle,Going Ahead, , , , , ,Cyclist and Driver travelling in same direction. One vehicle sideswipes the other.,Improper Passing,Normal, ,Yes,Yes, , , , , , , , , , ,53,,,97,,1236
-79.56039,43.751045,6705555,1266995,2011,2011-09-25T04:00:00.000Z,1945,19,GRACEDALE Boul,DUNCANWOODS Driv, ,Collector,Etobicoke York,43.751045,-79.56039,Intersection,At Intersection,Stop Sign,Clear,Dark,Dry,Non-Fatal Injury,Cyclist Collisions,Driver,65 to 69,None,0,South,"Automobile, Station Wagon",Going Ahead,Failed to Yield Right of Way,Normal, , , , , , , ,Yes,Yes, , , , , , ,Yes, , , ,31,,,21,,1237
-79.56039,43.751045,6705556,1266995,2011,2011-09-25T04:00:00.000Z,1945,19,GRACEDALE Boul,DUNCANWOODS Driv, ,Collector,Etobicoke York,43.751045,-79.56039,Intersection,At Intersection,Stop Sign,Clear,Dark,Dry,Non-Fatal Injury,Cyclist Collisions,Cyclist,10 to 14,Major,0,West,Bicycle,Going Ahead, , , , , ,"Motorist without ROW drives into path of cyclist at inter, lnwy, dwy-Driver not turn.",Driving Properly,Normal, ,Yes,Yes, , , , , , ,Yes, , , ,31,,,21,,1238
-79.38089,43.656345,6183559,1186302,2010,2010-07-26T04:00:00.000Z,1947,19,YONGE ST,DUNDAS ST E, ,Major Arterial,Toronto and East York,43.656345,-79.38089,Intersection, ,Traffic Signal,Clear,Daylight,Dry,Non-Fatal Injury,Cyclist Collisions,Driver,30 to 34,Major,0,North,Other,Going Ahead,Driving Properly,Normal, , , , , , , ,Yes, , , , , , , , , , , ,"51,52",,,75,,1239
-79.38089,43.656345,6183560,1186302,2010,2010-07-26T04:00:00.000Z,1947,19,YONGE ST,DUNDAS ST E, ,Major Arterial,Toronto and East York,43.656345,-79.38089,Intersection, ,Traffic Signal,Clear,Daylight,Dry,Non-Fatal Injury,Cyclist Collisions,Vehicle Owner,unknown, ,0, ,Other, , , , , , , , , , ,Yes, , , , , , , , , , , ,"51,52",,,75,,1240
-79.38089,43.656345,6183561,1186302,2010,2010-07-26T04:00:00.000Z,1947,19,YONGE ST,DUNDAS ST E, ,Major Arterial,Toronto and East York,43.656345,-79.38089,Intersection, ,Traffic Signal,Clear,Daylight,Dry,Non-Fatal Injury,Cyclist Collisions,Cyclist,40 to 44,None,0,North,Bicycle,Turning Left, , , , , ,Cyclist turned left across motorists path.,Improper Turn,Had Been Drinking, ,Yes, , , , , , , , , , , ,"51,52",,,75,,1241
-79.402095,43.663043,80207051,4001910374,2014,2014-04-08T04:00:00.000Z,1955,19,HARBORD ST,SPADINA AVE,25 m East of,Major Arterial,Toronto and East York,43.663043,-79.402095,Intersection,Non Intersection,No Control,Other,Daylight,Dry,Non-Fatal Injury,Cyclist Collisions,Driver,20 to 24,None,0,East,"Automobile, Station Wagon",Parked,Other,Unknown, , , , , , , ,Yes,Yes, , , , ,Yes, , , , , ,"14,52",,,79,,1242
-79.402095,43.663043,80207052,4001910374,2014,2014-04-08T04:00:00.000Z,1955,19,HARBORD ST,SPADINA AVE,25 m East of,Major Arterial,Toronto and East York,43.663043,-79.402095,Intersection,Non Intersection,No Control,Other,Daylight,Dry,Non-Fatal Injury,Cyclist Collisions,Cyclist,20 to 24,Major,0,East,Bicycle,Going Ahead, , , , , ,Cyclist struck opened vehicle door,Driving Properly,Normal, ,Yes,Yes, , , , ,Yes, , , , , ,"14,52",,,79,,1243
-79.402095,43.663043,80207053,4001910374,2014,2014-04-08T04:00:00.000Z,1955,19,HARBORD ST,SPADINA AVE,25 m East of,Major Arterial,Toronto and East York,43.663043,-79.402095,Intersection,Non Intersection,No Control,Other,Daylight,Dry,Non-Fatal Injury,Cyclist Collisions,Passenger,50 to 54,None,0, , , , , , , , , , , , ,Yes,Yes, , , , ,Yes, , , , , ,"14,52",,,79,,1244
-79.465877,43.665415,80158371,4001952133,2014,2014-04-24T04:00:00.000Z,1956,19,MAVETY ST,DUNDAS ST W, ,Major Arterial,Toronto and East York,43.665415,-79.465877,Intersection,At Intersection,No Control,Clear,"Dusk, artificial",Dry,Non-Fatal Injury,Cyclist Collisions,Driver,65 to 69,None,0,East,"Automobile, Station Wagon",Parked,Other,Inattentive, , , , , , , ,Yes,Yes, , , , , , , , , , ,11,,,90,,1245
-79.465877,43.665415,80158372,4001952133,2014,2014-04-24T04:00:00.000Z,1956,19,MAVETY ST,DUNDAS ST W, ,Major Arterial,Toronto and East York,43.665415,-79.465877,Intersection,At Intersection,No Control,Clear,"Dusk, artificial",Dry,Non-Fatal Injury,Cyclist Collisions,Cyclist,35 to 39,Major,0,East,Bicycle,Going Ahead, , , , , ,Cyclist struck opened vehicle door,Driving Properly,Normal, ,Yes,Yes, , , , , , , , , , ,11,,,90,,1246
-79.262058,43.820048,80950662,8001679287,2018,2018-09-10T04:00:00.000Z,1957,19,MIDDLEFIELD RD,MCNICOLL AVE,1 m North of,Minor Arterial,Scarborough,43.820048,-79.262058,Intersection,At Intersection,Traffic Signal,Rain,"Dusk, artificial",Wet,Non-Fatal Injury,Cyclist Collisions,Cyclist,55 to 59,Major,0,West,Bicycle,Going Ahead, , , , , ,"Cyclist without ROW rides into path of motorist at inter, lnwy, dwy-Cyclist not turn.",Disobeyed Traffic Control,Unknown, ,Yes,Yes, , , , , , , , , , ,42,,,130,,1247
-79.262058,43.820048,80950663,8001679287,2018,2018-09-10T04:00:00.000Z,1957,19,MIDDLEFIELD RD,MCNICOLL AVE,1 m North of,Minor Arterial,Scarborough,43.820048,-79.262058,Intersection,At Intersection,Traffic Signal,Rain,"Dusk, artificial",Wet,Non-Fatal Injury,Cyclist Collisions,Driver,25 to 29,None,0,South,"Automobile, Station Wagon",Going Ahead,Driving Properly,Unknown, , , , , , , ,Yes,Yes, , , , , , , , , , ,42,,,130,,1248
-79.31409,43.685345,6189917,1188927,2010,2010-08-07T04:00:00.000Z,2000,20,DANFORTH AVE,MOBERLY AVE, ,Major Arterial,Toronto and East York,43.685345,-79.31409,Intersection, ,No Control,Clear,Dusk,Dry,Non-Fatal Injury,Cyclist Collisions,Driver,70 to 74,None,0,East,"Automobile, Station Wagon",Going Ahead,Lost control,Unknown, , , , , , , ,Yes,Yes, , , , , , , , , , ,"54,55",,,64,,1249
-79.31409,43.685345,6189918,1188927,2010,2010-08-07T04:00:00.000Z,2000,20,DANFORTH AVE,MOBERLY AVE, ,Major Arterial,Toronto and East York,43.685345,-79.31409,Intersection, ,No Control,Clear,Dusk,Dry,Non-Fatal Injury,Cyclist Collisions,Cyclist,20 to 24,Major,0,West,Bicycle,Going Ahead, , , , , ,Motorist loses control and strikes cyclist.,Driving Properly,Normal, ,Yes,Yes, , , , , , , , , , ,"54,55",,,64,,1250
-79.45059,43.661045,7441866,1305650,2012,2012-06-07T04:00:00.000Z,2000,20,WALLACE AVE,PERTH AVE, ,Local,Toronto and East York,43.661045,-79.45059,Intersection,At Intersection,Stop Sign,Clear,"Dark, artificial",Dry,Non-Fatal Injury,Cyclist Collisions,Driver,unknown,None,0,North,"Automobile, Station Wagon",Going Ahead,Failed to Yield Right of Way,Unknown, , , , , , , ,Yes,Yes, , , , , , ,Yes, , , ,11,,,93,,1251
-79.45059,43.661045,7441867,1305650,2012,2012-06-07T04:00:00.000Z,2000,20,WALLACE AVE,PERTH AVE, ,Local,Toronto and East York,43.661045,-79.45059,Intersection,At Intersection,Stop Sign,Clear,"Dark, artificial",Dry,Non-Fatal Injury,Cyclist Collisions,Cyclist,45 to 49,Major,0,East,Bicycle,Going Ahead, , , , , ,"Motorist without ROW drives into path of cyclist at inter, lnwy, dwy-Driver not turn.",Driving Properly,Had Been Drinking, ,Yes,Yes, , , , , , ,Yes, , , ,11,,,93,,1252
-79.395587,43.648944,7812849,1353734,2013,2013-04-04T04:00:00.000Z,2000,20,QUEEN St W,SPADINA Ave, ,Major Arterial,Toronto and East York,43.648944,-79.395587,Mid-Block, ,No Control,Clear,"Dusk, artificial",Dry,Non-Fatal Injury,Approaching,Vehicle Owner,unknown, ,0, , , , , , , , , , , , ,Yes, , , ,Yes, ,Yes, , , , , ,52,,,78,,1253
-79.395587,43.648944,7812850,1353734,2013,2013-04-04T04:00:00.000Z,2000,20,QUEEN St W,SPADINA Ave, ,Major Arterial,Toronto and East York,43.648944,-79.395587,Mid-Block, ,No Control,Clear,"Dusk, artificial",Dry,Non-Fatal Injury,Approaching,Driver,25 to 29,None,0,West,Street Car,Going Ahead,Driving Properly,Normal, , , , , , , ,Yes, , , ,Yes, ,Yes, , , , , ,52,,,78,,1254
-79.395587,43.648944,7812851,1353734,2013,2013-04-04T04:00:00.000Z,2000,20,QUEEN St W,SPADINA Ave, ,Major Arterial,Toronto and East York,43.648944,-79.395587,Mid-Block, ,No Control,Clear,"Dusk, artificial",Dry,Non-Fatal Injury,Approaching,Passenger,55 to 59,Minor,0, , , , , , , , , , , , ,Yes, , , ,Yes, ,Yes, , , , , ,52,,,78,,1255
-79.395587,43.648944,7812852,1353734,2013,2013-04-04T04:00:00.000Z,2000,20,QUEEN St W,SPADINA Ave, ,Major Arterial,Toronto and East York,43.648944,-79.395587,Mid-Block, ,No Control,Clear,"Dusk, artificial",Dry,Non-Fatal Injury,Approaching,Moped Driver,55 to 59,Major,0,East,Moped,Going Ahead, , , , , , , , , ,Yes, , , ,Yes, ,Yes, , , , , ,52,,,78,,1256
-79.386249,43.650012,80543378,6000956129,2016,2016-05-28T04:00:00.000Z,2005,20,RICHMOND ST W,UNIVERSITY AVE, ,Major Arterial,Toronto and East York,43.650012,-79.386249,Intersection,At Intersection,Traffic Signal,Clear,Daylight,Dry,Non-Fatal Injury,Cyclist Collisions,Driver,unknown,None,0,West,"Automobile, Station Wagon",Turning Right,Failed to Yield Right of Way,Inattentive, , , , , , , ,Yes,Yes, , , , , , ,Yes, , , ,52,,,76,,1257
-79.386249,43.650012,80543379,6000956129,2016,2016-05-28T04:00:00.000Z,2005,20,RICHMOND ST W,UNIVERSITY AVE, ,Major Arterial,Toronto and East York,43.650012,-79.386249,Intersection,At Intersection,Traffic Signal,Clear,Daylight,Dry,Non-Fatal Injury,Cyclist Collisions,Cyclist,25 to 29,Major,0,West,Bicycle,Going Ahead, , , , , ,Motorist turning right on green or amber at signalized intersection strikes cyclist.,Driving Properly,Normal, ,Yes,Yes, , , , , , ,Yes, , , ,52,,,76,,1258
-79.31829,43.670645,5260187,1113770,2009,2009-06-06T04:00:00.000Z,2009,20,COXWELL Ave,ROBBINS Ave, ,Minor Arterial,Toronto and East York,43.670645,-79.31829,Mid-Block, ,No Control,Clear,Daylight,Dry,Non-Fatal Injury,Cyclist Collisions,Driver,40 to 44,None,0,South,"Automobile, Station Wagon",Parked,Other,Inattentive, , , , , , , ,Yes,Yes, , , , , , , , , , ,55,,,64,,1259
-79.31829,43.670645,5260188,1113770,2009,2009-06-06T04:00:00.000Z,2009,20,COXWELL Ave,ROBBINS Ave, ,Minor Arterial,Toronto and East York,43.670645,-79.31829,Mid-Block, ,No Control,Clear,Daylight,Dry,Non-Fatal Injury,Cyclist Collisions,Cyclist,50 to 54,Major,0,South,Bicycle,Going Ahead, , , , , ,Cyclist struck opened vehicle door,Driving Properly,Normal, ,Yes,Yes, , , , , , , , , , ,55,,,64,,1260
-79.55611,43.614146,80497569,6000143198,2016,2016-01-23T05:00:00.000Z,2010,20,THE QUEENSWAY,NORTH QUEEN ST, ,Major Arterial,Etobicoke York,43.614146,-79.55611,Intersection,At Intersection,Traffic Signal,Clear,"Dark, artificial",Dry,Non-Fatal Injury,Cyclist Collisions,Driver,50 to 54,None,0,East,"Automobile, Station Wagon",Turning Left,Failed to Yield Right of Way,Unknown, , , , , , , ,Yes,Yes, , , , , ,Yes,Yes, , , ,22,,,14,,1261
-79.55611,43.614146,80497570,6000143198,2016,2016-01-23T05:00:00.000Z,2010,20,THE QUEENSWAY,NORTH QUEEN ST, ,Major Arterial,Etobicoke York,43.614146,-79.55611,Intersection,At Intersection,Traffic Signal,Clear,"Dark, artificial",Dry,Non-Fatal Injury,Cyclist Collisions,Cyclist,20 to 24,Major,0,West,Bicycle,Going Ahead, , , , , ,Motorist turned left across cyclists path.,Other,Unknown, ,Yes,Yes, , , , , ,Yes,Yes, , , ,22,,,14,,1262
-79.35094,43.658515,80972619,8001860748,2018,2018-10-08T04:00:00.000Z,2015,20,685 QUEEN ST E, ,Near #685,Major Arterial,Toronto and East York,43.658515,-79.35094,Intersection,At Intersection,No Control,Clear,"Dusk, artificial",Dry,Fatal,Cyclist Collisions,Cyclist,60 to 64,Fatal,54,East,Bicycle,Going Ahead, , , , , ,Cyclist strikes a parked vehicle.,Lost control,Unknown, ,Yes,Yes, , ,Yes, , , , , , , ,55,,,70,,1263
-79.35094,43.658515,80973080,8001860748,2018,2018-10-08T04:00:00.000Z,2015,20,685 QUEEN ST E, ,Near #685,Major Arterial,Toronto and East York,43.658515,-79.35094,Intersection,At Intersection,No Control,Clear,"Dusk, artificial",Dry,Fatal,Cyclist Collisions,Driver,30 to 34,None,0,East,Street Car,Going Ahead,Driving Properly,Normal, , , , , , , ,Yes,Yes, , ,Yes, , , , , , , ,55,,,70,,1264
-79.35094,43.658515,80973081,8001860748,2018,2018-10-08T04:00:00.000Z,2015,20,685 QUEEN ST E, ,Near #685,Major Arterial,Toronto and East York,43.658515,-79.35094,Intersection,At Intersection,No Control,Clear,"Dusk, artificial",Dry,Fatal,Cyclist Collisions,Other,unknown,None,0,East,"Automobile, Station Wagon",Parked, , , , , , , , , ,Yes,Yes, , ,Yes, , , , , , , ,55,,,70,,1265
-79.45109,43.671045,6162408,1177384,2010,2010-07-15T04:00:00.000Z,2018,20,CALEDONIA PARK RD,DAVENPORT RD, ,Minor Arterial,Toronto and East York,43.671045,-79.45109,Intersection,At Intersection,Traffic Controller,Clear,Dusk,Dry,Non-Fatal Injury,Cyclist Collisions,Cyclist,40 to 44,Major,0,South,Bicycle,Turning Left, , , , , ,"Cyclist loses control and strikes object (pole, ttc track)",Lost control,Normal, ,Yes, , , , , , , , , , , ,"11,13",,,93,,1266
-79.429141,43.631358,80783390,7001696237,2017,2017-09-18T04:00:00.000Z,2019,20,LAKE SHORE BLVD W,BRITISH COLUMBIA RD,1 m West of,Expressway,Toronto and East York,43.631358,-79.429141,Intersection,At Intersection,Traffic Signal,Clear,"Dark, artificial",Dry,Non-Fatal Injury,Cyclist Collisions,Cyclist,15 to 19,Major,0,South,Bicycle,Going Ahead, , , , , ,"Cyclist without ROW rides into path of motorist at inter, lnwy, dwy-Cyclist not turn.",Disobeyed Traffic Control,Normal, ,Yes,Yes, , , , , , , , , , ,14,,,85,,1267
-79.429141,43.631358,80783391,7001696237,2017,2017-09-18T04:00:00.000Z,2019,20,LAKE SHORE BLVD W,BRITISH COLUMBIA RD,1 m West of,Expressway,Toronto and East York,43.631358,-79.429141,Intersection,At Intersection,Traffic Signal,Clear,"Dark, artificial",Dry,Non-Fatal Injury,Cyclist Collisions,Driver,60 to 64,None,0,West,"Automobile, Station Wagon",Going Ahead,Driving Properly,Normal, , , , , , , ,Yes,Yes, , , , , , , , , , ,14,,,85,,1268
-79.37999,43.663645,6657620,1246241,2011,2011-06-13T04:00:00.000Z,2020,20,CHURCH ST,ALEXANDER ST, ,Minor Arterial,Toronto and East York,43.663645,-79.37999,Intersection, ,No Control,Clear,Dark,Dry,Non-Fatal Injury,Cyclist Collisions,Driver,30 to 34,None,0,North,"Automobile, Station Wagon",Parked,Other,Normal, , , , , , , ,Yes,Yes, , , , , , , , , , ,51,,,75,,1269
-79.37999,43.663645,6657621,1246241,2011,2011-06-13T04:00:00.000Z,2020,20,CHURCH ST,ALEXANDER ST, ,Minor Arterial,Toronto and East York,43.663645,-79.37999,Intersection, ,No Control,Clear,Dark,Dry,Non-Fatal Injury,Cyclist Collisions,Cyclist,25 to 29,Major,0,North,Bicycle,Going Ahead, , , , , ,Cyclist and Driver travelling in same direction. One vehicle sideswipes the other.,Driving Properly,Normal, ,Yes,Yes, , , , , , , , , , ,51,,,75,,1270
-79.43829,43.650045,7406600,1290624,2012,2012-02-27T05:00:00.000Z,2020,20,DUNDAS ST W,ST CLARENS AVE, ,Minor Arterial,Toronto and East York,43.650045,-79.43829,Intersection,At Intersection,Stop Sign,Clear,Dark,Dry,Non-Fatal Injury,Cyclist Collisions,Driver,unknown,None,0,North,"Automobile, Station Wagon",Going Ahead,Disobeyed Traffic Control,Unknown, , , , , , , ,Yes,Yes, , , , , , ,Yes, , , ,11,,,84,,1271
-79.43829,43.650045,7406601,1290624,2012,2012-02-27T05:00:00.000Z,2020,20,DUNDAS ST W,ST CLARENS AVE, ,Minor Arterial,Toronto and East York,43.650045,-79.43829,Intersection,At Intersection,Stop Sign,Clear,Dark,Dry,Non-Fatal Injury,Cyclist Collisions,Cyclist,50 to 54,Major,0,West,Bicycle,Going Ahead, , , , , ,"Motorist without ROW drives into path of cyclist at inter, lnwy, dwy-Driver not turn.",Driving Properly,Normal, ,Yes,Yes, , , , , , ,Yes, , , ,11,,,84,,1272
-79.34344,43.737162,80255553,5001921835,2015,2015-11-08T05:00:00.000Z,2020,20,LAWRENCE AVE E,DON MILLS RD, ,Major Arterial,North York,43.737162,-79.34344,Intersection,At Intersection,Traffic Signal,Clear,Dark,Dry,Non-Fatal Injury,Cyclist Collisions,Cyclist,15 to 19,Major,0,East,Bicycle,Turning Left, , , , , ,Cyclist turned left across motorists path.,Failed to Yield Right of Way,Unknown, ,Yes,Yes, , , , , , ,Yes, , , ,33,,,42,,1273
-79.34344,43.737162,80255554,5001921835,2015,2015-11-08T05:00:00.000Z,2020,20,LAWRENCE AVE E,DON MILLS RD, ,Major Arterial,North York,43.737162,-79.34344,Intersection,At Intersection,Traffic Signal,Clear,Dark,Dry,Non-Fatal Injury,Cyclist Collisions,Driver,15 to 19,None,0,West,"Automobile, Station Wagon",Going Ahead,Driving Properly,Normal, , , , , , , ,Yes,Yes, , , , , , ,Yes, , , ,33,,,42,,1274
-79.429126,43.638571,80559522,5000471900,2015,2015-03-20T04:00:00.000Z,2020,20,KING ST W,TYNDALL AVE, ,Major Arterial,Toronto and East York,43.638571,-79.429126,Intersection,At Intersection,Stop Sign,Clear,"Dark, artificial",Dry,Non-Fatal Injury,Cyclist Collisions,Driver,55 to 59,None,0,North,"Automobile, Station Wagon",Turning Left,Failed to Yield Right of Way,Inattentive, , , , , , , ,Yes,Yes, , , , , , ,Yes, , , ,14,,,85,,1275
-79.429126,43.638571,80559523,5000471900,2015,2015-03-20T04:00:00.000Z,2020,20,KING ST W,TYNDALL AVE, ,Major Arterial,Toronto and East York,43.638571,-79.429126,Intersection,At Intersection,Stop Sign,Clear,"Dark, artificial",Dry,Non-Fatal Injury,Cyclist Collisions,Cyclist,45 to 49,Major,0,West,Bicycle,Going Ahead, , , , , ,Motorist turned left across cyclists path.,Driving Properly,Normal, ,Yes,Yes, , , , , , ,Yes, , , ,14,,,85,,1276
-79.42559,43.700945,5865152,1120536,2009,2009-07-13T04:00:00.000Z,2028,20,EGLINTON AVE W,BATHURST ST, ,Major Arterial,Toronto and East York,43.700945,-79.42559,Intersection, ,Traffic Signal,Clear,Daylight,Dry,Non-Fatal Injury,Cyclist Collisions,Vehicle Owner,unknown, ,0, ,Other, , , , , , , , , , ,Yes,Yes, , , , , , , , , , ,"13,53",,,106,,1277
-79.42559,43.700945,5865153,1120536,2009,2009-07-13T04:00:00.000Z,2028,20,EGLINTON AVE W,BATHURST ST, ,Major Arterial,Toronto and East York,43.700945,-79.42559,Intersection, ,Traffic Signal,Clear,Daylight,Dry,Non-Fatal Injury,Cyclist Collisions,Driver,20 to 24,None,0,North,"Automobile, Station Wagon",Turning Left,Driving Properly,Normal, , , , , , , ,Yes,Yes, , , , , , , , , , ,"13,53",,,106,,1278
-79.42559,43.700945,5865154,1120536,2009,2009-07-13T04:00:00.000Z,2028,20,EGLINTON AVE W,BATHURST ST, ,Major Arterial,Toronto and East York,43.700945,-79.42559,Intersection, ,Traffic Signal,Clear,Daylight,Dry,Non-Fatal Injury,Cyclist Collisions,Cyclist,20 to 24,Major,0,South,Bicycle,Going Ahead, , , , , ,"Cyclist without ROW rides into path of motorist at inter, lnwy, dwy-Cyclist not turn.",Disobeyed Traffic Control,Normal, ,Yes,Yes, , , , , , , , , , ,"13,53",,,106,,1279
-79.582073,43.743193,80918691,7001954444,2017,2017-10-27T04:00:00.000Z,2031,20,FINCH  AVE W,KIPLING  AVE, ,Major Arterial,Etobicoke York,43.743193,-79.582073,Intersection,At Intersection,Traffic Signal,Clear,Dark,Dry,Non-Fatal Injury,Cyclist Collisions,Cyclist,30 to 34,Minor,0,West,Bicycle,Going Ahead, , , , , ,Cyclist and Driver travelling in same direction. One vehicle rear-ended the other.,Other,Normal, ,Yes,Yes, , , , , , , , , , ,23,,,3,,1280
-79.582073,43.743193,80918692,7001954444,2017,2017-10-27T04:00:00.000Z,2031,20,FINCH  AVE W,KIPLING  AVE, ,Major Arterial,Etobicoke York,43.743193,-79.582073,Intersection,At Intersection,Traffic Signal,Clear,Dark,Dry,Non-Fatal Injury,Cyclist Collisions,Driver,45 to 49,Major,0,South,"Automobile, Station Wagon",Going Ahead,Driving Properly,Normal, , , , , , , ,Yes,Yes, , , , , , , , , , ,23,,,3,,1281
-79.376674,43.662345,80632446,6000721028,2016,2016-04-27T04:00:00.000Z,2038,20,JARVIS ST,CARLTON ST, ,Major Arterial,Toronto and East York,43.662345,-79.376674,Intersection,At Intersection,Traffic Signal,Clear,"Dark, artificial",Dry,Non-Fatal Injury,Cyclist Collisions,Driver,30 to 34,None,0,North,"Automobile, Station Wagon",Going Ahead,Disobeyed Traffic Control,Normal, , , , , , , ,Yes,Yes, , , , , , ,Yes,Yes, , ,51,,,73,,1282
-79.376674,43.662345,80632447,6000721028,2016,2016-04-27T04:00:00.000Z,2038,20,JARVIS ST,CARLTON ST, ,Major Arterial,Toronto and East York,43.662345,-79.376674,Intersection,At Intersection,Traffic Signal,Clear,"Dark, artificial",Dry,Non-Fatal Injury,Cyclist Collisions,Cyclist,25 to 29,Major,0,West,Bicycle,Going Ahead, , , , , ,"Motorist without ROW drives into path of cyclist at inter, lnwy, dwy-Driver not turn.",Disobeyed Traffic Control,Normal, ,Yes,Yes, , , , , , ,Yes,Yes, , ,51,,,73,,1283
-79.17509,43.775445,5289851,1126624,2009,2009-08-16T04:00:00.000Z,2040,20,4660 KINGSTON Road, , ,Major Arterial,Scarborough,43.775445,-79.17509,Intersection, ,No Control,Clear,Dark,Dry,Non-Fatal Injury,Cyclist Collisions,Driver,unknown,None,0,South,"Automobile, Station Wagon",Going Ahead,Failed to Yield Right of Way,Unknown, , , , , , , ,Yes,Yes, , , , , , ,Yes, , , ,43,,,136,,1284