X,Y,Index_,ACCNUM,YEAR,DATE,TIME,Hour,STREET1,STREET2,OFFSET,ROAD_CLASS,District,LATITUDE,LONGITUDE,LOCCOORD,ACCLOC,TRAFFCTL,VISIBILITY,LIGHT,RDSFCOND,ACCLASS,IMPACTYPE,INVTYPE,INVAGE,INJURY,FATAL_NO,INITDIR,VEHTYPE,MANOEUVER,DRIVACT,DRIVCOND,PEDTYPE,PEDACT,PEDCOND,CYCLISTYPE,CYCACT,CYCCOND,PEDESTRIAN,CYCLIST,AUTOMOBILE,MOTORCYCLE,TRUCK,TRSN_CITY_,EMERG_VEH,PASSENGER,SPEEDING,AG_DRIV,REDLIGHT,ALCOHOL,DISABILITY,Division,Ward_Name,Ward_ID,Hood_ID,Hood_Name,ObjectId
-79.17509,43.775445,5289852,1126624,2009,2009-08-16T04:00:00.000Z,2040,20,4660 KINGSTON Road, , ,Major Arterial,Scarborough,43.775445,-79.17509,Intersection, ,No Control,Clear,Dark,Dry,Non-Fatal Injury,Cyclist Collisions,Cyclist,55 to 59,Major,0,East,Bicycle,Going Ahead, , , , , ,"Motorist without ROW drives into path of cyclist at inter, lnwy, dwy-Driver not turn.",Driving Properly,Unknown, ,Yes,Yes, , , , , , ,Yes, , , ,43,,,136,,1285
-79.51259,43.728245,5374506,1044949,2008,2008-06-25T04:00:00.000Z,2040,20,136 NEAMES CRES, , ,Local,Etobicoke York,43.728245,-79.51259,Mid-Block, ,No Control,Clear,Daylight,Dry,Non-Fatal Injury,Cyclist Collisions,Passenger,35 to 39,None,0, ,Other, , , , , , , , , , ,Yes,Yes, , , , ,Yes, , , , , ,31,,,26,,1286
-79.51259,43.728245,5374507,1044949,2008,2008-06-25T04:00:00.000Z,2040,20,136 NEAMES CRES, , ,Local,Etobicoke York,43.728245,-79.51259,Mid-Block, ,No Control,Clear,Daylight,Dry,Non-Fatal Injury,Cyclist Collisions,Driver,35 to 39,None,0,North,"Automobile, Station Wagon",Going Ahead,Driving Properly,Normal, , , , , , , ,Yes,Yes, , , , ,Yes, , , , , ,31,,,26,,1287
-79.51259,43.728245,5374508,1044949,2008,2008-06-25T04:00:00.000Z,2040,20,136 NEAMES CRES, , ,Local,Etobicoke York,43.728245,-79.51259,Mid-Block, ,No Control,Clear,Daylight,Dry,Non-Fatal Injury,Cyclist Collisions,Cyclist,5 to 9,Major,0,South,Bicycle,Going Ahead, , , , , ,Insufficient information (to determine cyclist crash type).,Other,Inattentive, ,Yes,Yes, , , , ,Yes, , , , , ,31,,,26,,1288
-79.293407,43.685328,80783754,7001616713,2017,2017-09-06T04:00:00.000Z,2040,20,GERRARD ST E,HANNAFORD ST, ,Minor Arterial,Toronto and East York,43.685328,-79.293407,Intersection,At Intersection,No Control,Clear,"Dark, artificial",Dry,Non-Fatal Injury,Cyclist Collisions,Driver,55 to 59,None,0,West,"Automobile, Station Wagon",Turning Left,Improper Turn,Normal, , , , , , , ,Yes,Yes, , , , , , , , , , ,55,,,62,,1289
-79.293407,43.685328,80783755,7001616713,2017,2017-09-06T04:00:00.000Z,2040,20,GERRARD ST E,HANNAFORD ST, ,Minor Arterial,Toronto and East York,43.685328,-79.293407,Intersection,At Intersection,No Control,Clear,"Dark, artificial",Dry,Non-Fatal Injury,Cyclist Collisions,Cyclist,30 to 34,Major,0,East,Bicycle,Going Ahead, , , , , ,Motorist turned left across cyclists path.,Driving Properly,Normal, ,Yes,Yes, , , , , , , , , , ,55,,,62,,1290
-79.43539,43.659845,7441253,1305383,2012,2012-06-05T04:00:00.000Z,2045,20,DUFFERIN ST,BLOOR ST W, ,Major Arterial,Toronto and East York,43.659845,-79.43539,Intersection,At Intersection,Traffic Signal,Clear,Dusk,Dry,Non-Fatal Injury,Cyclist Collisions,Driver,25 to 29,None,0,North,"Automobile, Station Wagon",Going Ahead,Driving Properly,Normal, , , , , , , ,Yes,Yes, , , , ,Yes, , , , , ,"11,14",,,83,,1291
-79.43539,43.659845,7441254,1305383,2012,2012-06-05T04:00:00.000Z,2045,20,DUFFERIN ST,BLOOR ST W, ,Major Arterial,Toronto and East York,43.659845,-79.43539,Intersection,At Intersection,Traffic Signal,Clear,Dusk,Dry,Non-Fatal Injury,Cyclist Collisions,Passenger,30 to 34,None,0, ,Other, , , , , , , , , , ,Yes,Yes, , , , ,Yes, , , , , ,"11,14",,,83,,1292
-79.43539,43.659845,7441255,1305383,2012,2012-06-05T04:00:00.000Z,2045,20,DUFFERIN ST,BLOOR ST W, ,Major Arterial,Toronto and East York,43.659845,-79.43539,Intersection,At Intersection,Traffic Signal,Clear,Dusk,Dry,Non-Fatal Injury,Cyclist Collisions,Passenger,20 to 24,None,0, ,Other, , , , , , , , , , ,Yes,Yes, , , , ,Yes, , , , , ,"11,14",,,83,,1293
-79.43539,43.659845,7441256,1305383,2012,2012-06-05T04:00:00.000Z,2045,20,DUFFERIN ST,BLOOR ST W, ,Major Arterial,Toronto and East York,43.659845,-79.43539,Intersection,At Intersection,Traffic Signal,Clear,Dusk,Dry,Non-Fatal Injury,Cyclist Collisions,Cyclist,20 to 24,Major,0,West,Bicycle,Going Ahead, , , , , ,"Cyclist without ROW rides into path of motorist at inter, lnwy, dwy-Cyclist not turn.",Disobeyed Traffic Control,Unknown, ,Yes,Yes, , , , ,Yes, , , , , ,"11,14",,,83,,1294
-79.436054,43.651053,80632267,6001862709,2016,2016-10-19T04:00:00.000Z,2046,20,BROCK AVE,MOUTRAY ST, ,Collector,Toronto and East York,43.651053,-79.436054,Intersection,At Intersection,No Control,Clear,"Dark, artificial",Dry,Non-Fatal Injury,Cyclist Collisions,Driver,20 to 24,None,0,North,"Automobile, Station Wagon",Turning Left,Improper Turn,Normal, , , , , , , ,Yes,Yes, , , , , , , , , , ,11,,,84,,1295
-79.436054,43.651053,80632268,6001862709,2016,2016-10-19T04:00:00.000Z,2046,20,BROCK AVE,MOUTRAY ST, ,Collector,Toronto and East York,43.651053,-79.436054,Intersection,At Intersection,No Control,Clear,"Dark, artificial",Dry,Non-Fatal Injury,Cyclist Collisions,Cyclist,30 to 34,Major,0,South,Bicycle,Going Ahead, , , , , ,Motorist turned left across cyclists path.,Driving Properly,Normal, ,Yes,Yes, , , , , , , , , , ,11,,,84,,1296
-79.25129,43.718745,5410888,1060768,2008,2008-09-10T04:00:00.000Z,2047,20,ST CLAIR Aven E,MIDLAND Aven, ,Minor Arterial,Scarborough,43.718745,-79.25129,Intersection,At Intersection,Traffic Signal,Clear,Daylight,Dry,Non-Fatal Injury,Cyclist Collisions,Driver,65 to 69,None,0,South,"Automobile, Station Wagon",Turning Left,Failed to Yield Right of Way,Normal, , , , , , , ,Yes,Yes, , , , , , ,Yes, , , ,41,,,123,,1297
-79.25129,43.718745,5410889,1060768,2008,2008-09-10T04:00:00.000Z,2047,20,ST CLAIR Aven E,MIDLAND Aven, ,Minor Arterial,Scarborough,43.718745,-79.25129,Intersection,At Intersection,Traffic Signal,Clear,Daylight,Dry,Non-Fatal Injury,Cyclist Collisions,Cyclist,55 to 59,Major,0,North,Bicycle,Going Ahead, , , , , ,Motorist turned left across cyclists path.,Other,Had Been Drinking, ,Yes,Yes, , , , , , ,Yes, , , ,41,,,123,,1298
-79.39329,43.648345,7485583,1324043,2012,2012-09-27T04:00:00.000Z,2055,20,RICHMOND St W,PETER St, ,Major Arterial,Toronto and East York,43.648345,-79.39329,Intersection,At Intersection,Traffic Signal,Clear,"Dark, artificial",Dry,Non-Fatal Injury,Cyclist Collisions,Vehicle Owner,unknown, ,0, ,Other, , , , , , , , , , ,Yes,Yes, , , , , , , , , , ,52,,,77,,1299
-79.39329,43.648345,7485584,1324043,2012,2012-09-27T04:00:00.000Z,2055,20,RICHMOND St W,PETER St, ,Major Arterial,Toronto and East York,43.648345,-79.39329,Intersection,At Intersection,Traffic Signal,Clear,"Dark, artificial",Dry,Non-Fatal Injury,Cyclist Collisions,Driver,45 to 49,None,0,West,"Automobile, Station Wagon",Going Ahead,Driving Properly,Normal, , , , , , , ,Yes,Yes, , , , , , , , , , ,52,,,77,,1300
-79.39329,43.648345,7485585,1324043,2012,2012-09-27T04:00:00.000Z,2055,20,RICHMOND St W,PETER St, ,Major Arterial,Toronto and East York,43.648345,-79.39329,Intersection,At Intersection,Traffic Signal,Clear,"Dark, artificial",Dry,Non-Fatal Injury,Cyclist Collisions,Cyclist,35 to 39,Major,0,South,Bicycle,Going Ahead, , , , , ,"Cyclist without ROW rides into path of motorist at inter, lnwy, dwy-Cyclist not turn.",Disobeyed Traffic Control,Inattentive, ,Yes,Yes, , , , , , , , , , ,52,,,77,,1301
-79.189586,43.767646,7816203,1355187,2013,2013-05-07T04:00:00.000Z,2100,21,LAWRENCE AVE E,KINGSTON RD, ,Major Arterial,Scarborough,43.767646,-79.189586,Intersection,At Intersection,Traffic Signal,Clear,"Dark, artificial",Dry,Non-Fatal Injury,Cyclist Collisions,Vehicle Owner,unknown, ,0, ,Other, , , , , , , , , , ,Yes, , , ,Yes, , , , , , , ,43,,,136,,1302
-79.189586,43.767646,7816204,1355187,2013,2013-05-07T04:00:00.000Z,2100,21,LAWRENCE AVE E,KINGSTON RD, ,Major Arterial,Scarborough,43.767646,-79.189586,Intersection,At Intersection,Traffic Signal,Clear,"Dark, artificial",Dry,Non-Fatal Injury,Cyclist Collisions,Driver,35 to 39,None,0,East,Municipal Transit Bus (TTC),Going Ahead,Driving Properly,Normal, , , , , , , ,Yes, , , ,Yes, , , , , , , ,43,,,136,,1303
-79.189586,43.767646,7816205,1355187,2013,2013-05-07T04:00:00.000Z,2100,21,LAWRENCE AVE E,KINGSTON RD, ,Major Arterial,Scarborough,43.767646,-79.189586,Intersection,At Intersection,Traffic Signal,Clear,"Dark, artificial",Dry,Non-Fatal Injury,Cyclist Collisions,Cyclist,10 to 14,Major,0,North,Bicycle,Going Ahead, , , , , ,"Cyclist without ROW rides into path of motorist at inter, lnwy, dwy-Cyclist not turn.",Disobeyed Traffic Control,Inattentive, ,Yes, , , ,Yes, , , , , , , ,43,,,136,,1304
-79.449741,43.694426,80247821,5001404450,2015,2015-08-15T04:00:00.000Z,2100,21,DUFFERIN ST,HUNTER AVE, ,Major Arterial,Toronto and East York,43.694426,-79.449741,Intersection,At Intersection,No Control,Clear,"Dark, artificial",Dry,Non-Fatal Injury,Cyclist Collisions,Driver,70 to 74,None,0,North,"Automobile, Station Wagon",Turning Left,Improper Turn,Normal, , , , , , , ,Yes,Yes, , , , , , , , , , ,13,,,107,,1305
-79.449741,43.694426,80247822,5001404450,2015,2015-08-15T04:00:00.000Z,2100,21,DUFFERIN ST,HUNTER AVE, ,Major Arterial,Toronto and East York,43.694426,-79.449741,Intersection,At Intersection,No Control,Clear,"Dark, artificial",Dry,Non-Fatal Injury,Cyclist Collisions,Cyclist,50 to 54,Major,0,South,Bicycle,Going Ahead, , , , , ,Motorist turned left across cyclists path.,Driving Properly,Normal, ,Yes,Yes, , , , , , , , , , ,13,,,107,,1306
-79.25279,43.703945,5285163,1124595,2009,2009-09-14T04:00:00.000Z,2103,21,KINGSTON RD,CLIFFSIDE DR, ,Major Arterial,Scarborough,43.703945,-79.25279,Intersection,At Intersection,Traffic Signal,Clear,Dark,Dry,Non-Fatal Injury,Cyclist Collisions,Driver,30 to 34,Minor,0,West,"Automobile, Station Wagon",Going Ahead,Driving Properly,Normal, , , , , , , ,Yes,Yes, , , , ,Yes, , , , , ,41,,,122,,1307
-79.25279,43.703945,5285164,1124595,2009,2009-09-14T04:00:00.000Z,2103,21,KINGSTON RD,CLIFFSIDE DR, ,Major Arterial,Scarborough,43.703945,-79.25279,Intersection,At Intersection,Traffic Signal,Clear,Dark,Dry,Non-Fatal Injury,Cyclist Collisions,Passenger,50 to 54,Minor,0, ,Other,Other, , , , , , , , , ,Yes,Yes, , , , ,Yes, , , , , ,41,,,122,,1308
-79.25279,43.703945,5285165,1124595,2009,2009-09-14T04:00:00.000Z,2103,21,KINGSTON RD,CLIFFSIDE DR, ,Major Arterial,Scarborough,43.703945,-79.25279,Intersection,At Intersection,Traffic Signal,Clear,Dark,Dry,Non-Fatal Injury,Cyclist Collisions,Cyclist,45 to 49,Major,0, ,Bicycle,Going Ahead, , , , , ,"Cyclist without ROW rides into path of motorist at inter, lnwy, dwy-Cyclist not turn.",Disobeyed Traffic Control,"Ability Impaired, Alcohol Over .80", ,Yes,Yes, , , , ,Yes, , , , , ,41,,,122,,1309
-79.311801,43.683352,80944297,8000979295,2018,2018-05-30T04:00:00.000Z,2103,21,WOODBINE  AVE,MERRILL AVE E, ,Major Arterial,Toronto and East York,43.683352,-79.311801,Intersection,At Intersection,No Control,Clear,"Dark, artificial",Dry,Non-Fatal Injury,Cyclist Collisions,Cyclist,20 to 24,Major,0,South,Bicycle,Going Ahead, , , , , ,"Cyclist without ROW rides into path of motorist at inter, lnwy, dwy-Cyclist not turn.",Speed too Fast For Condition,Normal, ,Yes,Yes, , , , , , , , , , ,55,,,62,,1310
-79.311801,43.683352,80944298,8000979295,2018,2018-05-30T04:00:00.000Z,2103,21,WOODBINE  AVE,MERRILL AVE E, ,Major Arterial,Toronto and East York,43.683352,-79.311801,Intersection,At Intersection,No Control,Clear,"Dark, artificial",Dry,Non-Fatal Injury,Cyclist Collisions,Driver,30 to 34,None,0,North,"Automobile, Station Wagon",Turning Left,Driving Properly,Normal, , , , , , , ,Yes,Yes, , , , , , , , , , ,55,,,62,,1311
-79.37999,43.654045,7844809,1367433,2013,2013-06-04T04:00:00.000Z,2104,21,YONGE ST,SHUTER ST, ,Major Arterial,Toronto and East York,43.654045,-79.37999,Intersection, ,Traffic Signal,Clear,"Dark, artificial",Dry,Non-Fatal Injury,Cyclist Collisions,Vehicle Owner,unknown, ,0, ,Other, , , , , , , , , , ,Yes,Yes, , , , , , , , , , ,"51,52",,,76,,1312
-79.37999,43.654045,7844810,1367433,2013,2013-06-04T04:00:00.000Z,2104,21,YONGE ST,SHUTER ST, ,Major Arterial,Toronto and East York,43.654045,-79.37999,Intersection, ,Traffic Signal,Clear,"Dark, artificial",Dry,Non-Fatal Injury,Cyclist Collisions,Driver,40 to 44,None,0,South,"Automobile, Station Wagon",Making U Turn,Improper Turn,Inattentive, , , , , , , ,Yes,Yes, , , , , , , , , , ,"51,52",,,76,,1313
-79.37999,43.654045,7844811,1367433,2013,2013-06-04T04:00:00.000Z,2104,21,YONGE ST,SHUTER ST, ,Major Arterial,Toronto and East York,43.654045,-79.37999,Intersection, ,Traffic Signal,Clear,"Dark, artificial",Dry,Non-Fatal Injury,Cyclist Collisions,Cyclist,30 to 34,Major,0,South,Bicycle,Going Ahead, , , , , ,Motorist makes u-turn in-front of cyclist.,Driving Properly,Normal, ,Yes,Yes, , , , , , , , , , ,"51,52",,,76,,1314
-79.24449,43.749545,6101709,1150406,2010,2010-01-07T05:00:00.000Z,2108,21,DANFORTH Road,MACKINAC Cres, ,Major Arterial,Scarborough,43.749545,-79.24449,Intersection, ,No Control,Clear,Dark,Dry,Non-Fatal Injury,Cyclist Collisions,Vehicle Owner,unknown, ,0, ,Other, , , , , , , , , , ,Yes,Yes, , , , , , ,Yes, , , ,43,,,127,,1315
-79.24449,43.749545,6101710,1150406,2010,2010-01-07T05:00:00.000Z,2108,21,DANFORTH Road,MACKINAC Cres, ,Major Arterial,Scarborough,43.749545,-79.24449,Intersection, ,No Control,Clear,Dark,Dry,Non-Fatal Injury,Cyclist Collisions,Driver,20 to 24,None,0,North,"Automobile, Station Wagon",Overtaking,Failed to Yield Right of Way,Inattentive, , , , , , , ,Yes,Yes, , , , , , ,Yes, , , ,43,,,127,,1316
-79.24449,43.749545,6101711,1150406,2010,2010-01-07T05:00:00.000Z,2108,21,DANFORTH Road,MACKINAC Cres, ,Major Arterial,Scarborough,43.749545,-79.24449,Intersection, ,No Control,Clear,Dark,Dry,Non-Fatal Injury,Cyclist Collisions,Cyclist,40 to 44,Major,0,North,Bicycle,Going Ahead, , , , , ,Cyclist and Driver travelling in same direction. One vehicle rear-ended the other.,Driving Properly,Normal, ,Yes,Yes, , , , , , ,Yes, , , ,43,,,127,,1317
-79.31689,43.821345,7807807,1351458,2013,2013-04-12T04:00:00.000Z,2110,21,STEELES Ave E,BIRCHMOUNT Rd, ,Major Arterial,Scarborough,43.821345,-79.31689,Intersection,At Intersection,Traffic Signal,Clear,"Dark, artificial",Wet,Non-Fatal Injury,Cyclist Collisions,Driver,45 to 49,Minor,0,West,"Automobile, Station Wagon",Turning Left,Failed to Yield Right of Way,Normal, , , , , , , ,Yes,Yes, , , , ,Yes, ,Yes, , , ,42,,,116,,1318
-79.31689,43.821345,7807808,1351458,2013,2013-04-12T04:00:00.000Z,2110,21,STEELES Ave E,BIRCHMOUNT Rd, ,Major Arterial,Scarborough,43.821345,-79.31689,Intersection,At Intersection,Traffic Signal,Clear,"Dark, artificial",Wet,Non-Fatal Injury,Cyclist Collisions,Passenger,25 to 29,Minimal,0, ,Other, , , , , , , , , , ,Yes,Yes, , , , ,Yes, ,Yes, , , ,42,,,116,,1319
-79.31689,43.821345,7807809,1351458,2013,2013-04-12T04:00:00.000Z,2110,21,STEELES Ave E,BIRCHMOUNT Rd, ,Major Arterial,Scarborough,43.821345,-79.31689,Intersection,At Intersection,Traffic Signal,Clear,"Dark, artificial",Wet,Non-Fatal Injury,Cyclist Collisions,Passenger,25 to 29,Minimal,0, ,Other, , , , , , , , , , ,Yes,Yes, , , , ,Yes, ,Yes, , , ,42,,,116,,1320
-79.31689,43.821345,7807810,1351458,2013,2013-04-12T04:00:00.000Z,2110,21,STEELES Ave E,BIRCHMOUNT Rd, ,Major Arterial,Scarborough,43.821345,-79.31689,Intersection,At Intersection,Traffic Signal,Clear,"Dark, artificial",Wet,Non-Fatal Injury,Cyclist Collisions,Driver,20 to 24,Minimal,0,East,"Automobile, Station Wagon",Going Ahead,Driving Properly,Normal, , , , , , , ,Yes,Yes, , , , ,Yes, ,Yes, , , ,42,,,116,,1321
-79.31689,43.821345,7807811,1351458,2013,2013-04-12T04:00:00.000Z,2110,21,STEELES Ave E,BIRCHMOUNT Rd, ,Major Arterial,Scarborough,43.821345,-79.31689,Intersection,At Intersection,Traffic Signal,Clear,"Dark, artificial",Wet,Non-Fatal Injury,Cyclist Collisions,Cyclist,55 to 59,Major,0,East,Bicycle,Going Ahead, , , , , ,Insufficient information (to determine cyclist crash type).,Driving Properly,Normal, ,Yes,Yes, , , , ,Yes, ,Yes, , , ,42,,,116,,1322
-79.340793,43.662745,6178401,1184180,2010,2010-07-09T04:00:00.000Z,2115,21,CARLAW Ave,COLGATE Ave, ,Minor Arterial,Toronto and East York,43.662745,-79.340793,Mid-Block, ,No Control,Clear,Dark,Dry,Non-Fatal Injury,Sideswipe,Passenger,45 to 49,Minor,0, , , , , , , , , , , , ,Yes,Yes, , , , ,Yes, , , , , ,55,,,70,,1323
-79.340793,43.662745,6178402,1184180,2010,2010-07-09T04:00:00.000Z,2115,21,CARLAW Ave,COLGATE Ave, ,Minor Arterial,Toronto and East York,43.662745,-79.340793,Mid-Block, ,No Control,Clear,Dark,Dry,Non-Fatal Injury,Sideswipe,Driver,45 to 49,None,0,North,"Automobile, Station Wagon",Parked,Other,Normal, , , , , , , ,Yes,Yes, , , , ,Yes, , , , , ,55,,,70,,1324
-79.340793,43.662745,6178403,1184180,2010,2010-07-09T04:00:00.000Z,2115,21,CARLAW Ave,COLGATE Ave, ,Minor Arterial,Toronto and East York,43.662745,-79.340793,Mid-Block, ,No Control,Clear,Dark,Dry,Non-Fatal Injury,Sideswipe,Vehicle Owner,unknown, ,0, , , , , , , , , , , , ,Yes,Yes, , , , ,Yes, , , , , ,55,,,70,,1325
-79.340793,43.662745,6178404,1184180,2010,2010-07-09T04:00:00.000Z,2115,21,CARLAW Ave,COLGATE Ave, ,Minor Arterial,Toronto and East York,43.662745,-79.340793,Mid-Block, ,No Control,Clear,Dark,Dry,Non-Fatal Injury,Sideswipe,Passenger,15 to 19,Major,0, , , , , , , , , , , , ,Yes,Yes, , , , ,Yes, , , , , ,55,,,70,,1326
-79.340793,43.662745,6178405,1184180,2010,2010-07-09T04:00:00.000Z,2115,21,CARLAW Ave,COLGATE Ave, ,Minor Arterial,Toronto and East York,43.662745,-79.340793,Mid-Block, ,No Control,Clear,Dark,Dry,Non-Fatal Injury,Sideswipe,Moped Driver,15 to 19,None,0,North,Moped, , , , , , , , , , ,Yes,Yes, , , , ,Yes, , , , , ,55,,,70,,1327
-79.404765,43.668948,80494517,5002105318,2015,2015-12-08T05:00:00.000Z,2115,21,LOWTHER AVE,SPADINA RD,5 m South of,Minor Arterial,Toronto and East York,43.668948,-79.404765,Intersection,Intersection Related,Traffic Signal,Rain,"Dark, artificial",Wet,Non-Fatal Injury,Cyclist Collisions,Cyclist,20 to 24,Major,0,North,Bicycle,Turning Left, , , , , ,Cyclist turned left across motorists path.,Improper Turn,Normal, ,Yes,Yes, , , , ,Yes, , , , , ,"14,53",,,95,,1328
-79.404765,43.668948,80494518,5002105318,2015,2015-12-08T05:00:00.000Z,2115,21,LOWTHER AVE,SPADINA RD,5 m South of,Minor Arterial,Toronto and East York,43.668948,-79.404765,Intersection,Intersection Related,Traffic Signal,Rain,"Dark, artificial",Wet,Non-Fatal Injury,Cyclist Collisions,Driver,50 to 54,None,0,South,"Automobile, Station Wagon",Going Ahead,Driving Properly,Normal, , , , , , , ,Yes,Yes, , , , ,Yes, , , , , ,"14,53",,,95,,1329
-79.404765,43.668948,80494519,5002105318,2015,2015-12-08T05:00:00.000Z,2115,21,LOWTHER AVE,SPADINA RD,5 m South of,Minor Arterial,Toronto and East York,43.668948,-79.404765,Intersection,Intersection Related,Traffic Signal,Rain,"Dark, artificial",Wet,Non-Fatal Injury,Cyclist Collisions,Passenger,15 to 19,None,0, , , , , , , , , , , , ,Yes,Yes, , , , ,Yes, , , , , ,"14,53",,,95,,1330
-79.404765,43.668948,80494520,5002105318,2015,2015-12-08T05:00:00.000Z,2115,21,LOWTHER AVE,SPADINA RD,5 m South of,Minor Arterial,Toronto and East York,43.668948,-79.404765,Intersection,Intersection Related,Traffic Signal,Rain,"Dark, artificial",Wet,Non-Fatal Injury,Cyclist Collisions,Passenger,10 to 14,None,0, , , , , , , , , , , , ,Yes,Yes, , , , ,Yes, , , , , ,"14,53",,,95,,1331
-79.429668,43.652896,80171466,4002735786,2014,2014-08-19T04:00:00.000Z,2120,21,COLLEGE ST,RUSHOLME PARK CRT, ,Major Arterial,Toronto and East York,43.652896,-79.429668,Intersection,At Intersection,Stop Sign,Clear,"Dark, artificial",Dry,Non-Fatal Injury,Cyclist Collisions,Driver,25 to 29,None,0,East,Delivery Van,Turning Right,Improper Turn,Inattentive, , , , , , , ,Yes,Yes, , , , , , , , , , ,14,,,84,,1332
-79.429668,43.652896,80171467,4002735786,2014,2014-08-19T04:00:00.000Z,2120,21,COLLEGE ST,RUSHOLME PARK CRT, ,Major Arterial,Toronto and East York,43.652896,-79.429668,Intersection,At Intersection,Stop Sign,Clear,"Dark, artificial",Dry,Non-Fatal Injury,Cyclist Collisions,Cyclist,40 to 44,Major,0,North,Bicycle,Going Ahead, , , , , ,"Motorist turns right at non-signal Inter.(stop, yield, no cont.,and dwy) and strikes cyclist.",Driving Properly,Normal, ,Yes,Yes, , , , , , , , , , ,14,,,84,,1333
-79.423084,43.675551,7871852,1379135,2013,2013-07-17T04:00:00.000Z,2124,21,CHRISTIE St,DAVENPORT Rd, ,Minor Arterial,Toronto and East York,43.675551,-79.423084,Intersection,At Intersection,Traffic Signal,Clear,Dark,Dry,Non-Fatal Injury,Cyclist Collisions,Driver,60 to 64,None,0,North,"Automobile, Station Wagon",Turning Left,Failed to Yield Right of Way,Inattentive, , , , , , , ,Yes,Yes, , , , , , ,Yes, , , ,13,,,94,,1334
-79.423084,43.675551,7871853,1379135,2013,2013-07-17T04:00:00.000Z,2124,21,CHRISTIE St,DAVENPORT Rd, ,Minor Arterial,Toronto and East York,43.675551,-79.423084,Intersection,At Intersection,Traffic Signal,Clear,Dark,Dry,Non-Fatal Injury,Cyclist Collisions,Cyclist,35 to 39,Major,0,South,Bicycle,Going Ahead, , , , , ,Motorist turned left across cyclists path.,Driving Properly,Normal, ,Yes,Yes, , , , , , ,Yes, , , ,13,,,94,,1335
-79.432575,43.674491,7859462,1373747,2013,2013-06-25T04:00:00.000Z,2126,21,1173 DAVENPORT RD, , ,Minor Arterial,Toronto and East York,43.674491,-79.432575,Intersection,Intersection Related,No Control,Clear,"Dusk, artificial",Dry,Non-Fatal Injury,Cyclist Collisions,Driver,30 to 34,None,0,East,Pick Up Truck,Stopped,Other,Inattentive, , , , , , , ,Yes,Yes, , , , , , , , , , ,13,,,94,,1336
-79.432575,43.674491,7859463,1373747,2013,2013-06-25T04:00:00.000Z,2126,21,1173 DAVENPORT RD, , ,Minor Arterial,Toronto and East York,43.674491,-79.432575,Intersection,Intersection Related,No Control,Clear,"Dusk, artificial",Dry,Non-Fatal Injury,Cyclist Collisions,Cyclist,25 to 29,Major,0,East,Bicycle,Going Ahead, , , , , ,Cyclist struck opened vehicle door,Driving Properly,Normal, ,Yes,Yes, , , , , , , , , , ,13,,,94,,1337
-79.40479,43.668945,7425312,1298696,2012,2012-04-19T04:00:00.000Z,2127,21,SPADINA RD,LOWTHER AVE, ,Minor Arterial,Toronto and East York,43.668945,-79.40479,Intersection,At Intersection,Traffic Signal,Clear,"Dark, artificial",Dry,Non-Fatal Injury,Cyclist Collisions,Driver,45 to 49,None,0,North,"Automobile, Station Wagon",Turning Left,Improper Turn,Normal, , , , , , , ,Yes,Yes, , , , , , , , , , ,"14,53",,,95,,1338
-79.40479,43.668945,7425313,1298696,2012,2012-04-19T04:00:00.000Z,2127,21,SPADINA RD,LOWTHER AVE, ,Minor Arterial,Toronto and East York,43.668945,-79.40479,Intersection,At Intersection,Traffic Signal,Clear,"Dark, artificial",Dry,Non-Fatal Injury,Cyclist Collisions,Cyclist,30 to 34,Major,0,South,Bicycle,Going Ahead, , , , , ,Motorist turned left across cyclists path.,Driving Properly,Normal, ,Yes,Yes, , , , , , , , , , ,"14,53",,,95,,1339
-79.563464,43.653208,80632054,6001283246,2016,2016-07-21T04:00:00.000Z,2127,21,THE EAST MALL,RATHBURN RD,137 m South of,Minor Arterial,Etobicoke York,43.653208,-79.563464,Mid-Block,Non Intersection,No Control,Clear,"Dark, artificial",Dry,Non-Fatal Injury,Cyclist Collisions,Driver,65 to 69,None,0,West,Passenger Van,Reversing,Other,Normal, , , , , , , ,Yes,Yes, , , , ,Yes, , , , , ,22,,,14,,1340
-79.563464,43.653208,80632055,6001283246,2016,2016-07-21T04:00:00.000Z,2127,21,THE EAST MALL,RATHBURN RD,137 m South of,Minor Arterial,Etobicoke York,43.653208,-79.563464,Mid-Block,Non Intersection,No Control,Clear,"Dark, artificial",Dry,Non-Fatal Injury,Cyclist Collisions,Cyclist,20 to 24,Major,0,South,Bicycle,Going Ahead, , , , , ,Motorist reversing struck cyclist.,Driving Properly,Other, ,Yes,Yes, , , , ,Yes, , , , , ,22,,,14,,1341